[30Sep2026 22:40:22.500] [main/INFO] [cpw.mods.modlauncher.Launcher/MODLAUNCHER]: ModLauncher running: args [--launchTarget, forgeserver, --fml.neoForgeVersion, 21.1.248, --fml.fmlVersion, 4.0.43, --fml.mcVersion, 1.21.1, --fml.neoFormVersion, 20240808.144430]
[30Sep2026 22:40:22.508] [main/INFO] [cpw.mods.modlauncher.Launcher/MODLAUNCHER]: JVM identified as Oracle Corporation Java HotSpot(TM) 64-Bit Server VM 21.0.12.1+1-LTS-4
[30Sep2026 22:40:22.524] [main/INFO] [cpw.mods.modlauncher.Launcher/MODLAUNCHER]: ModLauncher 11.0.5+main.901c6ea8 starting: java version 21.0.12.1 by Oracle Corporation; OS Windows 11 arch amd64 version 10.0
[30Sep2026 22:40:22.574] [main/DEBUG] [cpw.mods.modlauncher.LaunchServiceHandler/MODLAUNCHER]: Found launch services [minecraft,forgeclient,forgedatauserdev,testharness,forgeserverdev,forgeserveruserdev,forgejunitdev,forgeclientdev,forgeclientuserdev,forgeserver,forgejunituserdev,forgedatadev]
[30Sep2026 22:40:22.614] [main/DEBUG] [cpw.mods.modlauncher.LaunchPluginHandler/MODLAUNCHER]: Found launch plugins: [mixin,slf4jfixer,runtime_enum_extender,accesstransformer,runtimedistcleaner]
[30Sep2026 22:40:22.631] [main/DEBUG] [cpw.mods.modlauncher.TransformationServicesHandler/MODLAUNCHER]: Discovering transformation services
[30Sep2026 22:40:22.642] [main/DEBUG] [net.neoforged.fml.loading.FMLPaths/CORE]: Path GAMEDIR is X:\NonSteamGamesOnXray\Minecraft\MinecraftCreateServer-Sept2026
[30Sep2026 22:40:22.642] [main/DEBUG] [net.neoforged.fml.loading.FMLPaths/CORE]: Path MODSDIR is X:\NonSteamGamesOnXray\Minecraft\MinecraftCreateServer-Sept2026\mods
[30Sep2026 22:40:22.642] [main/DEBUG] [net.neoforged.fml.loading.FMLPaths/CORE]: Path CONFIGDIR is X:\NonSteamGamesOnXray\Minecraft\MinecraftCreateServer-Sept2026\config
[30Sep2026 22:40:22.642] [main/DEBUG] [net.neoforged.fml.loading.FMLPaths/CORE]: Path FMLCONFIG is X:\NonSteamGamesOnXray\Minecraft\MinecraftCreateServer-Sept2026\config\fml.toml
[30Sep2026 22:40:22.699] [main/TRACE] [net.neoforged.fml.loading.FMLConfig/CORE]: Loaded FML config from X:\NonSteamGamesOnXray\Minecraft\MinecraftCreateServer-Sept2026\config\fml.toml
[30Sep2026 22:40:22.700] [main/TRACE] [net.neoforged.fml.loading.FMLConfig/CORE]: FMLConfig disableConfigWatcher is false
[30Sep2026 22:40:22.700] [main/TRACE] [net.neoforged.fml.loading.FMLConfig/CORE]: FMLConfig earlyWindowControl is true
[30Sep2026 22:40:22.700] [main/TRACE] [net.neoforged.fml.loading.FMLConfig/CORE]: FMLConfig maxThreads is 24
[30Sep2026 22:40:22.700] [main/TRACE] [net.neoforged.fml.loading.FMLConfig/CORE]: FMLConfig versionCheck is true
[30Sep2026 22:40:22.700] [main/TRACE] [net.neoforged.fml.loading.FMLConfig/CORE]: FMLConfig defaultConfigPath is defaultconfigs
[30Sep2026 22:40:22.701] [main/TRACE] [net.neoforged.fml.loading.FMLConfig/CORE]: FMLConfig disableOptimizedDFU is true
[30Sep2026 22:40:22.701] [main/TRACE] [net.neoforged.fml.loading.FMLConfig/CORE]: FMLConfig earlyWindowProvider is fmlearlywindow
[30Sep2026 22:40:22.701] [main/TRACE] [net.neoforged.fml.loading.FMLConfig/CORE]: FMLConfig earlyWindowWidth is 854
[30Sep2026 22:40:22.701] [main/TRACE] [net.neoforged.fml.loading.FMLConfig/CORE]: FMLConfig earlyWindowHeight is 480
[30Sep2026 22:40:22.701] [main/TRACE] [net.neoforged.fml.loading.FMLConfig/CORE]: FMLConfig earlyWindowFBScale is 1
[30Sep2026 22:40:22.701] [main/TRACE] [net.neoforged.fml.loading.FMLConfig/CORE]: FMLConfig earlyWindowMaximized is false
[30Sep2026 22:40:22.701] [main/TRACE] [net.neoforged.fml.loading.FMLConfig/CORE]: FMLConfig earlyWindowSkipGLVersions is []
[30Sep2026 22:40:22.701] [main/TRACE] [net.neoforged.fml.loading.FMLConfig/CORE]: FMLConfig earlyWindowSquir is false
[30Sep2026 22:40:23.261] [main/DEBUG] [cpw.mods.modlauncher.TransformationServicesHandler/MODLAUNCHER]: Found additional transformation services from discovery services: 
[30Sep2026 22:40:23.269] [main/INFO] [net.neoforged.fml.loading.ImmediateWindowHandler/]: ImmediateWindowProvider not loading because launch target is forgeserver
[30Sep2026 22:40:23.279] [main/DEBUG] [cpw.mods.modlauncher.TransformationServicesHandler/MODLAUNCHER]: Found transformer services : [mixin,fml]
[30Sep2026 22:40:23.279] [main/DEBUG] [cpw.mods.modlauncher.TransformationServicesHandler/MODLAUNCHER]: Transformation services loading
[30Sep2026 22:40:23.280] [main/DEBUG] [cpw.mods.modlauncher.TransformationServiceDecorator/MODLAUNCHER]: Loading service mixin
[30Sep2026 22:40:23.280] [main/DEBUG] [cpw.mods.modlauncher.TransformationServiceDecorator/MODLAUNCHER]: Loaded service mixin
[30Sep2026 22:40:23.280] [main/DEBUG] [cpw.mods.modlauncher.TransformationServiceDecorator/MODLAUNCHER]: Loading service fml
[30Sep2026 22:40:23.280] [main/DEBUG] [net.neoforged.fml.loading.FMLLoader/CORE]: FML 4.0.43 loading
[30Sep2026 22:40:23.280] [main/DEBUG] [net.neoforged.fml.loading.FMLLoader/CORE]: FML found ModLauncher version : 11.0.5+main.901c6ea8
[30Sep2026 22:40:23.280] [main/DEBUG] [net.neoforged.fml.loading.FMLLoader/CORE]: FML found AccessTransformer version : 10.0.1+139da711
[30Sep2026 22:40:23.282] [main/DEBUG] [net.neoforged.fml.loading.FMLLoader/CORE]: FML found EventBus version : null
[30Sep2026 22:40:23.282] [main/DEBUG] [net.neoforged.fml.loading.FMLLoader/CORE]: Found Runtime Dist Cleaner
[30Sep2026 22:40:23.282] [main/DEBUG] [cpw.mods.modlauncher.TransformationServiceDecorator/MODLAUNCHER]: Loaded service fml
[30Sep2026 22:40:23.283] [main/DEBUG] [cpw.mods.modlauncher.TransformationServicesHandler/MODLAUNCHER]: Configuring option handling for services
[30Sep2026 22:40:23.303] [main/DEBUG] [net.neoforged.fml.loading.FMLServiceProvider/CORE]: Received command line version data  : VersionInfo[neoForgeVersion=21.1.248, fmlVersion=4.0.43, mcVersion=1.21.1, neoFormVersion=20240808.144430]
[30Sep2026 22:40:23.304] [main/DEBUG] [cpw.mods.modlauncher.TransformationServicesHandler/MODLAUNCHER]: Transformation services initializing
[30Sep2026 22:40:23.304] [main/DEBUG] [cpw.mods.modlauncher.TransformationServiceDecorator/MODLAUNCHER]: Initializing transformation service mixin
[30Sep2026 22:40:23.322] [main/DEBUG] [mixin/]: MixinService [ModLauncher] was successfully booted in cpw.mods.cl.ModuleClassLoader@6a4f787b
[30Sep2026 22:40:23.339] [main/INFO] [mixin/]: SpongePowered MIXIN Subsystem Version=0.8.7 Source=union:/X:/NonSteamGamesOnXray/Minecraft/MinecraftCreateServer-Sept2026/libraries/net/fabricmc/sponge-mixin/0.15.2+mixin.0.8.7/sponge-mixin-0.15.2+mixin.0.8.7.jar%2373!/ Service=ModLauncher Env=SERVER
[30Sep2026 22:40:23.341] [main/DEBUG] [mixin/]: Initialising Mixin Platform Manager
[30Sep2026 22:40:23.343] [main/DEBUG] [mixin/]: Adding mixin platform agents for container ModLauncher Root Container(ModLauncher:4f56a0a2)
[30Sep2026 22:40:23.343] [main/DEBUG] [mixin/]: Instancing new MixinPlatformAgentMinecraftForge for ModLauncher Root Container(ModLauncher:4f56a0a2)
[30Sep2026 22:40:23.344] [main/DEBUG] [mixin/]: MixinPlatformAgentMinecraftForge rejected container ModLauncher Root Container(ModLauncher:4f56a0a2)
[30Sep2026 22:40:23.344] [main/DEBUG] [mixin/]: Instancing new MixinPlatformAgentDefault for ModLauncher Root Container(ModLauncher:4f56a0a2)
[30Sep2026 22:40:23.344] [main/DEBUG] [mixin/]: MixinPlatformAgentDefault accepted container ModLauncher Root Container(ModLauncher:4f56a0a2)
[30Sep2026 22:40:23.346] [main/DEBUG] [cpw.mods.modlauncher.TransformationServiceDecorator/MODLAUNCHER]: Initialized transformation service mixin
[30Sep2026 22:40:23.346] [main/DEBUG] [cpw.mods.modlauncher.TransformationServiceDecorator/MODLAUNCHER]: Initializing transformation service fml
[30Sep2026 22:40:23.347] [main/DEBUG] [net.neoforged.fml.loading.FMLServiceProvider/CORE]: Setting up basic FML game directories
[30Sep2026 22:40:23.347] [main/DEBUG] [net.neoforged.fml.loading.FMLPaths/CORE]: Path GAMEDIR is X:\NonSteamGamesOnXray\Minecraft\MinecraftCreateServer-Sept2026
[30Sep2026 22:40:23.347] [main/DEBUG] [net.neoforged.fml.loading.FMLPaths/CORE]: Path MODSDIR is X:\NonSteamGamesOnXray\Minecraft\MinecraftCreateServer-Sept2026\mods
[30Sep2026 22:40:23.348] [main/DEBUG] [net.neoforged.fml.loading.FMLPaths/CORE]: Path CONFIGDIR is X:\NonSteamGamesOnXray\Minecraft\MinecraftCreateServer-Sept2026\config
[30Sep2026 22:40:23.348] [main/DEBUG] [net.neoforged.fml.loading.FMLPaths/CORE]: Path FMLCONFIG is X:\NonSteamGamesOnXray\Minecraft\MinecraftCreateServer-Sept2026\config\fml.toml
[30Sep2026 22:40:23.348] [main/DEBUG] [net.neoforged.fml.loading.FMLServiceProvider/CORE]: Loading configuration
[30Sep2026 22:40:23.351] [main/TRACE] [net.neoforged.fml.loading.FMLConfig/CORE]: Loaded FML config from X:\NonSteamGamesOnXray\Minecraft\MinecraftCreateServer-Sept2026\config\fml.toml
[30Sep2026 22:40:23.351] [main/TRACE] [net.neoforged.fml.loading.FMLConfig/CORE]: FMLConfig disableConfigWatcher is false
[30Sep2026 22:40:23.351] [main/TRACE] [net.neoforged.fml.loading.FMLConfig/CORE]: FMLConfig earlyWindowControl is true
[30Sep2026 22:40:23.351] [main/TRACE] [net.neoforged.fml.loading.FMLConfig/CORE]: FMLConfig maxThreads is 24
[30Sep2026 22:40:23.353] [main/TRACE] [net.neoforged.fml.loading.FMLConfig/CORE]: FMLConfig versionCheck is true
[30Sep2026 22:40:23.353] [main/TRACE] [net.neoforged.fml.loading.FMLConfig/CORE]: FMLConfig defaultConfigPath is defaultconfigs
[30Sep2026 22:40:23.353] [main/TRACE] [net.neoforged.fml.loading.FMLConfig/CORE]: FMLConfig disableOptimizedDFU is true
[30Sep2026 22:40:23.353] [main/TRACE] [net.neoforged.fml.loading.FMLConfig/CORE]: FMLConfig earlyWindowProvider is fmlearlywindow
[30Sep2026 22:40:23.353] [main/TRACE] [net.neoforged.fml.loading.FMLConfig/CORE]: FMLConfig earlyWindowWidth is 854
[30Sep2026 22:40:23.353] [main/TRACE] [net.neoforged.fml.loading.FMLConfig/CORE]: FMLConfig earlyWindowHeight is 480
[30Sep2026 22:40:23.353] [main/TRACE] [net.neoforged.fml.loading.FMLConfig/CORE]: FMLConfig earlyWindowFBScale is 1
[30Sep2026 22:40:23.353] [main/TRACE] [net.neoforged.fml.loading.FMLConfig/CORE]: FMLConfig earlyWindowMaximized is false
[30Sep2026 22:40:23.353] [main/TRACE] [net.neoforged.fml.loading.FMLConfig/CORE]: FMLConfig earlyWindowSkipGLVersions is []
[30Sep2026 22:40:23.353] [main/TRACE] [net.neoforged.fml.loading.FMLConfig/CORE]: FMLConfig earlyWindowSquir is false
[30Sep2026 22:40:23.356] [main/DEBUG] [net.neoforged.fml.loading.LaunchContext/SCAN]: Located paths when launch context was created: [X:\NonSteamGamesOnXray\Minecraft\MinecraftCreateServer-Sept2026\libraries\org\slf4j\slf4j-api\2.0.9\slf4j-api-2.0.9.jar, X:\NonSteamGamesOnXray\Minecraft\MinecraftCreateServer-Sept2026\libraries\com\google\code\gson\gson\2.10.1\gson-2.10.1.jar, X:\NonSteamGamesOnXray\Minecraft\MinecraftCreateServer-Sept2026\libraries\com\mojang\datafixerupper\8.0.16\datafixerupper-8.0.16.jar, X:\NonSteamGamesOnXray\Minecraft\MinecraftCreateServer-Sept2026\libraries\net\neoforged\JarJarSelector\0.4.1\JarJarSelector-0.4.1.jar, X:\NonSteamGamesOnXray\Minecraft\MinecraftCreateServer-Sept2026\libraries\net\java\dev\jna\jna-platform\5.14.0\jna-platform-5.14.0.jar, X:\NonSteamGamesOnXray\Minecraft\MinecraftCreateServer-Sept2026\libraries\org\apache\logging\log4j\log4j-core\2.22.1\log4j-core-2.22.1.jar, X:\NonSteamGamesOnXray\Minecraft\MinecraftCreateServer-Sept2026\libraries\com\mojang\logging\1.2.7\logging-1.2.7.jar, X:\NonSteamGamesOnXray\Minecraft\MinecraftCreateServer-Sept2026\libraries\com\google\errorprone\error_prone_annotations\2.18.0\error_prone_annotations-2.18.0.jar, X:\NonSteamGamesOnXray\Minecraft\MinecraftCreateServer-Sept2026\libraries\org\apache\logging\log4j\log4j-api\2.22.1\log4j-api-2.22.1.jar, X:\NonSteamGamesOnXray\Minecraft\MinecraftCreateServer-Sept2026\libraries\io\netty\netty-handler\4.1.97.Final\netty-handler-4.1.97.Final.jar, X:\NonSteamGamesOnXray\Minecraft\MinecraftCreateServer-Sept2026\libraries\com\google\guava\listenablefuture\9999.0-empty-to-avoid-conflict-with-guava\listenablefuture-9999.0-empty-to-avoid-conflict-with-guava.jar, X:\NonSteamGamesOnXray\Minecraft\MinecraftCreateServer-Sept2026\libraries\net\neoforged\coremods\7.0.3\coremods-7.0.3.jar, X:\NonSteamGamesOnXray\Minecraft\MinecraftCreateServer-Sept2026\libraries\com\electronwill\night-config\core\3.8.3\core-3.8.3.jar, X:\NonSteamGamesOnXray\Minecraft\MinecraftCreateServer-Sept2026\libraries\io\netty\netty-common\4.1.97.Final\netty-common-4.1.97.Final.jar, X:\NonSteamGamesOnXray\Minecraft\MinecraftCreateServer-Sept2026\libraries\com\github\oshi\oshi-core\6.4.10\oshi-core-6.4.10.jar, X:\NonSteamGamesOnXray\Minecraft\MinecraftCreateServer-Sept2026\libraries\net\neoforged\accesstransformers\at-modlauncher\10.0.1\at-modlauncher-10.0.1.jar, X:\NonSteamGamesOnXray\Minecraft\MinecraftCreateServer-Sept2026\libraries\org\jline\jline-reader\3.20.0\jline-reader-3.20.0.jar, X:\NonSteamGamesOnXray\Minecraft\MinecraftCreateServer-Sept2026\libraries\commons-io\commons-io\2.15.1\commons-io-2.15.1.jar, X:\NonSteamGamesOnXray\Minecraft\MinecraftCreateServer-Sept2026\libraries\cpw\mods\modlauncher\11.0.5\modlauncher-11.0.5.jar, X:\NonSteamGamesOnXray\Minecraft\MinecraftCreateServer-Sept2026\libraries\com\google\guava\failureaccess\1.0.1\failureaccess-1.0.1.jar, X:\NonSteamGamesOnXray\Minecraft\MinecraftCreateServer-Sept2026\libraries\io\netty\netty-transport-native-epoll\4.1.97.Final\netty-transport-native-epoll-4.1.97.Final-linux-aarch_64.jar, X:\NonSteamGamesOnXray\Minecraft\MinecraftCreateServer-Sept2026\libraries\org\lz4\lz4-java\1.8.0\lz4-java-1.8.0.jar, X:\NonSteamGamesOnXray\Minecraft\MinecraftCreateServer-Sept2026\libraries\org\joml\joml\1.10.5\joml-1.10.5.jar, X:\NonSteamGamesOnXray\Minecraft\MinecraftCreateServer-Sept2026\libraries\com\google\guava\guava\32.1.2-jre\guava-32.1.2-jre.jar, X:\NonSteamGamesOnXray\Minecraft\MinecraftCreateServer-Sept2026\libraries\net\minecraftforge\srgutils\0.4.15\srgutils-0.4.15.jar, X:\NonSteamGamesOnXray\Minecraft\MinecraftCreateServer-Sept2026\libraries\net\java\dev\jna\jna\5.14.0\jna-5.14.0.jar, X:\NonSteamGamesOnXray\Minecraft\MinecraftCreateServer-Sept2026\libraries\com\electronwill\night-config\toml\3.8.3\toml-3.8.3.jar, X:\NonSteamGamesOnXray\Minecraft\MinecraftCreateServer-Sept2026\libraries\org\apache\commons\commons-lang3\3.14.0\commons-lang3-3.14.0.jar, X:\NonSteamGamesOnXray\Minecraft\MinecraftCreateServer-Sept2026\libraries\com\mojang\authlib\6.0.54\authlib-6.0.54.jar, X:\NonSteamGamesOnXray\Minecraft\MinecraftCreateServer-Sept2026\libraries\net\neoforged\fancymodloader\earlydisplay\4.0.43\earlydisplay-4.0.43.jar, X:\NonSteamGamesOnXray\Minecraft\MinecraftCreateServer-Sept2026\libraries\io\netty\netty-codec\4.1.97.Final\netty-codec-4.1.97.Final.jar, X:\NonSteamGamesOnXray\Minecraft\MinecraftCreateServer-Sept2026\libraries\io\netty\netty-transport-native-unix-common\4.1.97.Final\netty-transport-native-unix-common-4.1.97.Final.jar, X:\NonSteamGamesOnXray\Minecraft\MinecraftCreateServer-Sept2026\libraries\org\apache\logging\log4j\log4j-slf4j2-impl\2.22.1\log4j-slf4j2-impl-2.22.1.jar, X:\NonSteamGamesOnXray\Minecraft\MinecraftCreateServer-Sept2026\libraries\io\netty\netty-buffer\4.1.97.Final\netty-buffer-4.1.97.Final.jar, X:\NonSteamGamesOnXray\Minecraft\MinecraftCreateServer-Sept2026\libraries\net\jodah\typetools\0.6.3\typetools-0.6.3.jar, X:\NonSteamGamesOnXray\Minecraft\MinecraftCreateServer-Sept2026\libraries\net\neoforged\accesstransformers\10.0.1\accesstransformers-10.0.1.jar, X:\NonSteamGamesOnXray\Minecraft\MinecraftCreateServer-Sept2026\libraries\net\fabricmc\sponge-mixin\0.15.2+mixin.0.8.7\sponge-mixin-0.15.2+mixin.0.8.7.jar, X:\NonSteamGamesOnXray\Minecraft\MinecraftCreateServer-Sept2026\libraries\com\google\j2objc\j2objc-annotations\2.8\j2objc-annotations-2.8.jar, X:\NonSteamGamesOnXray\Minecraft\MinecraftCreateServer-Sept2026\libraries\com\machinezoo\noexception\noexception\1.7.1\noexception-1.7.1.jar, X:\NonSteamGamesOnXray\Minecraft\MinecraftCreateServer-Sept2026\libraries\org\jline\jline-terminal\3.20.0\jline-terminal-3.20.0.jar, X:\NonSteamGamesOnXray\Minecraft\MinecraftCreateServer-Sept2026\libraries\org\apache\maven\maven-artifact\3.8.5\maven-artifact-3.8.5.jar, X:\NonSteamGamesOnXray\Minecraft\MinecraftCreateServer-Sept2026\libraries\org\codehaus\plexus\plexus-utils\3.3.0\plexus-utils-3.3.0.jar, X:\NonSteamGamesOnXray\Minecraft\MinecraftCreateServer-Sept2026\libraries\org\antlr\antlr4-runtime\4.13.1\antlr4-runtime-4.13.1.jar, X:\NonSteamGamesOnXray\Minecraft\MinecraftCreateServer-Sept2026\libraries\com\google\code\findbugs\jsr305\3.0.2\jsr305-3.0.2.jar, X:\NonSteamGamesOnXray\Minecraft\MinecraftCreateServer-Sept2026\libraries\io\netty\netty-resolver\4.1.97.Final\netty-resolver-4.1.97.Final.jar, X:\NonSteamGamesOnXray\Minecraft\MinecraftCreateServer-Sept2026\libraries\io\netty\netty-transport-classes-epoll\4.1.97.Final\netty-transport-classes-epoll-4.1.97.Final.jar, X:\NonSteamGamesOnXray\Minecraft\MinecraftCreateServer-Sept2026\libraries\com\mojang\brigadier\1.3.10\brigadier-1.3.10.jar, X:\NonSteamGamesOnXray\Minecraft\MinecraftCreateServer-Sept2026\libraries\net\neoforged\JarJarMetadata\0.4.1\JarJarMetadata-0.4.1.jar, X:\NonSteamGamesOnXray\Minecraft\MinecraftCreateServer-Sept2026\libraries\io\netty\netty-transport\4.1.97.Final\netty-transport-4.1.97.Final.jar, X:\NonSteamGamesOnXray\Minecraft\MinecraftCreateServer-Sept2026\libraries\net\neoforged\fancymodloader\loader\4.0.43\loader-4.0.43.jar, X:\NonSteamGamesOnXray\Minecraft\MinecraftCreateServer-Sept2026\libraries\io\netty\netty-transport-native-epoll\4.1.97.Final\netty-transport-native-epoll-4.1.97.Final-linux-x86_64.jar, X:\NonSteamGamesOnXray\Minecraft\MinecraftCreateServer-Sept2026\libraries\org\openjdk\nashorn\nashorn-core\15.4\nashorn-core-15.4.jar, X:\NonSteamGamesOnXray\Minecraft\MinecraftCreateServer-Sept2026\libraries\org\checkerframework\checker-qual\3.33.0\checker-qual-3.33.0.jar, X:\NonSteamGamesOnXray\Minecraft\MinecraftCreateServer-Sept2026\libraries\net\neoforged\mergetool\2.0.0\mergetool-2.0.0-api.jar, X:\NonSteamGamesOnXray\Minecraft\MinecraftCreateServer-Sept2026\libraries\it\unimi\dsi\fastutil\8.5.12\fastutil-8.5.12.jar, X:\NonSteamGamesOnXray\Minecraft\MinecraftCreateServer-Sept2026\libraries\net\minecrell\terminalconsoleappender\1.3.0\terminalconsoleappender-1.3.0.jar, X:\NonSteamGamesOnXray\Minecraft\MinecraftCreateServer-Sept2026\libraries\net\sf\jopt-simple\jopt-simple\5.0.4\jopt-simple-5.0.4.jar, X:\NonSteamGamesOnXray\Minecraft\MinecraftCreateServer-Sept2026\libraries\net\neoforged\bus\8.0.5\bus-8.0.5.jar]
[30Sep2026 22:40:23.357] [main/DEBUG] [net.neoforged.fml.loading.FMLServiceProvider/CORE]: Preparing launch handler
[30Sep2026 22:40:23.357] [main/DEBUG] [net.neoforged.fml.loading.FMLLoader/CORE]: Using forgeserver as launch service
[30Sep2026 22:40:23.357] [main/DEBUG] [net.neoforged.fml.common.asm.RuntimeDistCleaner/DISTXFORM]: Configuring for Dist DEDICATED_SERVER
[30Sep2026 22:40:23.360] [main/DEBUG] [cpw.mods.modlauncher.TransformationServiceDecorator/MODLAUNCHER]: Initialized transformation service fml
[30Sep2026 22:40:23.360] [main/DEBUG] [cpw.mods.modlauncher.TransformationServicesHandler/MODLAUNCHER]: Transformation services begin scanning
[30Sep2026 22:40:23.360] [main/DEBUG] [cpw.mods.modlauncher.TransformationServiceDecorator/MODLAUNCHER]: Beginning scan trigger - transformation service mixin
[30Sep2026 22:40:23.360] [main/DEBUG] [cpw.mods.modlauncher.TransformationServiceDecorator/MODLAUNCHER]: End scan trigger - transformation service mixin
[30Sep2026 22:40:23.360] [main/DEBUG] [cpw.mods.modlauncher.TransformationServiceDecorator/MODLAUNCHER]: Beginning scan trigger - transformation service fml
[30Sep2026 22:40:23.360] [main/DEBUG] [net.neoforged.fml.loading.FMLServiceProvider/CORE]: Initiating mod scan
[30Sep2026 22:40:23.384] [main/DEBUG] [net.neoforged.fml.util.ServiceLoaderUtil/CORE]: Found 4 implementations of IModFileCandidateLocator:
[30Sep2026 22:40:23.385] [main/DEBUG] [net.neoforged.fml.util.ServiceLoaderUtil/CORE]: 	    1000 - [built-in] net.neoforged.fml.loading.moddiscovery.locators.ProductionServerProvider from loader-4.0.43.jar
[30Sep2026 22:40:23.388] [main/DEBUG] [net.neoforged.fml.util.ServiceLoaderUtil/CORE]: 	    1000 - [built-in] net.neoforged.fml.loading.moddiscovery.locators.PathBasedLocator from loader-4.0.43.jar
[30Sep2026 22:40:23.389] [main/DEBUG] [net.neoforged.fml.util.ServiceLoaderUtil/CORE]: 	       0 - net.neoforged.fml.loading.moddiscovery.locators.ModsFolderLocator from loader-4.0.43.jar
[30Sep2026 22:40:23.389] [main/DEBUG] [net.neoforged.fml.util.ServiceLoaderUtil/CORE]: 	       0 - net.neoforged.fml.loading.moddiscovery.locators.MavenDirectoryLocator from loader-4.0.43.jar
[30Sep2026 22:40:23.391] [main/DEBUG] [net.neoforged.fml.util.ServiceLoaderUtil/CORE]: Found 2 implementations of IModFileReader:
[30Sep2026 22:40:23.391] [main/DEBUG] [net.neoforged.fml.util.ServiceLoaderUtil/CORE]: 	       0 - net.neoforged.fml.loading.moddiscovery.readers.JarModsDotTomlModFileReader from loader-4.0.43.jar
[30Sep2026 22:40:23.391] [main/DEBUG] [net.neoforged.fml.util.ServiceLoaderUtil/CORE]: 	   -1000 - net.neoforged.fml.loading.moddiscovery.readers.NestedLibraryModReader from loader-4.0.43.jar
[30Sep2026 22:40:23.393] [main/DEBUG] [net.neoforged.fml.util.ServiceLoaderUtil/CORE]: Found 1 implementations of IDependencyLocator:
[30Sep2026 22:40:23.393] [main/DEBUG] [net.neoforged.fml.util.ServiceLoaderUtil/CORE]: 	       0 - net.neoforged.fml.loading.moddiscovery.locators.JarInJarDependencyLocator from loader-4.0.43.jar
[30Sep2026 22:40:23.393] [main/DEBUG] [net.neoforged.fml.loading.moddiscovery.ModDiscoverer/SCAN]: Scanning for mods and other resources to load. We know 4 ways to find mods
[30Sep2026 22:40:23.393] [main/DEBUG] [net.neoforged.fml.loading.moddiscovery.ModDiscoverer/SCAN]: Trying locator production server provider +net.neoforged:neoforge:21.1.248:server
[30Sep2026 22:40:23.799] [main/DEBUG] [net.neoforged.fml.loading.moddiscovery.ModFileInfo/LOADING]: Found valid mod file server-1.21.1-20240808.144430-srg.jar with {minecraft} mods - versions {1.21.1}
[30Sep2026 22:40:23.800] [main/INFO] [net.neoforged.fml.loading.moddiscovery.ModDiscoverer/SCAN]: Found mod file "server-1.21.1-20240808.144430-srg.jar" [locator: production server provider +net.neoforged:neoforge:21.1.248:server]
[30Sep2026 22:40:23.800] [main/DEBUG] [net.neoforged.fml.loading.moddiscovery.ModDiscoverer/SCAN]: Locator production server provider +net.neoforged:neoforge:21.1.248:server found 1 mods, 0 warnings, 0 errors and skipped 0 candidates
[30Sep2026 22:40:23.801] [main/DEBUG] [net.neoforged.fml.loading.moddiscovery.ModDiscoverer/SCAN]: Trying locator PathBasedLocator[name=neoforge, paths=[libraries\net\neoforged\neoforge\21.1.248\neoforge-21.1.248-universal.jar]]
[30Sep2026 22:40:23.837] [main/DEBUG] [net.neoforged.fml.loading.moddiscovery.readers.JarModsDotTomlModFileReader/SCAN]: Found META-INF/neoforge.mods.toml mod of type null: X:\NonSteamGamesOnXray\Minecraft\MinecraftCreateServer-Sept2026\libraries\net\neoforged\neoforge\21.1.248\neoforge-21.1.248-universal.jar
[30Sep2026 22:40:23.837] [main/DEBUG] [net.neoforged.fml.loading.moddiscovery.ModFileParser/LOADING]: Considering mod file candidate X:\NonSteamGamesOnXray\Minecraft\MinecraftCreateServer-Sept2026\libraries\net\neoforged\neoforge\21.1.248\neoforge-21.1.248-universal.jar
[30Sep2026 22:40:23.874] [main/DEBUG] [net.neoforged.fml.loading.moddiscovery.ModFileInfo/LOADING]: Found valid mod file neoforge-21.1.248-universal.jar with {neoforge} mods - versions {21.1.248}
[30Sep2026 22:40:23.875] [main/INFO] [net.neoforged.fml.loading.moddiscovery.ModDiscoverer/SCAN]: Found mod file "neoforge-21.1.248-universal.jar" [locator: PathBasedLocator[name=neoforge, paths=[libraries\net\neoforged\neoforge\21.1.248\neoforge-21.1.248-universal.jar]], reader: mod manifest]
[30Sep2026 22:40:23.875] [main/DEBUG] [net.neoforged.fml.loading.moddiscovery.ModDiscoverer/SCAN]: Locator PathBasedLocator[name=neoforge, paths=[libraries\net\neoforged\neoforge\21.1.248\neoforge-21.1.248-universal.jar]] found 1 mods, 0 warnings, 0 errors and skipped 0 candidates
[30Sep2026 22:40:23.875] [main/DEBUG] [net.neoforged.fml.loading.moddiscovery.ModDiscoverer/SCAN]: Trying locator {mods folder locator at X:\NonSteamGamesOnXray\Minecraft\MinecraftCreateServer-Sept2026\mods}
[30Sep2026 22:40:23.875] [main/DEBUG] [net.neoforged.fml.loading.moddiscovery.locators.ModsFolderLocator/SCAN]: Scanning mods dir X:\NonSteamGamesOnXray\Minecraft\MinecraftCreateServer-Sept2026\mods for mods
[30Sep2026 22:40:23.880] [main/DEBUG] [net.neoforged.fml.loading.moddiscovery.readers.JarModsDotTomlModFileReader/SCAN]: Found META-INF/neoforge.mods.toml mod of type null: X:\NonSteamGamesOnXray\Minecraft\MinecraftCreateServer-Sept2026\mods\allarrowspickup-1.0.0.jar
[30Sep2026 22:40:23.880] [main/DEBUG] [net.neoforged.fml.loading.moddiscovery.ModFileParser/LOADING]: Considering mod file candidate X:\NonSteamGamesOnXray\Minecraft\MinecraftCreateServer-Sept2026\mods\allarrowspickup-1.0.0.jar
[30Sep2026 22:40:23.885] [main/DEBUG] [net.neoforged.fml.loading.moddiscovery.ModFileInfo/LOADING]: Found valid mod file allarrowspickup-1.0.0.jar with {allarrowspickup} mods - versions {1.0.0}
[30Sep2026 22:40:23.886] [main/INFO] [net.neoforged.fml.loading.moddiscovery.ModDiscoverer/SCAN]: Found mod file "allarrowspickup-1.0.0.jar" [locator: {mods folder locator at X:\NonSteamGamesOnXray\Minecraft\MinecraftCreateServer-Sept2026\mods}, reader: mod manifest]
[30Sep2026 22:40:23.889] [main/DEBUG] [net.neoforged.fml.loading.moddiscovery.readers.JarModsDotTomlModFileReader/SCAN]: Found META-INF/neoforge.mods.toml mod of type null: X:\NonSteamGamesOnXray\Minecraft\MinecraftCreateServer-Sept2026\mods\badpackets-neo-0.8.2.jar
[30Sep2026 22:40:23.889] [main/DEBUG] [net.neoforged.fml.loading.moddiscovery.ModFileParser/LOADING]: Considering mod file candidate X:\NonSteamGamesOnXray\Minecraft\MinecraftCreateServer-Sept2026\mods\badpackets-neo-0.8.2.jar
[30Sep2026 22:40:23.891] [main/DEBUG] [net.neoforged.fml.loading.moddiscovery.ModFileInfo/LOADING]: Found valid mod file badpackets-neo-0.8.2.jar with {badpackets} mods - versions {0.8.2}
[30Sep2026 22:40:23.891] [main/INFO] [net.neoforged.fml.loading.moddiscovery.ModDiscoverer/SCAN]: Found mod file "badpackets-neo-0.8.2.jar" [locator: {mods folder locator at X:\NonSteamGamesOnXray\Minecraft\MinecraftCreateServer-Sept2026\mods}, reader: mod manifest]
[30Sep2026 22:40:23.897] [main/DEBUG] [net.neoforged.fml.loading.moddiscovery.readers.JarModsDotTomlModFileReader/SCAN]: Found META-INF/neoforge.mods.toml mod of type null: X:\NonSteamGamesOnXray\Minecraft\MinecraftCreateServer-Sept2026\mods\cc-tweaked-1.21.1-forge-1.120.2.jar
[30Sep2026 22:40:23.897] [main/DEBUG] [net.neoforged.fml.loading.moddiscovery.ModFileParser/LOADING]: Considering mod file candidate X:\NonSteamGamesOnXray\Minecraft\MinecraftCreateServer-Sept2026\mods\cc-tweaked-1.21.1-forge-1.120.2.jar
[30Sep2026 22:40:23.899] [main/DEBUG] [net.neoforged.fml.loading.moddiscovery.ModFileInfo/LOADING]: Found valid mod file cc-tweaked-1.21.1-forge-1.120.2.jar with {computercraft} mods - versions {1.120.2}
[30Sep2026 22:40:23.899] [main/INFO] [net.neoforged.fml.loading.moddiscovery.ModDiscoverer/SCAN]: Found mod file "cc-tweaked-1.21.1-forge-1.120.2.jar" [locator: {mods folder locator at X:\NonSteamGamesOnXray\Minecraft\MinecraftCreateServer-Sept2026\mods}, reader: mod manifest]
[30Sep2026 22:40:23.904] [main/DEBUG] [net.neoforged.fml.loading.moddiscovery.readers.JarModsDotTomlModFileReader/SCAN]: Found META-INF/neoforge.mods.toml mod of type null: X:\NonSteamGamesOnXray\Minecraft\MinecraftCreateServer-Sept2026\mods\cloth-config-15.0.140-neoforge.jar
[30Sep2026 22:40:23.904] [main/DEBUG] [net.neoforged.fml.loading.moddiscovery.ModFileParser/LOADING]: Considering mod file candidate X:\NonSteamGamesOnXray\Minecraft\MinecraftCreateServer-Sept2026\mods\cloth-config-15.0.140-neoforge.jar
[30Sep2026 22:40:23.907] [main/DEBUG] [net.neoforged.fml.loading.moddiscovery.ModFileInfo/LOADING]: Found valid mod file cloth-config-15.0.140-neoforge.jar with {cloth_config} mods - versions {15.0.140}
[30Sep2026 22:40:23.907] [main/INFO] [net.neoforged.fml.loading.moddiscovery.ModDiscoverer/SCAN]: Found mod file "cloth-config-15.0.140-neoforge.jar" [locator: {mods folder locator at X:\NonSteamGamesOnXray\Minecraft\MinecraftCreateServer-Sept2026\mods}, reader: mod manifest]
[30Sep2026 22:40:23.915] [main/DEBUG] [net.neoforged.fml.loading.moddiscovery.readers.JarModsDotTomlModFileReader/SCAN]: Found META-INF/neoforge.mods.toml mod of type null: X:\NonSteamGamesOnXray\Minecraft\MinecraftCreateServer-Sept2026\mods\create-1.21.1-6.0.10.jar
[30Sep2026 22:40:23.915] [main/DEBUG] [net.neoforged.fml.loading.moddiscovery.ModFileParser/LOADING]: Considering mod file candidate X:\NonSteamGamesOnXray\Minecraft\MinecraftCreateServer-Sept2026\mods\create-1.21.1-6.0.10.jar
[30Sep2026 22:40:23.921] [main/DEBUG] [net.neoforged.fml.loading.moddiscovery.ModFileInfo/LOADING]: Found valid mod file create-1.21.1-6.0.10.jar with {create} mods - versions {6.0.10}
[30Sep2026 22:40:23.922] [main/INFO] [net.neoforged.fml.loading.moddiscovery.ModDiscoverer/SCAN]: Found mod file "create-1.21.1-6.0.10.jar" [locator: {mods folder locator at X:\NonSteamGamesOnXray\Minecraft\MinecraftCreateServer-Sept2026\mods}, reader: mod manifest]
[30Sep2026 22:40:23.927] [main/DEBUG] [net.neoforged.fml.loading.moddiscovery.readers.JarModsDotTomlModFileReader/SCAN]: Found META-INF/neoforge.mods.toml mod of type null: X:\NonSteamGamesOnXray\Minecraft\MinecraftCreateServer-Sept2026\mods\create-aeronautics-bundled-1.21.1-1.3.1.jar
[30Sep2026 22:40:23.927] [main/DEBUG] [net.neoforged.fml.loading.moddiscovery.ModFileParser/LOADING]: Considering mod file candidate X:\NonSteamGamesOnXray\Minecraft\MinecraftCreateServer-Sept2026\mods\create-aeronautics-bundled-1.21.1-1.3.1.jar
[30Sep2026 22:40:23.930] [main/DEBUG] [net.neoforged.fml.loading.moddiscovery.ModFileInfo/LOADING]: Found valid mod file create-aeronautics-bundled-1.21.1-1.3.1.jar with {aeronautics_bundled} mods - versions {1.3.1}
[30Sep2026 22:40:23.930] [main/INFO] [net.neoforged.fml.loading.moddiscovery.ModDiscoverer/SCAN]: Found mod file "create-aeronautics-bundled-1.21.1-1.3.1.jar" [locator: {mods folder locator at X:\NonSteamGamesOnXray\Minecraft\MinecraftCreateServer-Sept2026\mods}, reader: mod manifest]
[30Sep2026 22:40:23.934] [main/DEBUG] [net.neoforged.fml.loading.moddiscovery.readers.JarModsDotTomlModFileReader/SCAN]: Found META-INF/neoforge.mods.toml mod of type null: X:\NonSteamGamesOnXray\Minecraft\MinecraftCreateServer-Sept2026\mods\create_power_loader-2.0.5-mc1.21.1.jar
[30Sep2026 22:40:23.934] [main/DEBUG] [net.neoforged.fml.loading.moddiscovery.ModFileParser/LOADING]: Considering mod file candidate X:\NonSteamGamesOnXray\Minecraft\MinecraftCreateServer-Sept2026\mods\create_power_loader-2.0.5-mc1.21.1.jar
[30Sep2026 22:40:23.936] [main/DEBUG] [net.neoforged.fml.loading.moddiscovery.ModFileInfo/LOADING]: Found valid mod file create_power_loader-2.0.5-mc1.21.1.jar with {create_power_loader} mods - versions {2.0.5-mc1.21.1}
[30Sep2026 22:40:23.936] [main/INFO] [net.neoforged.fml.loading.moddiscovery.ModDiscoverer/SCAN]: Found mod file "create_power_loader-2.0.5-mc1.21.1.jar" [locator: {mods folder locator at X:\NonSteamGamesOnXray\Minecraft\MinecraftCreateServer-Sept2026\mods}, reader: mod manifest]
[30Sep2026 22:40:23.941] [main/DEBUG] [net.neoforged.fml.loading.moddiscovery.readers.JarModsDotTomlModFileReader/SCAN]: Found META-INF/neoforge.mods.toml mod of type null: X:\NonSteamGamesOnXray\Minecraft\MinecraftCreateServer-Sept2026\mods\DistantHorizons-3.2.0-b-1.21.1-fabric-neoforge.jar
[30Sep2026 22:40:23.941] [main/DEBUG] [net.neoforged.fml.loading.moddiscovery.ModFileParser/LOADING]: Considering mod file candidate X:\NonSteamGamesOnXray\Minecraft\MinecraftCreateServer-Sept2026\mods\DistantHorizons-3.2.0-b-1.21.1-fabric-neoforge.jar
[30Sep2026 22:40:23.944] [main/DEBUG] [net.neoforged.fml.loading.moddiscovery.ModFileInfo/LOADING]: Found valid mod file DistantHorizons-3.2.0-b-1.21.1-fabric-neoforge.jar with {distanthorizons} mods - versions {3.2.0-b}
[30Sep2026 22:40:23.944] [main/INFO] [net.neoforged.fml.loading.moddiscovery.ModDiscoverer/SCAN]: Found mod file "DistantHorizons-3.2.0-b-1.21.1-fabric-neoforge.jar" [locator: {mods folder locator at X:\NonSteamGamesOnXray\Minecraft\MinecraftCreateServer-Sept2026\mods}, reader: mod manifest]
[30Sep2026 22:40:23.948] [main/DEBUG] [net.neoforged.fml.loading.moddiscovery.readers.JarModsDotTomlModFileReader/SCAN]: Found META-INF/neoforge.mods.toml mod of type null: X:\NonSteamGamesOnXray\Minecraft\MinecraftCreateServer-Sept2026\mods\gliders-1.21.1-neoforge-1.1.8.jar
[30Sep2026 22:40:23.949] [main/DEBUG] [net.neoforged.fml.loading.moddiscovery.ModFileParser/LOADING]: Considering mod file candidate X:\NonSteamGamesOnXray\Minecraft\MinecraftCreateServer-Sept2026\mods\gliders-1.21.1-neoforge-1.1.8.jar
[30Sep2026 22:40:23.950] [main/DEBUG] [net.neoforged.fml.loading.moddiscovery.ModFileInfo/LOADING]: Found valid mod file gliders-1.21.1-neoforge-1.1.8.jar with {vc_gliders} mods - versions {1.1.8}
[30Sep2026 22:40:23.950] [main/INFO] [net.neoforged.fml.loading.moddiscovery.ModDiscoverer/SCAN]: Found mod file "gliders-1.21.1-neoforge-1.1.8.jar" [locator: {mods folder locator at X:\NonSteamGamesOnXray\Minecraft\MinecraftCreateServer-Sept2026\mods}, reader: mod manifest]
[30Sep2026 22:40:23.953] [main/DEBUG] [net.neoforged.fml.loading.moddiscovery.readers.JarModsDotTomlModFileReader/SCAN]: Found META-INF/neoforge.mods.toml mod of type null: X:\NonSteamGamesOnXray\Minecraft\MinecraftCreateServer-Sept2026\mods\inventorysorter-1.21.1-24.0.24.jar
[30Sep2026 22:40:23.954] [main/DEBUG] [net.neoforged.fml.loading.moddiscovery.ModFileParser/LOADING]: Considering mod file candidate X:\NonSteamGamesOnXray\Minecraft\MinecraftCreateServer-Sept2026\mods\inventorysorter-1.21.1-24.0.24.jar
[30Sep2026 22:40:23.955] [main/DEBUG] [net.neoforged.fml.loading.moddiscovery.ModFileInfo/LOADING]: Found valid mod file inventorysorter-1.21.1-24.0.24.jar with {inventorysorter} mods - versions {24.0.24}
[30Sep2026 22:40:23.955] [main/INFO] [net.neoforged.fml.loading.moddiscovery.ModDiscoverer/SCAN]: Found mod file "inventorysorter-1.21.1-24.0.24.jar" [locator: {mods folder locator at X:\NonSteamGamesOnXray\Minecraft\MinecraftCreateServer-Sept2026\mods}, reader: mod manifest]
[30Sep2026 22:40:23.958] [main/DEBUG] [net.neoforged.fml.loading.moddiscovery.readers.JarModsDotTomlModFileReader/SCAN]: Found META-INF/neoforge.mods.toml mod of type null: X:\NonSteamGamesOnXray\Minecraft\MinecraftCreateServer-Sept2026\mods\jei-1.21.1-neoforge-19.27.0.336.jar
[30Sep2026 22:40:23.958] [main/DEBUG] [net.neoforged.fml.loading.moddiscovery.ModFileParser/LOADING]: Considering mod file candidate X:\NonSteamGamesOnXray\Minecraft\MinecraftCreateServer-Sept2026\mods\jei-1.21.1-neoforge-19.27.0.336.jar
[30Sep2026 22:40:23.960] [main/DEBUG] [net.neoforged.fml.loading.moddiscovery.ModFileInfo/LOADING]: Found valid mod file jei-1.21.1-neoforge-19.27.0.336.jar with {jei} mods - versions {19.27.0.336}
[30Sep2026 22:40:23.960] [main/INFO] [net.neoforged.fml.loading.moddiscovery.ModDiscoverer/SCAN]: Found mod file "jei-1.21.1-neoforge-19.27.0.336.jar" [locator: {mods folder locator at X:\NonSteamGamesOnXray\Minecraft\MinecraftCreateServer-Sept2026\mods}, reader: mod manifest]
[30Sep2026 22:40:23.964] [main/DEBUG] [net.neoforged.fml.loading.moddiscovery.readers.JarModsDotTomlModFileReader/SCAN]: Found META-INF/neoforge.mods.toml mod of type null: X:\NonSteamGamesOnXray\Minecraft\MinecraftCreateServer-Sept2026\mods\journeymap-neoforge-1.21.1-6.0.5.jar
[30Sep2026 22:40:23.965] [main/DEBUG] [net.neoforged.fml.loading.moddiscovery.ModFileParser/LOADING]: Considering mod file candidate X:\NonSteamGamesOnXray\Minecraft\MinecraftCreateServer-Sept2026\mods\journeymap-neoforge-1.21.1-6.0.5.jar
[30Sep2026 22:40:23.966] [main/DEBUG] [net.neoforged.fml.loading.moddiscovery.ModFileInfo/LOADING]: Found valid mod file journeymap-neoforge-1.21.1-6.0.5.jar with {journeymap} mods - versions {1.21.1-6.0.5}
[30Sep2026 22:40:23.966] [main/INFO] [net.neoforged.fml.loading.moddiscovery.ModDiscoverer/SCAN]: Found mod file "journeymap-neoforge-1.21.1-6.0.5.jar" [locator: {mods folder locator at X:\NonSteamGamesOnXray\Minecraft\MinecraftCreateServer-Sept2026\mods}, reader: mod manifest]
[30Sep2026 22:40:23.970] [main/DEBUG] [net.neoforged.fml.loading.moddiscovery.readers.JarModsDotTomlModFileReader/SCAN]: Found META-INF/neoforge.mods.toml mod of type null: X:\NonSteamGamesOnXray\Minecraft\MinecraftCreateServer-Sept2026\mods\musketmod-1.21.1-neoforge-1.5.4.jar
[30Sep2026 22:40:23.970] [main/DEBUG] [net.neoforged.fml.loading.moddiscovery.ModFileParser/LOADING]: Considering mod file candidate X:\NonSteamGamesOnXray\Minecraft\MinecraftCreateServer-Sept2026\mods\musketmod-1.21.1-neoforge-1.5.4.jar
[30Sep2026 22:40:23.972] [main/DEBUG] [net.neoforged.fml.loading.moddiscovery.ModFileInfo/LOADING]: Found valid mod file musketmod-1.21.1-neoforge-1.5.4.jar with {musketmod} mods - versions {1.5.4}
[30Sep2026 22:40:23.972] [main/INFO] [net.neoforged.fml.loading.moddiscovery.ModDiscoverer/SCAN]: Found mod file "musketmod-1.21.1-neoforge-1.5.4.jar" [locator: {mods folder locator at X:\NonSteamGamesOnXray\Minecraft\MinecraftCreateServer-Sept2026\mods}, reader: mod manifest]
[30Sep2026 22:40:23.975] [main/DEBUG] [net.neoforged.fml.loading.moddiscovery.readers.JarModsDotTomlModFileReader/SCAN]: Found META-INF/neoforge.mods.toml mod of type null: X:\NonSteamGamesOnXray\Minecraft\MinecraftCreateServer-Sept2026\mods\paxels-0.1.3-neoforge-1.21.1.jar
[30Sep2026 22:40:23.976] [main/DEBUG] [net.neoforged.fml.loading.moddiscovery.ModFileParser/LOADING]: Considering mod file candidate X:\NonSteamGamesOnXray\Minecraft\MinecraftCreateServer-Sept2026\mods\paxels-0.1.3-neoforge-1.21.1.jar
[30Sep2026 22:40:23.977] [main/DEBUG] [net.neoforged.fml.loading.moddiscovery.ModFileInfo/LOADING]: Found valid mod file paxels-0.1.3-neoforge-1.21.1.jar with {paxels} mods - versions {0.1.3}
[30Sep2026 22:40:23.977] [main/INFO] [net.neoforged.fml.loading.moddiscovery.ModDiscoverer/SCAN]: Found mod file "paxels-0.1.3-neoforge-1.21.1.jar" [locator: {mods folder locator at X:\NonSteamGamesOnXray\Minecraft\MinecraftCreateServer-Sept2026\mods}, reader: mod manifest]
[30Sep2026 22:40:23.981] [main/DEBUG] [net.neoforged.fml.loading.moddiscovery.readers.JarModsDotTomlModFileReader/SCAN]: Found META-INF/neoforge.mods.toml mod of type null: X:\NonSteamGamesOnXray\Minecraft\MinecraftCreateServer-Sept2026\mods\sable-neoforge-1.21.1-2.0.5.jar
[30Sep2026 22:40:23.981] [main/DEBUG] [net.neoforged.fml.loading.moddiscovery.ModFileParser/LOADING]: Considering mod file candidate X:\NonSteamGamesOnXray\Minecraft\MinecraftCreateServer-Sept2026\mods\sable-neoforge-1.21.1-2.0.5.jar
[30Sep2026 22:40:23.983] [main/DEBUG] [net.neoforged.fml.loading.moddiscovery.ModFileInfo/LOADING]: Found valid mod file sable-neoforge-1.21.1-2.0.5.jar with {sable} mods - versions {2.0.5}
[30Sep2026 22:40:23.983] [main/INFO] [net.neoforged.fml.loading.moddiscovery.ModDiscoverer/SCAN]: Found mod file "sable-neoforge-1.21.1-2.0.5.jar" [locator: {mods folder locator at X:\NonSteamGamesOnXray\Minecraft\MinecraftCreateServer-Sept2026\mods}, reader: mod manifest]
[30Sep2026 22:40:23.987] [main/DEBUG] [net.neoforged.fml.loading.moddiscovery.readers.JarModsDotTomlModFileReader/SCAN]: Found META-INF/neoforge.mods.toml mod of type null: X:\NonSteamGamesOnXray\Minecraft\MinecraftCreateServer-Sept2026\mods\wthit-1.21.1-neo-12.10.2.jar
[30Sep2026 22:40:23.987] [main/DEBUG] [net.neoforged.fml.loading.moddiscovery.ModFileParser/LOADING]: Considering mod file candidate X:\NonSteamGamesOnXray\Minecraft\MinecraftCreateServer-Sept2026\mods\wthit-1.21.1-neo-12.10.2.jar
[30Sep2026 22:40:23.989] [main/DEBUG] [net.neoforged.fml.loading.moddiscovery.ModFileInfo/LOADING]: Found valid mod file wthit-1.21.1-neo-12.10.2.jar with {wthit,waila} mods - versions {12.10.2,12.10.2}
[30Sep2026 22:40:23.989] [main/INFO] [net.neoforged.fml.loading.moddiscovery.ModDiscoverer/SCAN]: Found mod file "wthit-1.21.1-neo-12.10.2.jar" [locator: {mods folder locator at X:\NonSteamGamesOnXray\Minecraft\MinecraftCreateServer-Sept2026\mods}, reader: mod manifest]
[30Sep2026 22:40:23.989] [main/DEBUG] [net.neoforged.fml.loading.moddiscovery.ModDiscoverer/SCAN]: Locator {mods folder locator at X:\NonSteamGamesOnXray\Minecraft\MinecraftCreateServer-Sept2026\mods} found 16 mods, 0 warnings, 0 errors and skipped 0 candidates
[30Sep2026 22:40:23.989] [main/DEBUG] [net.neoforged.fml.loading.moddiscovery.ModDiscoverer/SCAN]: Trying locator maven libs
[30Sep2026 22:40:23.991] [main/DEBUG] [net.neoforged.fml.loading.moddiscovery.ModListHandler/CORE]: Found mod coordinates from lists: []
[30Sep2026 22:40:23.991] [main/DEBUG] [net.neoforged.fml.loading.moddiscovery.ModDiscoverer/SCAN]: Locator maven libs found 0 mods, 0 warnings, 0 errors and skipped 0 candidates
[30Sep2026 22:40:23.997] [main/DEBUG] [net.neoforged.fml.loading.moddiscovery.ModDiscoverer/SCAN]: Successfully Loaded 18 mods. Attempting to load dependencies...
[30Sep2026 22:40:23.997] [main/DEBUG] [net.neoforged.fml.loading.moddiscovery.ModDiscoverer/SCAN]: Trying locator jarinjar
[30Sep2026 22:40:24.001] [main/TRACE] [net.neoforged.fml.loading.moddiscovery.locators.JarInJarDependencyLocator/]: Failed to load resource META-INF\jarjar\metadata.json from badpackets-neo-0.8.2.jar, it does not contain dependency information.
[30Sep2026 22:40:24.001] [main/TRACE] [net.neoforged.fml.loading.moddiscovery.locators.JarInJarDependencyLocator/]: Failed to load resource META-INF\jarjar\metadata.json from server-1.21.1-20240808.144430-srg.jar, it does not contain dependency information.
[30Sep2026 22:40:24.001] [main/TRACE] [net.neoforged.fml.loading.moddiscovery.locators.JarInJarDependencyLocator/]: Failed to load resource META-INF\jarjar\metadata.json from inventorysorter-1.21.1-24.0.24.jar, it does not contain dependency information.
[30Sep2026 22:40:24.001] [main/TRACE] [net.neoforged.fml.loading.moddiscovery.locators.JarInJarDependencyLocator/]: Failed to load resource META-INF\jarjar\metadata.json from musketmod-1.21.1-neoforge-1.5.4.jar, it does not contain dependency information.
[30Sep2026 22:40:24.001] [main/TRACE] [net.neoforged.fml.loading.moddiscovery.locators.JarInJarDependencyLocator/]: Failed to load resource META-INF\jarjar\metadata.json from paxels-0.1.3-neoforge-1.21.1.jar, it does not contain dependency information.
[30Sep2026 22:40:24.001] [main/TRACE] [net.neoforged.fml.loading.moddiscovery.locators.JarInJarDependencyLocator/]: Failed to load resource META-INF\jarjar\metadata.json from DistantHorizons-3.2.0-b-1.21.1-fabric-neoforge.jar, it does not contain dependency information.
[30Sep2026 22:40:24.003] [main/TRACE] [net.neoforged.fml.loading.moddiscovery.locators.JarInJarDependencyLocator/]: Failed to load resource META-INF\jarjar\metadata.json from jei-1.21.1-neoforge-19.27.0.336.jar, it does not contain dependency information.
[30Sep2026 22:40:24.003] [main/TRACE] [net.neoforged.fml.loading.moddiscovery.locators.JarInJarDependencyLocator/]: Failed to load resource META-INF\jarjar\metadata.json from wthit-1.21.1-neo-12.10.2.jar, it does not contain dependency information.
[30Sep2026 22:40:24.003] [main/TRACE] [net.neoforged.fml.loading.moddiscovery.locators.JarInJarDependencyLocator/]: Failed to load resource META-INF\jarjar\metadata.json from cloth-config-15.0.140-neoforge.jar, it does not contain dependency information.
[30Sep2026 22:40:24.003] [main/TRACE] [net.neoforged.fml.loading.moddiscovery.locators.JarInJarDependencyLocator/]: Failed to load resource META-INF\jarjar\metadata.json from allarrowspickup-1.0.0.jar, it does not contain dependency information.
[30Sep2026 22:40:24.081] [main/DEBUG] [net.neoforged.fml.loading.moddiscovery.readers.JarModsDotTomlModFileReader/SCAN]: Found META-INF/MANIFEST.MF mod of type GAMELIBRARY: 
[30Sep2026 22:40:24.083] [main/DEBUG] [net.neoforged.fml.loading.moddiscovery.readers.JarModsDotTomlModFileReader/SCAN]: Found META-INF/MANIFEST.MF mod of type LIBRARY: 
[30Sep2026 22:40:24.089] [main/DEBUG] [net.neoforged.fml.loading.moddiscovery.readers.JarModsDotTomlModFileReader/SCAN]: Found META-INF/MANIFEST.MF mod of type GAMELIBRARY: 
[30Sep2026 22:40:24.116] [main/DEBUG] [net.neoforged.fml.loading.moddiscovery.readers.JarModsDotTomlModFileReader/SCAN]: Found META-INF/neoforge.mods.toml mod of type null: 
[30Sep2026 22:40:24.116] [main/DEBUG] [net.neoforged.fml.loading.moddiscovery.ModFileParser/LOADING]: Considering mod file candidate 
[30Sep2026 22:40:24.117] [main/DEBUG] [net.neoforged.fml.loading.moddiscovery.ModFileInfo/LOADING]: Found valid mod file flywheel-neoforge-1.21.1-1.0.6.jar with {flywheel} mods - versions {1.0.6}
[30Sep2026 22:40:24.129] [main/DEBUG] [net.neoforged.fml.loading.moddiscovery.readers.JarModsDotTomlModFileReader/SCAN]: Found META-INF/neoforge.mods.toml mod of type null: 
[30Sep2026 22:40:24.129] [main/DEBUG] [net.neoforged.fml.loading.moddiscovery.ModFileParser/LOADING]: Considering mod file candidate 
[30Sep2026 22:40:24.130] [main/DEBUG] [net.neoforged.fml.loading.moddiscovery.ModFileInfo/LOADING]: Found valid mod file ponder-neoforge-1.0.82+mc1.21.1.jar with {ponder} mods - versions {1.0.82+mc1.21.1}
[30Sep2026 22:40:24.132] [main/DEBUG] [net.neoforged.fml.loading.moddiscovery.readers.JarModsDotTomlModFileReader/SCAN]: Found META-INF/neoforge.mods.toml mod of type null: 
[30Sep2026 22:40:24.132] [main/DEBUG] [net.neoforged.fml.loading.moddiscovery.ModFileParser/LOADING]: Considering mod file candidate 
[30Sep2026 22:40:24.136] [main/DEBUG] [net.neoforged.fml.loading.moddiscovery.ModFileInfo/LOADING]: Found valid mod file common-networking-neoforge-1.0.16-1.21.jar with {commonnetworking} mods - versions {1.0.16-1.21}
[30Sep2026 22:40:24.139] [main/DEBUG] [net.neoforged.fml.loading.moddiscovery.readers.JarModsDotTomlModFileReader/SCAN]: Found META-INF/neoforge.mods.toml mod of type null: 
[30Sep2026 22:40:24.139] [main/DEBUG] [net.neoforged.fml.loading.moddiscovery.ModFileParser/LOADING]: Considering mod file candidate 
[30Sep2026 22:40:24.140] [main/DEBUG] [net.neoforged.fml.loading.moddiscovery.ModFileInfo/LOADING]: Found valid mod file playeranimator-658587-6024462.jar with {playeranimator} mods - versions {2.0.1+1.21.1}
[30Sep2026 22:40:24.147] [main/DEBUG] [net.neoforged.fml.loading.moddiscovery.readers.JarModsDotTomlModFileReader/SCAN]: Found META-INF/neoforge.mods.toml mod of type null: 
[30Sep2026 22:40:24.147] [main/DEBUG] [net.neoforged.fml.loading.moddiscovery.ModFileParser/LOADING]: Considering mod file candidate 
[30Sep2026 22:40:24.148] [main/DEBUG] [net.neoforged.fml.loading.moddiscovery.ModFileInfo/LOADING]: Found valid mod file journeymap-api-neoforge-2.0.0-1.21.1.jar with {journeymap_api} mods - versions {2.0.0-1.21.1}
[30Sep2026 22:40:24.150] [main/DEBUG] [net.neoforged.fml.loading.moddiscovery.readers.JarModsDotTomlModFileReader/SCAN]: Found META-INF/neoforge.mods.toml mod of type null: 
[30Sep2026 22:40:24.150] [main/DEBUG] [net.neoforged.fml.loading.moddiscovery.ModFileParser/LOADING]: Considering mod file candidate 
[30Sep2026 22:40:24.150] [main/DEBUG] [net.neoforged.fml.loading.moddiscovery.ModFileInfo/LOADING]: Found valid mod file common-networking-neoforge-1.0.21-1.21.1.jar with {commonnetworking} mods - versions {1.0.21-1.21.1}
[30Sep2026 22:40:24.152] [main/DEBUG] [net.neoforged.fml.loading.moddiscovery.readers.JarModsDotTomlModFileReader/SCAN]: Found META-INF/neoforge.mods.toml mod of type null: 
[30Sep2026 22:40:24.152] [main/DEBUG] [net.neoforged.fml.loading.moddiscovery.ModFileParser/LOADING]: Considering mod file candidate 
[30Sep2026 22:40:24.154] [main/DEBUG] [net.neoforged.fml.loading.moddiscovery.ModFileInfo/LOADING]: Found valid mod file sable-companion-common-1.21.1-1.6.0.jar with {sablecompanion} mods - versions {1.6.0}
[30Sep2026 22:40:24.189] [main/DEBUG] [net.neoforged.fml.loading.moddiscovery.readers.JarModsDotTomlModFileReader/SCAN]: Found META-INF/MANIFEST.MF mod of type GAMELIBRARY: 
[30Sep2026 22:40:24.222] [main/DEBUG] [net.neoforged.fml.loading.moddiscovery.readers.JarModsDotTomlModFileReader/SCAN]: Found META-INF/neoforge.mods.toml mod of type null: 
[30Sep2026 22:40:24.223] [main/DEBUG] [net.neoforged.fml.loading.moddiscovery.ModFileParser/LOADING]: Considering mod file candidate 
[30Sep2026 22:40:24.226] [main/DEBUG] [net.neoforged.fml.loading.moddiscovery.ModFileInfo/LOADING]: Found valid mod file veil-neoforge-1.21.1-4.3.2.jar with {veil} mods - versions {4.3.2}
[30Sep2026 22:40:24.227] [main/DEBUG] [net.neoforged.fml.loading.moddiscovery.readers.JarModsDotTomlModFileReader/SCAN]: Found META-INF/neoforge.mods.toml mod of type null: 
[30Sep2026 22:40:24.227] [main/DEBUG] [net.neoforged.fml.loading.moddiscovery.ModFileParser/LOADING]: Considering mod file candidate 
[30Sep2026 22:40:24.229] [main/DEBUG] [net.neoforged.fml.loading.moddiscovery.ModFileInfo/LOADING]: Found valid mod file sable-companion-common-1.21.1-1.5.0.jar with {sablecompanion} mods - versions {1.5.0}
[30Sep2026 22:40:24.232] [main/DEBUG] [net.neoforged.fml.loading.moddiscovery.readers.JarModsDotTomlModFileReader/SCAN]: Found META-INF/MANIFEST.MF mod of type GAMELIBRARY: 
[30Sep2026 22:40:24.351] [main/DEBUG] [net.neoforged.fml.loading.moddiscovery.readers.JarModsDotTomlModFileReader/SCAN]: Found META-INF/neoforge.mods.toml mod of type null: 
[30Sep2026 22:40:24.351] [main/DEBUG] [net.neoforged.fml.loading.moddiscovery.ModFileParser/LOADING]: Considering mod file candidate 
[30Sep2026 22:40:24.353] [main/DEBUG] [net.neoforged.fml.loading.moddiscovery.ModFileInfo/LOADING]: Found valid mod file dev.eriksonn.aeronautics.aeronautics-neoforge-1.21.1-1.3.1.jar with {aeronautics} mods - versions {1.3.1}
[30Sep2026 22:40:24.362] [main/DEBUG] [net.neoforged.fml.loading.moddiscovery.readers.JarModsDotTomlModFileReader/SCAN]: Found META-INF/neoforge.mods.toml mod of type null: 
[30Sep2026 22:40:24.362] [main/DEBUG] [net.neoforged.fml.loading.moddiscovery.ModFileParser/LOADING]: Considering mod file candidate 
[30Sep2026 22:40:24.363] [main/DEBUG] [net.neoforged.fml.loading.moddiscovery.ModFileInfo/LOADING]: Found valid mod file dev.ryanhcode.offroad.offroad-neoforge-1.21.1-1.3.1.jar with {offroad} mods - versions {1.3.1}
[30Sep2026 22:40:24.421] [main/DEBUG] [net.neoforged.fml.loading.moddiscovery.readers.JarModsDotTomlModFileReader/SCAN]: Found META-INF/neoforge.mods.toml mod of type null: 
[30Sep2026 22:40:24.421] [main/DEBUG] [net.neoforged.fml.loading.moddiscovery.ModFileParser/LOADING]: Considering mod file candidate 
[30Sep2026 22:40:24.423] [main/DEBUG] [net.neoforged.fml.loading.moddiscovery.ModFileInfo/LOADING]: Found valid mod file dev.simulated_team.simulated.simulated-neoforge-1.21.1-1.3.1.jar with {simulated} mods - versions {1.3.1}
[30Sep2026 22:40:24.423] [main/TRACE] [net.neoforged.fml.loading.moddiscovery.locators.JarInJarDependencyLocator/]: Failed to load resource META-INF\jarjar\metadata.json from mixinextras-neoforge-0.5.3.jar, it does not contain dependency information.
[30Sep2026 22:40:24.423] [main/TRACE] [net.neoforged.fml.loading.moddiscovery.locators.JarInJarDependencyLocator/]: Failed to load resource META-INF\jarjar\metadata.json from net.neoforged.neoforge-coremods-21.1.248.jar, it does not contain dependency information.
[30Sep2026 22:40:24.423] [main/TRACE] [net.neoforged.fml.loading.moddiscovery.locators.JarInJarDependencyLocator/]: Failed to load resource META-INF\jarjar\metadata.json from Registrate-MC1.21-1.3.0+67.jar, it does not contain dependency information.
[30Sep2026 22:40:24.423] [main/TRACE] [net.neoforged.fml.loading.moddiscovery.locators.JarInJarDependencyLocator/]: Failed to load resource META-INF\jarjar\metadata.json from flywheel-neoforge-1.21.1-1.0.6.jar, it does not contain dependency information.
[30Sep2026 22:40:24.424] [main/TRACE] [net.neoforged.fml.loading.moddiscovery.locators.JarInJarDependencyLocator/]: Failed to load resource META-INF\jarjar\metadata.json from ponder-neoforge-1.0.82+mc1.21.1.jar, it does not contain dependency information.
[30Sep2026 22:40:24.424] [main/TRACE] [net.neoforged.fml.loading.moddiscovery.locators.JarInJarDependencyLocator/]: Failed to load resource META-INF\jarjar\metadata.json from common-networking-neoforge-1.0.16-1.21.jar, it does not contain dependency information.
[30Sep2026 22:40:24.424] [main/TRACE] [net.neoforged.fml.loading.moddiscovery.locators.JarInJarDependencyLocator/]: Failed to load resource META-INF\jarjar\metadata.json from playeranimator-658587-6024462.jar, it does not contain dependency information.
[30Sep2026 22:40:24.424] [main/TRACE] [net.neoforged.fml.loading.moddiscovery.locators.JarInJarDependencyLocator/]: Failed to load resource META-INF\jarjar\metadata.json from pngj-2.1.0.jar, it does not contain dependency information.
[30Sep2026 22:40:24.425] [main/TRACE] [net.neoforged.fml.loading.moddiscovery.locators.JarInJarDependencyLocator/]: Failed to load resource META-INF\jarjar\metadata.json from journeymap-api-neoforge-2.0.0-1.21.1.jar, it does not contain dependency information.
[30Sep2026 22:40:24.425] [main/TRACE] [net.neoforged.fml.loading.moddiscovery.locators.JarInJarDependencyLocator/]: Failed to load resource META-INF\jarjar\metadata.json from common-networking-neoforge-1.0.21-1.21.1.jar, it does not contain dependency information.
[30Sep2026 22:40:24.425] [main/TRACE] [net.neoforged.fml.loading.moddiscovery.locators.JarInJarDependencyLocator/]: Failed to load resource META-INF\jarjar\metadata.json from sable-companion-common-1.21.1-1.6.0.jar, it does not contain dependency information.
[30Sep2026 22:40:24.425] [main/TRACE] [net.neoforged.fml.loading.moddiscovery.locators.JarInJarDependencyLocator/]: Failed to load resource META-INF\jarjar\metadata.json from dev.ryanhcode.sable.sable-sable_rapier-1.21.1-2.0.5.jar, it does not contain dependency information.
[30Sep2026 22:40:24.431] [main/TRACE] [net.neoforged.fml.loading.moddiscovery.locators.JarInJarDependencyLocator/]: Failed to load resource META-INF\jarjar\metadata.json from sable-companion-common-1.21.1-1.5.0.jar, it does not contain dependency information.
[30Sep2026 22:40:24.431] [main/TRACE] [net.neoforged.fml.loading.moddiscovery.locators.JarInJarDependencyLocator/]: Failed to load resource META-INF\jarjar\metadata.json from mixinextras-neoforge-0.4.1.jar, it does not contain dependency information.
[30Sep2026 22:40:24.432] [main/TRACE] [net.neoforged.fml.loading.moddiscovery.locators.JarInJarDependencyLocator/]: Failed to load resource META-INF\jarjar\metadata.json from cobalt-0.9.9.jar, it does not contain dependency information.
[30Sep2026 22:40:24.432] [main/TRACE] [net.neoforged.fml.loading.moddiscovery.locators.JarInJarDependencyLocator/]: Failed to load resource META-INF\jarjar\metadata.json from jzlib-1.1.3.jar, it does not contain dependency information.
[30Sep2026 22:40:24.432] [main/TRACE] [net.neoforged.fml.loading.moddiscovery.locators.JarInJarDependencyLocator/]: Failed to load resource META-INF\jarjar\metadata.json from dev.eriksonn.aeronautics.aeronautics-neoforge-1.21.1-1.3.1.jar, it does not contain dependency information.
[30Sep2026 22:40:24.432] [main/TRACE] [net.neoforged.fml.loading.moddiscovery.locators.JarInJarDependencyLocator/]: Failed to load resource META-INF\jarjar\metadata.json from dev.ryanhcode.offroad.offroad-neoforge-1.21.1-1.3.1.jar, it does not contain dependency information.
[30Sep2026 22:40:24.432] [main/TRACE] [net.neoforged.fml.loading.moddiscovery.locators.JarInJarDependencyLocator/]: Failed to load resource META-INF\jarjar\metadata.json from dev.simulated_team.simulated.simulated-neoforge-1.21.1-1.3.1.jar, it does not contain dependency information.
[30Sep2026 22:40:24.432] [main/TRACE] [net.neoforged.fml.loading.moddiscovery.locators.JarInJarDependencyLocator/]: Failed to load resource META-INF\jarjar\metadata.json from molang-compiler-3.1.1.19.jar, it does not contain dependency information.
[30Sep2026 22:40:24.432] [main/TRACE] [net.neoforged.fml.loading.moddiscovery.locators.JarInJarDependencyLocator/]: Failed to load resource META-INF\jarjar\metadata.json from glsl-processor-0.2.3.jar, it does not contain dependency information.
[30Sep2026 22:40:24.481] [main/DEBUG] [net.neoforged.fml.loading.moddiscovery.readers.JarModsDotTomlModFileReader/SCAN]: Found META-INF/neoforge.mods.toml mod of type null: 
[30Sep2026 22:40:24.481] [main/DEBUG] [net.neoforged.fml.loading.moddiscovery.ModFileParser/LOADING]: Considering mod file candidate 
[30Sep2026 22:40:24.483] [main/DEBUG] [net.neoforged.fml.loading.moddiscovery.ModFileInfo/LOADING]: Found valid mod file veil-neoforge-1.21.1-4.3.2.jar with {veil} mods - versions {4.3.2}
[30Sep2026 22:40:24.492] [main/DEBUG] [net.neoforged.fml.loading.moddiscovery.readers.JarModsDotTomlModFileReader/SCAN]: Found META-INF/neoforge.mods.toml mod of type null: 
[30Sep2026 22:40:24.492] [main/DEBUG] [net.neoforged.fml.loading.moddiscovery.ModFileParser/LOADING]: Considering mod file candidate 
[30Sep2026 22:40:24.493] [main/DEBUG] [net.neoforged.fml.loading.moddiscovery.ModFileInfo/LOADING]: Found valid mod file playeranimator-658587-6024462.jar with {playeranimator} mods - versions {2.0.1+1.21.1}
[30Sep2026 22:40:24.500] [main/DEBUG] [net.neoforged.fml.loading.moddiscovery.readers.JarModsDotTomlModFileReader/SCAN]: Found META-INF/neoforge.mods.toml mod of type null: 
[30Sep2026 22:40:24.501] [main/DEBUG] [net.neoforged.fml.loading.moddiscovery.ModFileParser/LOADING]: Considering mod file candidate 
[30Sep2026 22:40:24.501] [main/DEBUG] [net.neoforged.fml.loading.moddiscovery.ModFileInfo/LOADING]: Found valid mod file flywheel-neoforge-1.21.1-1.0.6.jar with {flywheel} mods - versions {1.0.6}
[30Sep2026 22:40:24.503] [main/DEBUG] [net.neoforged.fml.loading.moddiscovery.readers.JarModsDotTomlModFileReader/SCAN]: Found META-INF/neoforge.mods.toml mod of type null: 
[30Sep2026 22:40:24.503] [main/DEBUG] [net.neoforged.fml.loading.moddiscovery.ModFileParser/LOADING]: Considering mod file candidate 
[30Sep2026 22:40:24.504] [main/DEBUG] [net.neoforged.fml.loading.moddiscovery.ModFileInfo/LOADING]: Found valid mod file common-networking-neoforge-1.0.21-1.21.1.jar with {commonnetworking} mods - versions {1.0.21-1.21.1}
[30Sep2026 22:40:24.508] [main/DEBUG] [net.neoforged.fml.loading.moddiscovery.readers.JarModsDotTomlModFileReader/SCAN]: Found META-INF/MANIFEST.MF mod of type GAMELIBRARY: 
[30Sep2026 22:40:24.570] [main/DEBUG] [net.neoforged.fml.loading.moddiscovery.readers.JarModsDotTomlModFileReader/SCAN]: Found META-INF/neoforge.mods.toml mod of type null: 
[30Sep2026 22:40:24.570] [main/DEBUG] [net.neoforged.fml.loading.moddiscovery.ModFileParser/LOADING]: Considering mod file candidate 
[30Sep2026 22:40:24.571] [main/DEBUG] [net.neoforged.fml.loading.moddiscovery.ModFileInfo/LOADING]: Found valid mod file dev.eriksonn.aeronautics.aeronautics-neoforge-1.21.1-1.3.1.jar with {aeronautics} mods - versions {1.3.1}
[30Sep2026 22:40:24.572] [main/DEBUG] [net.neoforged.fml.loading.moddiscovery.readers.JarModsDotTomlModFileReader/SCAN]: Found META-INF/MANIFEST.MF mod of type LIBRARY: 
[30Sep2026 22:40:24.610] [main/DEBUG] [net.neoforged.fml.loading.moddiscovery.readers.JarModsDotTomlModFileReader/SCAN]: Found META-INF/neoforge.mods.toml mod of type null: 
[30Sep2026 22:40:24.610] [main/DEBUG] [net.neoforged.fml.loading.moddiscovery.ModFileParser/LOADING]: Considering mod file candidate 
[30Sep2026 22:40:24.612] [main/DEBUG] [net.neoforged.fml.loading.moddiscovery.ModFileInfo/LOADING]: Found valid mod file dev.simulated_team.simulated.simulated-neoforge-1.21.1-1.3.1.jar with {simulated} mods - versions {1.3.1}
[30Sep2026 22:40:24.621] [main/DEBUG] [net.neoforged.fml.loading.moddiscovery.readers.JarModsDotTomlModFileReader/SCAN]: Found META-INF/MANIFEST.MF mod of type GAMELIBRARY: 
[30Sep2026 22:40:24.627] [main/DEBUG] [net.neoforged.fml.loading.moddiscovery.readers.JarModsDotTomlModFileReader/SCAN]: Found META-INF/neoforge.mods.toml mod of type null: 
[30Sep2026 22:40:24.627] [main/DEBUG] [net.neoforged.fml.loading.moddiscovery.ModFileParser/LOADING]: Considering mod file candidate 
[30Sep2026 22:40:24.629] [main/DEBUG] [net.neoforged.fml.loading.moddiscovery.ModFileInfo/LOADING]: Found valid mod file sable-companion-common-1.21.1-1.6.0.jar with {sablecompanion} mods - versions {1.6.0}
[30Sep2026 22:40:24.635] [main/DEBUG] [net.neoforged.fml.loading.moddiscovery.readers.JarModsDotTomlModFileReader/SCAN]: Found META-INF/neoforge.mods.toml mod of type null: 
[30Sep2026 22:40:24.635] [main/DEBUG] [net.neoforged.fml.loading.moddiscovery.ModFileParser/LOADING]: Considering mod file candidate 
[30Sep2026 22:40:24.637] [main/DEBUG] [net.neoforged.fml.loading.moddiscovery.ModFileInfo/LOADING]: Found valid mod file dev.ryanhcode.offroad.offroad-neoforge-1.21.1-1.3.1.jar with {offroad} mods - versions {1.3.1}
[30Sep2026 22:40:24.647] [main/DEBUG] [net.neoforged.fml.loading.moddiscovery.readers.JarModsDotTomlModFileReader/SCAN]: Found META-INF/neoforge.mods.toml mod of type null: 
[30Sep2026 22:40:24.647] [main/DEBUG] [net.neoforged.fml.loading.moddiscovery.ModFileParser/LOADING]: Considering mod file candidate 
[30Sep2026 22:40:24.648] [main/DEBUG] [net.neoforged.fml.loading.moddiscovery.ModFileInfo/LOADING]: Found valid mod file ponder-neoforge-1.0.82+mc1.21.1.jar with {ponder} mods - versions {1.0.82+mc1.21.1}
[30Sep2026 22:40:24.672] [main/DEBUG] [net.neoforged.fml.loading.moddiscovery.readers.JarModsDotTomlModFileReader/SCAN]: Found META-INF/MANIFEST.MF mod of type GAMELIBRARY: 
[30Sep2026 22:40:24.674] [main/DEBUG] [net.neoforged.fml.loading.moddiscovery.readers.JarModsDotTomlModFileReader/SCAN]: Found META-INF/neoforge.mods.toml mod of type null: 
[30Sep2026 22:40:24.674] [main/DEBUG] [net.neoforged.fml.loading.moddiscovery.ModFileParser/LOADING]: Considering mod file candidate 
[30Sep2026 22:40:24.675] [main/DEBUG] [net.neoforged.fml.loading.moddiscovery.ModFileInfo/LOADING]: Found valid mod file journeymap-api-neoforge-2.0.0-1.21.1.jar with {journeymap_api} mods - versions {2.0.0-1.21.1}
[30Sep2026 22:40:24.681] [main/INFO] [net.neoforged.fml.loading.moddiscovery.locators.JarInJarDependencyLocator/]: Found 19 dependencies adding them to mods collection
[30Sep2026 22:40:24.681] [main/INFO] [net.neoforged.fml.loading.moddiscovery.ModDiscoverer/SCAN]: Found gamelibrary file "mixinextras-neoforge-0.5.3.jar" [parent: neoforge-21.1.248-universal.jar, locator: jarinjar, reader: mod manifest]
[30Sep2026 22:40:24.682] [main/INFO] [net.neoforged.fml.loading.moddiscovery.ModDiscoverer/SCAN]: Found library file "jzlib-1.1.3.jar" [parent: cc-tweaked-1.21.1-forge-1.120.2.jar, locator: jarinjar]
[30Sep2026 22:40:24.682] [main/INFO] [net.neoforged.fml.loading.moddiscovery.ModDiscoverer/SCAN]: Found mod file "veil-neoforge-1.21.1-4.3.2.jar" [parent: sable-neoforge-1.21.1-2.0.5.jar, locator: jarinjar, reader: mod manifest]
[30Sep2026 22:40:24.683] [main/INFO] [net.neoforged.fml.loading.moddiscovery.ModDiscoverer/SCAN]: Found mod file "dev.simulated_team.simulated.simulated-neoforge-1.21.1-1.3.1.jar" [parent: create-aeronautics-bundled-1.21.1-1.3.1.jar, locator: jarinjar, reader: mod manifest]
[30Sep2026 22:40:24.683] [main/INFO] [net.neoforged.fml.loading.moddiscovery.ModDiscoverer/SCAN]: Found gamelibrary file "dev.ryanhcode.sable.sable-sable_rapier-1.21.1-2.0.5.jar" [parent: sable-neoforge-1.21.1-2.0.5.jar, locator: jarinjar, reader: mod manifest]
[30Sep2026 22:40:24.683] [main/INFO] [net.neoforged.fml.loading.moddiscovery.ModDiscoverer/SCAN]: Found library file "glsl-processor-0.2.3.jar" [parent: veil-neoforge-1.21.1-4.3.2.jar, locator: jarinjar]
[30Sep2026 22:40:24.683] [main/INFO] [net.neoforged.fml.loading.moddiscovery.ModDiscoverer/SCAN]: Found mod file "ponder-neoforge-1.0.82+mc1.21.1.jar" [parent: create-1.21.1-6.0.10.jar, locator: jarinjar, reader: mod manifest]
[30Sep2026 22:40:24.683] [main/INFO] [net.neoforged.fml.loading.moddiscovery.ModDiscoverer/SCAN]: Found mod file "playeranimator-658587-6024462.jar" [parent: gliders-1.21.1-neoforge-1.1.8.jar, locator: jarinjar, reader: mod manifest]
[30Sep2026 22:40:24.684] [main/INFO] [net.neoforged.fml.loading.moddiscovery.ModDiscoverer/SCAN]: Found library file "net.neoforged.neoforge-coremods-21.1.248.jar" [parent: neoforge-21.1.248-universal.jar, locator: jarinjar, reader: mod manifest]
[30Sep2026 22:40:24.684] [main/INFO] [net.neoforged.fml.loading.moddiscovery.ModDiscoverer/SCAN]: Found library file "pngj-2.1.0.jar" [parent: journeymap-neoforge-1.21.1-6.0.5.jar, locator: jarinjar]
[30Sep2026 22:40:24.684] [main/INFO] [net.neoforged.fml.loading.moddiscovery.ModDiscoverer/SCAN]: Found library file "molang-compiler-3.1.1.19.jar" [parent: veil-neoforge-1.21.1-4.3.2.jar, locator: jarinjar]
[30Sep2026 22:40:24.684] [main/INFO] [net.neoforged.fml.loading.moddiscovery.ModDiscoverer/SCAN]: Found mod file "dev.eriksonn.aeronautics.aeronautics-neoforge-1.21.1-1.3.1.jar" [parent: create-aeronautics-bundled-1.21.1-1.3.1.jar, locator: jarinjar, reader: mod manifest]
[30Sep2026 22:40:24.685] [main/INFO] [net.neoforged.fml.loading.moddiscovery.ModDiscoverer/SCAN]: Found mod file "common-networking-neoforge-1.0.21-1.21.1.jar" [parent: journeymap-neoforge-1.21.1-6.0.5.jar, locator: jarinjar, reader: mod manifest]
[30Sep2026 22:40:24.685] [main/INFO] [net.neoforged.fml.loading.moddiscovery.ModDiscoverer/SCAN]: Found library file "cobalt-0.9.9.jar" [parent: cc-tweaked-1.21.1-forge-1.120.2.jar, locator: jarinjar]
[30Sep2026 22:40:24.685] [main/INFO] [net.neoforged.fml.loading.moddiscovery.ModDiscoverer/SCAN]: Found gamelibrary file "Registrate-MC1.21-1.3.0+67.jar" [parent: create-1.21.1-6.0.10.jar, locator: jarinjar, reader: mod manifest]
[30Sep2026 22:40:24.685] [main/INFO] [net.neoforged.fml.loading.moddiscovery.ModDiscoverer/SCAN]: Found mod file "sable-companion-common-1.21.1-1.6.0.jar" [parent: sable-neoforge-1.21.1-2.0.5.jar, locator: jarinjar, reader: mod manifest]
[30Sep2026 22:40:24.685] [main/INFO] [net.neoforged.fml.loading.moddiscovery.ModDiscoverer/SCAN]: Found mod file "flywheel-neoforge-1.21.1-1.0.6.jar" [parent: create-1.21.1-6.0.10.jar, locator: jarinjar, reader: mod manifest]
[30Sep2026 22:40:24.685] [main/INFO] [net.neoforged.fml.loading.moddiscovery.ModDiscoverer/SCAN]: Found mod file "journeymap-api-neoforge-2.0.0-1.21.1.jar" [parent: journeymap-neoforge-1.21.1-6.0.5.jar, locator: jarinjar, reader: mod manifest]
[30Sep2026 22:40:24.685] [main/INFO] [net.neoforged.fml.loading.moddiscovery.ModDiscoverer/SCAN]: Found mod file "dev.ryanhcode.offroad.offroad-neoforge-1.21.1-1.3.1.jar" [parent: create-aeronautics-bundled-1.21.1-1.3.1.jar, locator: jarinjar, reader: mod manifest]
[30Sep2026 22:40:24.689] [main/INFO] [net.neoforged.fml.loading.moddiscovery.ModDiscoverer/]: 
     Mod List:
		Name Version (Mod Id)

		All Arrows Pickup 1.0.0 (allarrowspickup)
		Bad Packets 0.8.2 (badpackets)
		CC: Tweaked 1.120.2 (computercraft)
		Cloth Config v15 API 15.0.140 (cloth_config)
		Common Networking 1.0.21-1.21.1 (commonnetworking)
		Create 6.0.10 (create)
		Create Aeronautics 1.3.1 (aeronautics)
		Create Aeronautics 1.3.1 (aeronautics_bundled)
		Create Offroad 1.3.1 (offroad)
		Create Simulated 1.3.1 (simulated)
		Create: Power Loader 2.0.5-mc1.21.1 (create_power_loader)
		Distant Horizons 3.2.0-b (distanthorizons)
		Flywheel 1.0.6 (flywheel)
		Gliders 1.1.8 (vc_gliders)
		Journeymap 1.21.1-6.0.5 (journeymap)
		JourneyMap API 2.0.0-1.21.1 (journeymap_api)
		Just Enough Items 19.27.0.336 (jei)
		Minecraft 1.21.1 (minecraft)
		Musket Mod 1.5.4 (musketmod)
		NeoForge 21.1.248 (neoforge)
		Paxels 0.1.3 (paxels)
		Player Animator 2.0.1+1.21.1 (playeranimator)
		Ponder 1.0.82+mc1.21.1 (ponder)
		Sable 2.0.5 (sable)
		Sable Companion 1.6.0 (sablecompanion)
		Simple Inventory Sorter 24.0.24 (inventorysorter)
		Veil 4.3.2 (veil)
		wthit 12.10.2 (wthit)
[30Sep2026 22:40:24.691] [main/DEBUG] [net.neoforged.fml.loading.moddiscovery.ModFileInfo/LOADING]: Found valid mod file server-1.21.1-20240808.144430-srg.jar with {minecraft} mods - versions {1.21.1}
[30Sep2026 22:40:24.691] [main/DEBUG] [net.neoforged.fml.loading.moddiscovery.ModFile/LOADING]: Loading mod file X:\NonSteamGamesOnXray\Minecraft\MinecraftCreateServer-Sept2026\libraries\net\minecraft\server\1.21.1-20240808.144430\server-1.21.1-20240808.144430-srg.jar with languages [LanguageSpec[languageName=minecraft, acceptedVersions=1]]
[30Sep2026 22:40:24.692] [main/DEBUG] [net.neoforged.fml.loading.moddiscovery.ModFileParser/LOADING]: Considering mod file candidate X:\NonSteamGamesOnXray\Minecraft\MinecraftCreateServer-Sept2026\mods\inventorysorter-1.21.1-24.0.24.jar
[30Sep2026 22:40:24.692] [main/DEBUG] [net.neoforged.fml.loading.moddiscovery.ModFileInfo/LOADING]: Found valid mod file inventorysorter-1.21.1-24.0.24.jar with {inventorysorter} mods - versions {24.0.24}
[30Sep2026 22:40:24.694] [main/DEBUG] [net.neoforged.fml.loading.moddiscovery.ModFile/LOADING]: Loading mod file X:\NonSteamGamesOnXray\Minecraft\MinecraftCreateServer-Sept2026\mods\inventorysorter-1.21.1-24.0.24.jar with languages [LanguageSpec[languageName=javafml, acceptedVersions=[4,)]]
[30Sep2026 22:40:24.694] [main/DEBUG] [net.neoforged.fml.loading.moddiscovery.ModFileParser/LOADING]: Considering mod file candidate X:\NonSteamGamesOnXray\Minecraft\MinecraftCreateServer-Sept2026\mods\paxels-0.1.3-neoforge-1.21.1.jar
[30Sep2026 22:40:24.694] [main/DEBUG] [net.neoforged.fml.loading.moddiscovery.ModFileInfo/LOADING]: Found valid mod file paxels-0.1.3-neoforge-1.21.1.jar with {paxels} mods - versions {0.1.3}
[30Sep2026 22:40:24.694] [main/DEBUG] [net.neoforged.fml.loading.moddiscovery.ModFile/LOADING]: Loading mod file X:\NonSteamGamesOnXray\Minecraft\MinecraftCreateServer-Sept2026\mods\paxels-0.1.3-neoforge-1.21.1.jar with languages [LanguageSpec[languageName=javafml, acceptedVersions=[1,)]]
[30Sep2026 22:40:24.694] [main/DEBUG] [net.neoforged.fml.loading.moddiscovery.ModFileParser/LOADING]: Considering mod file candidate 
[30Sep2026 22:40:24.695] [main/DEBUG] [net.neoforged.fml.loading.moddiscovery.ModFileInfo/LOADING]: Found valid mod file playeranimator-658587-6024462.jar with {playeranimator} mods - versions {2.0.1+1.21.1}
[30Sep2026 22:40:24.695] [main/DEBUG] [net.neoforged.fml.loading.moddiscovery.ModFile/LOADING]: Loading mod file  with languages [LanguageSpec[languageName=javafml, acceptedVersions=*]]
[30Sep2026 22:40:24.696] [main/DEBUG] [net.neoforged.fml.loading.moddiscovery.ModFile/LOADING]: Found mixin config MixinConfig[config=playerAnimator-common.mixins.json, requiredMods=[]]
[30Sep2026 22:40:24.696] [main/DEBUG] [net.neoforged.fml.loading.moddiscovery.ModFileParser/LOADING]: Considering mod file candidate 
[30Sep2026 22:40:24.698] [main/DEBUG] [net.neoforged.fml.loading.moddiscovery.ModFileInfo/LOADING]: Found valid mod file ponder-neoforge-1.0.82+mc1.21.1.jar with {ponder} mods - versions {1.0.82+mc1.21.1}
[30Sep2026 22:40:24.698] [main/DEBUG] [net.neoforged.fml.loading.moddiscovery.ModFile/LOADING]: Loading mod file  with languages [LanguageSpec[languageName=javafml, acceptedVersions=[0,)]]
[30Sep2026 22:40:24.698] [main/DEBUG] [net.neoforged.fml.loading.moddiscovery.ModFile/LOADING]: Found mixin config MixinConfig[config=ponder.mixins.json, requiredMods=[]]
[30Sep2026 22:40:24.698] [main/DEBUG] [net.neoforged.fml.loading.moddiscovery.ModFile/LOADING]: Found mixin config MixinConfig[config=ponder-common.mixins.json, requiredMods=[]]
[30Sep2026 22:40:24.698] [main/DEBUG] [net.neoforged.fml.loading.moddiscovery.ModFileParser/LOADING]: Considering mod file candidate X:\NonSteamGamesOnXray\Minecraft\MinecraftCreateServer-Sept2026\mods\jei-1.21.1-neoforge-19.27.0.336.jar
[30Sep2026 22:40:24.699] [main/DEBUG] [net.neoforged.fml.loading.moddiscovery.ModFileInfo/LOADING]: Found valid mod file jei-1.21.1-neoforge-19.27.0.336.jar with {jei} mods - versions {19.27.0.336}
[30Sep2026 22:40:24.699] [main/DEBUG] [net.neoforged.fml.loading.moddiscovery.ModFile/LOADING]: Loading mod file X:\NonSteamGamesOnXray\Minecraft\MinecraftCreateServer-Sept2026\mods\jei-1.21.1-neoforge-19.27.0.336.jar with languages [LanguageSpec[languageName=javafml, acceptedVersions=[4,)]]
[30Sep2026 22:40:24.699] [main/DEBUG] [net.neoforged.fml.loading.moddiscovery.ModFileParser/LOADING]: Considering mod file candidate X:\NonSteamGamesOnXray\Minecraft\MinecraftCreateServer-Sept2026\mods\sable-neoforge-1.21.1-2.0.5.jar
[30Sep2026 22:40:24.700] [main/DEBUG] [net.neoforged.fml.loading.moddiscovery.ModFileInfo/LOADING]: Found valid mod file sable-neoforge-1.21.1-2.0.5.jar with {sable} mods - versions {2.0.5}
[30Sep2026 22:40:24.700] [main/DEBUG] [net.neoforged.fml.loading.moddiscovery.ModFile/LOADING]: Loading mod file X:\NonSteamGamesOnXray\Minecraft\MinecraftCreateServer-Sept2026\mods\sable-neoforge-1.21.1-2.0.5.jar with languages [LanguageSpec[languageName=javafml, acceptedVersions=[4,)]]
[30Sep2026 22:40:24.700] [main/DEBUG] [net.neoforged.fml.loading.moddiscovery.ModFile/LOADING]: Found mixin config MixinConfig[config=sable.mixins.json, requiredMods=[]]
[30Sep2026 22:40:24.700] [main/DEBUG] [net.neoforged.fml.loading.moddiscovery.ModFile/LOADING]: Found mixin config MixinConfig[config=sable-neoforge.mixins.json, requiredMods=[]]
[30Sep2026 22:40:24.700] [main/DEBUG] [net.neoforged.fml.loading.moddiscovery.ModFileParser/LOADING]: Considering mod file candidate X:\NonSteamGamesOnXray\Minecraft\MinecraftCreateServer-Sept2026\mods\gliders-1.21.1-neoforge-1.1.8.jar
[30Sep2026 22:40:24.701] [main/DEBUG] [net.neoforged.fml.loading.moddiscovery.ModFileInfo/LOADING]: Found valid mod file gliders-1.21.1-neoforge-1.1.8.jar with {vc_gliders} mods - versions {1.1.8}
[30Sep2026 22:40:24.701] [main/DEBUG] [net.neoforged.fml.loading.moddiscovery.ModFile/LOADING]: Loading mod file X:\NonSteamGamesOnXray\Minecraft\MinecraftCreateServer-Sept2026\mods\gliders-1.21.1-neoforge-1.1.8.jar with languages [LanguageSpec[languageName=javafml, acceptedVersions=[4,)]]
[30Sep2026 22:40:24.701] [main/DEBUG] [net.neoforged.fml.loading.moddiscovery.ModFile/LOADING]: Found mixin config MixinConfig[config=vc_gliders-common.mixins.json, requiredMods=[]]
[30Sep2026 22:40:24.701] [main/DEBUG] [net.neoforged.fml.loading.moddiscovery.ModFileParser/LOADING]: Considering mod file candidate 
[30Sep2026 22:40:24.701] [main/DEBUG] [net.neoforged.fml.loading.moddiscovery.ModFileInfo/LOADING]: Found valid mod file common-networking-neoforge-1.0.21-1.21.1.jar with {commonnetworking} mods - versions {1.0.21-1.21.1}
[30Sep2026 22:40:24.703] [main/DEBUG] [net.neoforged.fml.loading.moddiscovery.ModFile/LOADING]: Loading mod file  with languages [LanguageSpec[languageName=javafml, acceptedVersions=[2,)]]
[30Sep2026 22:40:24.703] [main/DEBUG] [net.neoforged.fml.loading.moddiscovery.ModFileParser/LOADING]: Considering mod file candidate 
[30Sep2026 22:40:24.703] [main/DEBUG] [net.neoforged.fml.loading.moddiscovery.ModFileInfo/LOADING]: Found valid mod file dev.eriksonn.aeronautics.aeronautics-neoforge-1.21.1-1.3.1.jar with {aeronautics} mods - versions {1.3.1}
[30Sep2026 22:40:24.703] [main/DEBUG] [net.neoforged.fml.loading.moddiscovery.ModFile/LOADING]: Loading mod file  with languages [LanguageSpec[languageName=javafml, acceptedVersions=[4,)]]
[30Sep2026 22:40:24.703] [main/DEBUG] [net.neoforged.fml.loading.moddiscovery.ModFile/LOADING]: Found mixin config MixinConfig[config=aeronautics.mixins.json, requiredMods=[]]
[30Sep2026 22:40:24.703] [main/DEBUG] [net.neoforged.fml.loading.moddiscovery.ModFile/LOADING]: Found mixin config MixinConfig[config=aeronautics.neoforge.mixins.json, requiredMods=[]]
[30Sep2026 22:40:24.703] [main/DEBUG] [net.neoforged.fml.loading.moddiscovery.ModFileParser/LOADING]: Considering mod file candidate X:\NonSteamGamesOnXray\Minecraft\MinecraftCreateServer-Sept2026\mods\create-aeronautics-bundled-1.21.1-1.3.1.jar
[30Sep2026 22:40:24.704] [main/DEBUG] [net.neoforged.fml.loading.moddiscovery.ModFileInfo/LOADING]: Found valid mod file create-aeronautics-bundled-1.21.1-1.3.1.jar with {aeronautics_bundled} mods - versions {1.3.1}
[30Sep2026 22:40:24.704] [main/DEBUG] [net.neoforged.fml.loading.moddiscovery.ModFile/LOADING]: Loading mod file X:\NonSteamGamesOnXray\Minecraft\MinecraftCreateServer-Sept2026\mods\create-aeronautics-bundled-1.21.1-1.3.1.jar with languages [LanguageSpec[languageName=lowcodefml, acceptedVersions=[4,)]]
[30Sep2026 22:40:24.704] [main/DEBUG] [net.neoforged.fml.loading.moddiscovery.ModFileParser/LOADING]: Considering mod file candidate X:\NonSteamGamesOnXray\Minecraft\MinecraftCreateServer-Sept2026\mods\wthit-1.21.1-neo-12.10.2.jar
[30Sep2026 22:40:24.705] [main/DEBUG] [net.neoforged.fml.loading.moddiscovery.ModFileInfo/LOADING]: Found valid mod file wthit-1.21.1-neo-12.10.2.jar with {wthit,waila} mods - versions {12.10.2,12.10.2}
[30Sep2026 22:40:24.706] [main/DEBUG] [net.neoforged.fml.loading.moddiscovery.ModFile/LOADING]: Loading mod file X:\NonSteamGamesOnXray\Minecraft\MinecraftCreateServer-Sept2026\mods\wthit-1.21.1-neo-12.10.2.jar with languages [LanguageSpec[languageName=javafml, acceptedVersions=[1,)]]
[30Sep2026 22:40:24.706] [main/DEBUG] [net.neoforged.fml.loading.moddiscovery.ModFile/LOADING]: Found mixin config MixinConfig[config=wthit.mixins.json, requiredMods=[]]
[30Sep2026 22:40:24.706] [main/DEBUG] [net.neoforged.fml.loading.moddiscovery.ModFileParser/LOADING]: Considering mod file candidate X:\NonSteamGamesOnXray\Minecraft\MinecraftCreateServer-Sept2026\mods\allarrowspickup-1.0.0.jar
[30Sep2026 22:40:24.707] [main/DEBUG] [net.neoforged.fml.loading.moddiscovery.ModFileInfo/LOADING]: Found valid mod file allarrowspickup-1.0.0.jar with {allarrowspickup} mods - versions {1.0.0}
[30Sep2026 22:40:24.707] [main/DEBUG] [net.neoforged.fml.loading.moddiscovery.ModFile/LOADING]: Loading mod file X:\NonSteamGamesOnXray\Minecraft\MinecraftCreateServer-Sept2026\mods\allarrowspickup-1.0.0.jar with languages [LanguageSpec[languageName=javafml, acceptedVersions=[1,)]]
[30Sep2026 22:40:24.707] [main/DEBUG] [net.neoforged.fml.loading.moddiscovery.ModFile/LOADING]: Found mixin config MixinConfig[config=allarrowspickup.mixins.json, requiredMods=[]]
[30Sep2026 22:40:24.707] [main/DEBUG] [net.neoforged.fml.loading.moddiscovery.ModFileParser/LOADING]: Considering mod file candidate 
[30Sep2026 22:40:24.708] [main/DEBUG] [net.neoforged.fml.loading.moddiscovery.ModFileInfo/LOADING]: Found valid mod file flywheel-neoforge-1.21.1-1.0.6.jar with {flywheel} mods - versions {1.0.6}
[30Sep2026 22:40:24.708] [main/DEBUG] [net.neoforged.fml.loading.moddiscovery.ModFile/LOADING]: Loading mod file  with languages [LanguageSpec[languageName=javafml, acceptedVersions=[0,)]]
[30Sep2026 22:40:24.708] [main/DEBUG] [net.neoforged.fml.loading.moddiscovery.ModFile/LOADING]: Found mixin config MixinConfig[config=flywheel.backend.mixins.json, requiredMods=[]]
[30Sep2026 22:40:24.708] [main/DEBUG] [net.neoforged.fml.loading.moddiscovery.ModFile/LOADING]: Found mixin config MixinConfig[config=flywheel.impl.mixins.json, requiredMods=[]]
[30Sep2026 22:40:24.708] [main/DEBUG] [net.neoforged.fml.loading.moddiscovery.ModFile/LOADING]: Found mixin config MixinConfig[config=flywheel.impl.neoforge.mixins.json, requiredMods=[]]
[30Sep2026 22:40:24.709] [main/DEBUG] [net.neoforged.fml.loading.moddiscovery.ModFileParser/LOADING]: Considering mod file candidate 
[30Sep2026 22:40:24.709] [main/DEBUG] [net.neoforged.fml.loading.moddiscovery.ModFileInfo/LOADING]: Found valid mod file sable-companion-common-1.21.1-1.6.0.jar with {sablecompanion} mods - versions {1.6.0}
[30Sep2026 22:40:24.709] [main/DEBUG] [net.neoforged.fml.loading.moddiscovery.ModFile/LOADING]: Loading mod file  with languages [LanguageSpec[languageName=javafml, acceptedVersions=[4,)]]
[30Sep2026 22:40:24.709] [main/DEBUG] [net.neoforged.fml.loading.moddiscovery.ModFileParser/LOADING]: Considering mod file candidate X:\NonSteamGamesOnXray\Minecraft\MinecraftCreateServer-Sept2026\mods\create-1.21.1-6.0.10.jar
[30Sep2026 22:40:24.710] [main/DEBUG] [net.neoforged.fml.loading.moddiscovery.ModFileInfo/LOADING]: Found valid mod file create-1.21.1-6.0.10.jar with {create} mods - versions {6.0.10}
[30Sep2026 22:40:24.710] [main/DEBUG] [net.neoforged.fml.loading.moddiscovery.ModFile/LOADING]: Loading mod file X:\NonSteamGamesOnXray\Minecraft\MinecraftCreateServer-Sept2026\mods\create-1.21.1-6.0.10.jar with languages [LanguageSpec[languageName=javafml, acceptedVersions=[0,)]]
[30Sep2026 22:40:24.710] [main/DEBUG] [net.neoforged.fml.loading.moddiscovery.ModFile/LOADING]: Found mixin config MixinConfig[config=create.mixins.json, requiredMods=[]]
[30Sep2026 22:40:24.710] [main/DEBUG] [net.neoforged.fml.loading.moddiscovery.ModFileParser/LOADING]: Considering mod file candidate X:\NonSteamGamesOnXray\Minecraft\MinecraftCreateServer-Sept2026\libraries\net\neoforged\neoforge\21.1.248\neoforge-21.1.248-universal.jar
[30Sep2026 22:40:24.711] [main/DEBUG] [net.neoforged.fml.loading.moddiscovery.ModFileInfo/LOADING]: Found valid mod file neoforge-21.1.248-universal.jar with {neoforge} mods - versions {21.1.248}
[30Sep2026 22:40:24.711] [main/DEBUG] [net.neoforged.fml.loading.moddiscovery.ModFile/LOADING]: Loading mod file X:\NonSteamGamesOnXray\Minecraft\MinecraftCreateServer-Sept2026\libraries\net\neoforged\neoforge\21.1.248\neoforge-21.1.248-universal.jar with languages [LanguageSpec[languageName=javafml, acceptedVersions=[3,]]]
[30Sep2026 22:40:24.711] [main/DEBUG] [net.neoforged.fml.loading.moddiscovery.ModFile/LOADING]: Found mixin config MixinConfig[config=neoforge.mixins.json, requiredMods=[]]
[30Sep2026 22:40:24.711] [main/DEBUG] [net.neoforged.fml.loading.moddiscovery.ModFileParser/LOADING]: Considering mod file candidate X:\NonSteamGamesOnXray\Minecraft\MinecraftCreateServer-Sept2026\mods\journeymap-neoforge-1.21.1-6.0.5.jar
[30Sep2026 22:40:24.711] [main/DEBUG] [net.neoforged.fml.loading.moddiscovery.ModFileInfo/LOADING]: Found valid mod file journeymap-neoforge-1.21.1-6.0.5.jar with {journeymap} mods - versions {1.21.1-6.0.5}
[30Sep2026 22:40:24.711] [main/DEBUG] [net.neoforged.fml.loading.moddiscovery.ModFile/LOADING]: Loading mod file X:\NonSteamGamesOnXray\Minecraft\MinecraftCreateServer-Sept2026\mods\journeymap-neoforge-1.21.1-6.0.5.jar with languages [LanguageSpec[languageName=javafml, acceptedVersions=[1,)]]
[30Sep2026 22:40:24.712] [main/DEBUG] [net.neoforged.fml.loading.moddiscovery.ModFile/LOADING]: Found mixin config MixinConfig[config=journeymap.mixins.json, requiredMods=[]]
[30Sep2026 22:40:24.712] [main/DEBUG] [net.neoforged.fml.loading.moddiscovery.ModFile/LOADING]: Found mixin config MixinConfig[config=journeymap.neoforge.mixins.json, requiredMods=[]]
[30Sep2026 22:40:24.712] [main/DEBUG] [net.neoforged.fml.loading.moddiscovery.ModFileParser/LOADING]: Considering mod file candidate X:\NonSteamGamesOnXray\Minecraft\MinecraftCreateServer-Sept2026\mods\badpackets-neo-0.8.2.jar
[30Sep2026 22:40:24.712] [main/DEBUG] [net.neoforged.fml.loading.moddiscovery.ModFileInfo/LOADING]: Found valid mod file badpackets-neo-0.8.2.jar with {badpackets} mods - versions {0.8.2}
[30Sep2026 22:40:24.712] [main/DEBUG] [net.neoforged.fml.loading.moddiscovery.ModFile/LOADING]: Loading mod file X:\NonSteamGamesOnXray\Minecraft\MinecraftCreateServer-Sept2026\mods\badpackets-neo-0.8.2.jar with languages [LanguageSpec[languageName=javafml, acceptedVersions=[1,)]]
[30Sep2026 22:40:24.713] [main/DEBUG] [net.neoforged.fml.loading.moddiscovery.ModFile/LOADING]: Found mixin config MixinConfig[config=badpackets.mixins.json, requiredMods=[]]
[30Sep2026 22:40:24.713] [main/DEBUG] [net.neoforged.fml.loading.moddiscovery.ModFileParser/LOADING]: Considering mod file candidate 
[30Sep2026 22:40:24.714] [main/DEBUG] [net.neoforged.fml.loading.moddiscovery.ModFileInfo/LOADING]: Found valid mod file veil-neoforge-1.21.1-4.3.2.jar with {veil} mods - versions {4.3.2}
[30Sep2026 22:40:24.714] [main/DEBUG] [net.neoforged.fml.loading.moddiscovery.ModFile/LOADING]: Loading mod file  with languages [LanguageSpec[languageName=javafml, acceptedVersions=[4,)]]
[30Sep2026 22:40:24.714] [main/DEBUG] [net.neoforged.fml.loading.moddiscovery.ModFile/LOADING]: Found mixin config MixinConfig[config=veil.command.mixins.json, requiredMods=[]]
[30Sep2026 22:40:24.714] [main/DEBUG] [net.neoforged.fml.loading.moddiscovery.ModFile/LOADING]: Found mixin config MixinConfig[config=veil.debug.mixins.json, requiredMods=[]]
[30Sep2026 22:40:24.714] [main/DEBUG] [net.neoforged.fml.loading.moddiscovery.ModFile/LOADING]: Found mixin config MixinConfig[config=veil.dynamicbuffer.mixins.json, requiredMods=[]]
[30Sep2026 22:40:24.714] [main/DEBUG] [net.neoforged.fml.loading.moddiscovery.ModFile/LOADING]: Found mixin config MixinConfig[config=veil.fix.mixins.json, requiredMods=[]]
[30Sep2026 22:40:24.714] [main/DEBUG] [net.neoforged.fml.loading.moddiscovery.ModFile/LOADING]: Found mixin config MixinConfig[config=veil.framebuffer.mixins.json, requiredMods=[]]
[30Sep2026 22:40:24.714] [main/DEBUG] [net.neoforged.fml.loading.moddiscovery.ModFile/LOADING]: Found mixin config MixinConfig[config=veil.necromancer.mixins.json, requiredMods=[]]
[30Sep2026 22:40:24.715] [main/DEBUG] [net.neoforged.fml.loading.moddiscovery.ModFile/LOADING]: Found mixin config MixinConfig[config=veil.network.mixins.json, requiredMods=[]]
[30Sep2026 22:40:24.715] [main/DEBUG] [net.neoforged.fml.loading.moddiscovery.ModFile/LOADING]: Found mixin config MixinConfig[config=veil.performance.mixins.json, requiredMods=[]]
[30Sep2026 22:40:24.715] [main/DEBUG] [net.neoforged.fml.loading.moddiscovery.ModFile/LOADING]: Found mixin config MixinConfig[config=veil.perspective.mixins.json, requiredMods=[]]
[30Sep2026 22:40:24.715] [main/DEBUG] [net.neoforged.fml.loading.moddiscovery.ModFile/LOADING]: Found mixin config MixinConfig[config=veil.pipeline.mixins.json, requiredMods=[]]
[30Sep2026 22:40:24.715] [main/DEBUG] [net.neoforged.fml.loading.moddiscovery.ModFile/LOADING]: Found mixin config MixinConfig[config=veil.quasar.mixins.json, requiredMods=[]]
[30Sep2026 22:40:24.715] [main/DEBUG] [net.neoforged.fml.loading.moddiscovery.ModFile/LOADING]: Found mixin config MixinConfig[config=veil.registry.mixins.json, requiredMods=[]]
[30Sep2026 22:40:24.715] [main/DEBUG] [net.neoforged.fml.loading.moddiscovery.ModFile/LOADING]: Found mixin config MixinConfig[config=veil.rendertype.mixins.json, requiredMods=[]]
[30Sep2026 22:40:24.715] [main/DEBUG] [net.neoforged.fml.loading.moddiscovery.ModFile/LOADING]: Found mixin config MixinConfig[config=veil.resource.mixins.json, requiredMods=[]]
[30Sep2026 22:40:24.715] [main/DEBUG] [net.neoforged.fml.loading.moddiscovery.ModFile/LOADING]: Found mixin config MixinConfig[config=veil.scheduler.mixins.json, requiredMods=[]]
[30Sep2026 22:40:24.715] [main/DEBUG] [net.neoforged.fml.loading.moddiscovery.ModFile/LOADING]: Found mixin config MixinConfig[config=veil.shader.mixins.json, requiredMods=[]]
[30Sep2026 22:40:24.715] [main/DEBUG] [net.neoforged.fml.loading.moddiscovery.ModFile/LOADING]: Found mixin config MixinConfig[config=veil.shader_recompile.mixins.json, requiredMods=[]]
[30Sep2026 22:40:24.715] [main/DEBUG] [net.neoforged.fml.loading.moddiscovery.ModFile/LOADING]: Found mixin config MixinConfig[config=veil.neoforge.mixins.json, requiredMods=[]]
[30Sep2026 22:40:24.717] [main/DEBUG] [net.neoforged.fml.loading.moddiscovery.ModFileParser/LOADING]: Considering mod file candidate X:\NonSteamGamesOnXray\Minecraft\MinecraftCreateServer-Sept2026\mods\musketmod-1.21.1-neoforge-1.5.4.jar
[30Sep2026 22:40:24.718] [main/DEBUG] [net.neoforged.fml.loading.moddiscovery.ModFileInfo/LOADING]: Found valid mod file musketmod-1.21.1-neoforge-1.5.4.jar with {musketmod} mods - versions {1.5.4}
[30Sep2026 22:40:24.718] [main/DEBUG] [net.neoforged.fml.loading.moddiscovery.ModFile/LOADING]: Loading mod file X:\NonSteamGamesOnXray\Minecraft\MinecraftCreateServer-Sept2026\mods\musketmod-1.21.1-neoforge-1.5.4.jar with languages [LanguageSpec[languageName=javafml, acceptedVersions=[4,)]]
[30Sep2026 22:40:24.718] [main/DEBUG] [net.neoforged.fml.loading.moddiscovery.ModFile/LOADING]: Found mixin config MixinConfig[config=musketmod.mixins.json, requiredMods=[]]
[30Sep2026 22:40:24.718] [main/DEBUG] [net.neoforged.fml.loading.moddiscovery.ModFileParser/LOADING]: Considering mod file candidate 
[30Sep2026 22:40:24.719] [main/DEBUG] [net.neoforged.fml.loading.moddiscovery.ModFileInfo/LOADING]: Found valid mod file dev.simulated_team.simulated.simulated-neoforge-1.21.1-1.3.1.jar with {simulated} mods - versions {1.3.1}
[30Sep2026 22:40:24.719] [main/DEBUG] [net.neoforged.fml.loading.moddiscovery.ModFile/LOADING]: Loading mod file  with languages [LanguageSpec[languageName=javafml, acceptedVersions=[4,)]]
[30Sep2026 22:40:24.719] [main/DEBUG] [net.neoforged.fml.loading.moddiscovery.ModFile/LOADING]: Found mixin config MixinConfig[config=simulated.mixins.json, requiredMods=[]]
[30Sep2026 22:40:24.719] [main/DEBUG] [net.neoforged.fml.loading.moddiscovery.ModFile/LOADING]: Found mixin config MixinConfig[config=simulated-neoforge.mixins.json, requiredMods=[]]
[30Sep2026 22:40:24.719] [main/DEBUG] [net.neoforged.fml.loading.moddiscovery.ModFileParser/LOADING]: Considering mod file candidate X:\NonSteamGamesOnXray\Minecraft\MinecraftCreateServer-Sept2026\mods\cc-tweaked-1.21.1-forge-1.120.2.jar
[30Sep2026 22:40:24.720] [main/DEBUG] [net.neoforged.fml.loading.moddiscovery.ModFileInfo/LOADING]: Found valid mod file cc-tweaked-1.21.1-forge-1.120.2.jar with {computercraft} mods - versions {1.120.2}
[30Sep2026 22:40:24.720] [main/DEBUG] [net.neoforged.fml.loading.moddiscovery.ModFile/LOADING]: Loading mod file X:\NonSteamGamesOnXray\Minecraft\MinecraftCreateServer-Sept2026\mods\cc-tweaked-1.21.1-forge-1.120.2.jar with languages [LanguageSpec[languageName=javafml, acceptedVersions=[1,)]]
[30Sep2026 22:40:24.720] [main/DEBUG] [net.neoforged.fml.loading.moddiscovery.ModFile/LOADING]: Found mixin config MixinConfig[config=computercraft.mixins.json, requiredMods=[]]
[30Sep2026 22:40:24.720] [main/DEBUG] [net.neoforged.fml.loading.moddiscovery.ModFile/LOADING]: Found mixin config MixinConfig[config=computercraft.forge.mixins.json, requiredMods=[]]
[30Sep2026 22:40:24.720] [main/DEBUG] [net.neoforged.fml.loading.moddiscovery.ModFile/LOADING]: Found mixin config MixinConfig[config=computercraft-client.forge.mixins.json, requiredMods=[]]
[30Sep2026 22:40:24.720] [main/DEBUG] [net.neoforged.fml.loading.moddiscovery.ModFileParser/LOADING]: Considering mod file candidate X:\NonSteamGamesOnXray\Minecraft\MinecraftCreateServer-Sept2026\mods\DistantHorizons-3.2.0-b-1.21.1-fabric-neoforge.jar
[30Sep2026 22:40:24.721] [main/DEBUG] [net.neoforged.fml.loading.moddiscovery.ModFileInfo/LOADING]: Found valid mod file DistantHorizons-3.2.0-b-1.21.1-fabric-neoforge.jar with {distanthorizons} mods - versions {3.2.0-b}
[30Sep2026 22:40:24.721] [main/DEBUG] [net.neoforged.fml.loading.moddiscovery.ModFile/LOADING]: Loading mod file X:\NonSteamGamesOnXray\Minecraft\MinecraftCreateServer-Sept2026\mods\DistantHorizons-3.2.0-b-1.21.1-fabric-neoforge.jar with languages [LanguageSpec[languageName=javafml, acceptedVersions=*]]
[30Sep2026 22:40:24.721] [main/DEBUG] [net.neoforged.fml.loading.moddiscovery.ModFile/LOADING]: Found mixin config MixinConfig[config=DistantHorizons.neoforge.mixins.json, requiredMods=[]]
[30Sep2026 22:40:24.721] [main/DEBUG] [net.neoforged.fml.loading.moddiscovery.ModFileParser/LOADING]: Considering mod file candidate X:\NonSteamGamesOnXray\Minecraft\MinecraftCreateServer-Sept2026\mods\create_power_loader-2.0.5-mc1.21.1.jar
[30Sep2026 22:40:24.721] [main/DEBUG] [net.neoforged.fml.loading.moddiscovery.ModFileInfo/LOADING]: Found valid mod file create_power_loader-2.0.5-mc1.21.1.jar with {create_power_loader} mods - versions {2.0.5-mc1.21.1}
[30Sep2026 22:40:24.721] [main/DEBUG] [net.neoforged.fml.loading.moddiscovery.ModFile/LOADING]: Loading mod file X:\NonSteamGamesOnXray\Minecraft\MinecraftCreateServer-Sept2026\mods\create_power_loader-2.0.5-mc1.21.1.jar with languages [LanguageSpec[languageName=javafml, acceptedVersions=[4,)]]
[30Sep2026 22:40:24.721] [main/DEBUG] [net.neoforged.fml.loading.moddiscovery.ModFile/LOADING]: Found mixin config MixinConfig[config=create_power_loader.mixins.json, requiredMods=[]]
[30Sep2026 22:40:24.721] [main/DEBUG] [net.neoforged.fml.loading.moddiscovery.ModFileParser/LOADING]: Considering mod file candidate X:\NonSteamGamesOnXray\Minecraft\MinecraftCreateServer-Sept2026\mods\cloth-config-15.0.140-neoforge.jar
[30Sep2026 22:40:24.721] [main/DEBUG] [net.neoforged.fml.loading.moddiscovery.ModFileInfo/LOADING]: Found valid mod file cloth-config-15.0.140-neoforge.jar with {cloth_config} mods - versions {15.0.140}
[30Sep2026 22:40:24.721] [main/DEBUG] [net.neoforged.fml.loading.moddiscovery.ModFile/LOADING]: Loading mod file X:\NonSteamGamesOnXray\Minecraft\MinecraftCreateServer-Sept2026\mods\cloth-config-15.0.140-neoforge.jar with languages [LanguageSpec[languageName=javafml, acceptedVersions=[1,)]]
[30Sep2026 22:40:24.721] [main/DEBUG] [net.neoforged.fml.loading.moddiscovery.ModFileParser/LOADING]: Considering mod file candidate 
[30Sep2026 22:40:24.723] [main/DEBUG] [net.neoforged.fml.loading.moddiscovery.ModFileInfo/LOADING]: Found valid mod file journeymap-api-neoforge-2.0.0-1.21.1.jar with {journeymap_api} mods - versions {2.0.0-1.21.1}
[30Sep2026 22:40:24.723] [main/DEBUG] [net.neoforged.fml.loading.moddiscovery.ModFile/LOADING]: Loading mod file  with languages [LanguageSpec[languageName=javafml, acceptedVersions=[1,)]]
[30Sep2026 22:40:24.723] [main/DEBUG] [net.neoforged.fml.loading.moddiscovery.ModFileParser/LOADING]: Considering mod file candidate 
[30Sep2026 22:40:24.725] [main/DEBUG] [net.neoforged.fml.loading.moddiscovery.ModFileInfo/LOADING]: Found valid mod file dev.ryanhcode.offroad.offroad-neoforge-1.21.1-1.3.1.jar with {offroad} mods - versions {1.3.1}
[30Sep2026 22:40:24.725] [main/DEBUG] [net.neoforged.fml.loading.moddiscovery.ModFile/LOADING]: Loading mod file  with languages [LanguageSpec[languageName=javafml, acceptedVersions=[4,)]]
[30Sep2026 22:40:24.725] [main/DEBUG] [net.neoforged.fml.loading.moddiscovery.ModFile/LOADING]: Found mixin config MixinConfig[config=offroad.mixins.json, requiredMods=[]]
[30Sep2026 22:40:24.725] [main/DEBUG] [net.neoforged.fml.loading.moddiscovery.ModFile/LOADING]: Found mixin config MixinConfig[config=offroad.neoforge.mixins.json, requiredMods=[]]
[30Sep2026 22:40:24.725] [main/DEBUG] [net.neoforged.fml.loading.moddiscovery.ModFile/LOADING]: Loading mod file  with languages []
[30Sep2026 22:40:24.725] [main/DEBUG] [net.neoforged.fml.loading.moddiscovery.ModFile/LOADING]: Loading mod file  with languages []
[30Sep2026 22:40:24.725] [main/DEBUG] [net.neoforged.fml.loading.moddiscovery.ModFile/LOADING]: Loading mod file  with languages []
[30Sep2026 22:40:24.727] [main/DEBUG] [net.neoforged.fml.loading.moddiscovery.ModValidator/SCAN]: Found 31 mod files with 29 mods
[30Sep2026 22:40:24.727] [main/DEBUG] [cpw.mods.modlauncher.TransformationServiceDecorator/MODLAUNCHER]: End scan trigger - transformation service fml
[30Sep2026 22:40:24.753] [main/DEBUG] [net.neoforged.fml.util.ServiceLoaderUtil/CORE]: Found 3 implementations of IModLanguageLoader:
[30Sep2026 22:40:24.753] [main/DEBUG] [net.neoforged.fml.util.ServiceLoaderUtil/CORE]: 	net.neoforged.fml.javafmlmod.FMLJavaModLanguageProvider from loader-4.0.43.jar
[30Sep2026 22:40:24.753] [main/DEBUG] [net.neoforged.fml.util.ServiceLoaderUtil/CORE]: 	net.neoforged.fml.lowcodemod.LowCodeModLanguageProvider from loader-4.0.43.jar
[30Sep2026 22:40:24.753] [main/DEBUG] [net.neoforged.fml.util.ServiceLoaderUtil/CORE]: 	net.neoforged.fml.mclanguageprovider.MinecraftModLanguageProvider from loader-4.0.43.jar
[30Sep2026 22:40:24.754] [main/DEBUG] [net.neoforged.fml.loading.LanguageProviderLoader/CORE]: Found language provider javafml, version 4.0.43
[30Sep2026 22:40:24.755] [main/DEBUG] [net.neoforged.fml.loading.LanguageProviderLoader/CORE]: Found language provider lowcodefml, version 4.0.43
[30Sep2026 22:40:24.755] [main/DEBUG] [net.neoforged.fml.loading.LanguageProviderLoader/CORE]: Found language provider minecraft, version 4.0.43
[30Sep2026 22:40:24.765] [main/DEBUG] [net.neoforged.fml.loading.ModSorter/]: Configured system mods: [minecraft, neoforge]
[30Sep2026 22:40:24.765] [main/DEBUG] [net.neoforged.fml.loading.ModSorter/]: Found system mod: minecraft
[30Sep2026 22:40:24.765] [main/DEBUG] [net.neoforged.fml.loading.ModSorter/]: Found system mod: neoforge
[30Sep2026 22:40:24.770] [main/DEBUG] [net.neoforged.fml.loading.ModSorter/LOADING]: Found 65 mod requirements (54 mandatory, 11 optional)
[30Sep2026 22:40:24.772] [main/DEBUG] [net.neoforged.fml.loading.ModSorter/LOADING]: Found 0 mod requirements missing (0 mandatory, 0 optional)
[30Sep2026 22:40:24.826] [main/DEBUG] [net.neoforged.fml.loading.FMLLoader/SCAN]: Adding Access Transformer in 
[30Sep2026 22:40:24.833] [main/DEBUG] [AXFORM/AXFORM]: Loading access transformer accesstransformer.cfg
[30Sep2026 22:40:24.922] [main/DEBUG] [AXFORM/AXFORM]: Loaded access transformer accesstransformer.cfg
[30Sep2026 22:40:24.922] [main/DEBUG] [net.neoforged.fml.loading.FMLLoader/SCAN]: Adding Access Transformer in X:\NonSteamGamesOnXray\Minecraft\MinecraftCreateServer-Sept2026\mods\jei-1.21.1-neoforge-19.27.0.336.jar
[30Sep2026 22:40:24.922] [main/DEBUG] [AXFORM/AXFORM]: Loading access transformer accesstransformer.cfg
[30Sep2026 22:40:24.935] [main/DEBUG] [AXFORM/AXFORM]: Loaded access transformer accesstransformer.cfg
[30Sep2026 22:40:24.936] [main/DEBUG] [net.neoforged.fml.loading.FMLLoader/SCAN]: Adding Access Transformer in 
[30Sep2026 22:40:24.936] [main/DEBUG] [AXFORM/AXFORM]: Loading access transformer accesstransformer.cfg
[30Sep2026 22:40:24.938] [main/DEBUG] [AXFORM/AXFORM]: Loaded access transformer accesstransformer.cfg
[30Sep2026 22:40:24.938] [main/DEBUG] [net.neoforged.fml.loading.FMLLoader/SCAN]: Adding Access Transformer in X:\NonSteamGamesOnXray\Minecraft\MinecraftCreateServer-Sept2026\mods\gliders-1.21.1-neoforge-1.1.8.jar
[30Sep2026 22:40:24.938] [main/DEBUG] [AXFORM/AXFORM]: Loading access transformer accesstransformer.cfg
[30Sep2026 22:40:24.939] [main/DEBUG] [AXFORM/AXFORM]: Loaded access transformer accesstransformer.cfg
[30Sep2026 22:40:24.939] [main/DEBUG] [net.neoforged.fml.loading.FMLLoader/SCAN]: Adding Access Transformer in 
[30Sep2026 22:40:24.939] [main/DEBUG] [AXFORM/AXFORM]: Loading access transformer accesstransformer.cfg
[30Sep2026 22:40:24.941] [main/DEBUG] [AXFORM/AXFORM]: Loaded access transformer accesstransformer.cfg
[30Sep2026 22:40:24.941] [main/DEBUG] [net.neoforged.fml.loading.FMLLoader/SCAN]: Adding Access Transformer in X:\NonSteamGamesOnXray\Minecraft\MinecraftCreateServer-Sept2026\mods\create-1.21.1-6.0.10.jar
[30Sep2026 22:40:24.941] [main/DEBUG] [AXFORM/AXFORM]: Loading access transformer accesstransformer.cfg
[30Sep2026 22:40:24.947] [main/DEBUG] [AXFORM/AXFORM]: Loaded access transformer accesstransformer.cfg
[30Sep2026 22:40:24.947] [main/DEBUG] [net.neoforged.fml.loading.FMLLoader/SCAN]: Adding Access Transformer in X:\NonSteamGamesOnXray\Minecraft\MinecraftCreateServer-Sept2026\mods\sable-neoforge-1.21.1-2.0.5.jar
[30Sep2026 22:40:24.948] [main/DEBUG] [AXFORM/AXFORM]: Loading access transformer accesstransformer.cfg
[30Sep2026 22:40:24.956] [main/DEBUG] [AXFORM/AXFORM]: Loaded access transformer accesstransformer.cfg
[30Sep2026 22:40:24.956] [main/DEBUG] [net.neoforged.fml.loading.FMLLoader/SCAN]: Adding Access Transformer in X:\NonSteamGamesOnXray\Minecraft\MinecraftCreateServer-Sept2026\mods\journeymap-neoforge-1.21.1-6.0.5.jar
[30Sep2026 22:40:24.957] [main/DEBUG] [AXFORM/AXFORM]: Loading access transformer accesstransformer.cfg
[30Sep2026 22:40:24.960] [main/DEBUG] [AXFORM/AXFORM]: Loaded access transformer accesstransformer.cfg
[30Sep2026 22:40:24.960] [main/DEBUG] [net.neoforged.fml.loading.FMLLoader/SCAN]: Adding Access Transformer in X:\NonSteamGamesOnXray\Minecraft\MinecraftCreateServer-Sept2026\libraries\net\neoforged\neoforge\21.1.248\neoforge-21.1.248-universal.jar
[30Sep2026 22:40:24.963] [main/DEBUG] [AXFORM/AXFORM]: Loading access transformer accesstransformer.cfg
[30Sep2026 22:40:24.992] [main/DEBUG] [AXFORM/AXFORM]: Loaded access transformer accesstransformer.cfg
[30Sep2026 22:40:24.992] [main/DEBUG] [net.neoforged.fml.loading.FMLLoader/SCAN]: Adding Access Transformer in 
[30Sep2026 22:40:24.992] [main/DEBUG] [AXFORM/AXFORM]: Loading access transformer accesstransformer.cfg
[30Sep2026 22:40:24.998] [main/DEBUG] [AXFORM/AXFORM]: Loaded access transformer accesstransformer.cfg
[30Sep2026 22:40:24.998] [main/DEBUG] [net.neoforged.fml.loading.FMLLoader/SCAN]: Adding Access Transformer in X:\NonSteamGamesOnXray\Minecraft\MinecraftCreateServer-Sept2026\mods\musketmod-1.21.1-neoforge-1.5.4.jar
[30Sep2026 22:40:24.999] [main/DEBUG] [AXFORM/AXFORM]: Loading access transformer accesstransformer.cfg
[30Sep2026 22:40:25.001] [main/DEBUG] [AXFORM/AXFORM]: Loaded access transformer accesstransformer.cfg
[30Sep2026 22:40:25.001] [main/DEBUG] [net.neoforged.fml.loading.FMLLoader/SCAN]: Adding Access Transformer in 
[30Sep2026 22:40:25.001] [main/DEBUG] [AXFORM/AXFORM]: Loading access transformer accesstransformer.cfg
[30Sep2026 22:40:25.004] [main/DEBUG] [AXFORM/AXFORM]: Loaded access transformer accesstransformer.cfg
[30Sep2026 22:40:25.004] [main/DEBUG] [net.neoforged.fml.loading.FMLLoader/SCAN]: Adding Access Transformer in X:\NonSteamGamesOnXray\Minecraft\MinecraftCreateServer-Sept2026\mods\cc-tweaked-1.21.1-forge-1.120.2.jar
[30Sep2026 22:40:25.004] [main/DEBUG] [AXFORM/AXFORM]: Loading access transformer accesstransformer.cfg
[30Sep2026 22:40:25.007] [main/DEBUG] [AXFORM/AXFORM]: Loaded access transformer accesstransformer.cfg
[30Sep2026 22:40:25.007] [main/DEBUG] [net.neoforged.fml.loading.FMLLoader/SCAN]: Adding Access Transformer in X:\NonSteamGamesOnXray\Minecraft\MinecraftCreateServer-Sept2026\mods\DistantHorizons-3.2.0-b-1.21.1-fabric-neoforge.jar
[30Sep2026 22:40:25.008] [main/DEBUG] [AXFORM/AXFORM]: Loading access transformer accesstransformer.cfg
[30Sep2026 22:40:25.010] [main/DEBUG] [AXFORM/AXFORM]: Loaded access transformer accesstransformer.cfg
[30Sep2026 22:40:25.010] [main/DEBUG] [net.neoforged.fml.loading.FMLLoader/SCAN]: Adding Access Transformer in X:\NonSteamGamesOnXray\Minecraft\MinecraftCreateServer-Sept2026\mods\cloth-config-15.0.140-neoforge.jar
[30Sep2026 22:40:25.010] [main/DEBUG] [AXFORM/AXFORM]: Loading access transformer accesstransformer.cfg
[30Sep2026 22:40:25.012] [main/DEBUG] [AXFORM/AXFORM]: Loaded access transformer accesstransformer.cfg
[30Sep2026 22:40:25.012] [main/DEBUG] [net.neoforged.fml.loading.FMLLoader/SCAN]: Adding Access Transformer in 
[30Sep2026 22:40:25.012] [main/DEBUG] [AXFORM/AXFORM]: Loading access transformer accesstransformer.cfg
[30Sep2026 22:40:25.014] [main/DEBUG] [AXFORM/AXFORM]: Loaded access transformer accesstransformer.cfg
[30Sep2026 22:40:25.018] [main/DEBUG] [mixin/]: Adding mixin platform agents for container net.neoforged.fml.loading.mixin.FMLMixinContainerHandle@7c4fc2bf
[30Sep2026 22:40:25.018] [main/DEBUG] [mixin/]: Instancing new MixinPlatformAgentMinecraftForge for net.neoforged.fml.loading.mixin.FMLMixinContainerHandle@7c4fc2bf
[30Sep2026 22:40:25.018] [main/DEBUG] [mixin/]: MixinPlatformAgentMinecraftForge rejected container net.neoforged.fml.loading.mixin.FMLMixinContainerHandle@7c4fc2bf
[30Sep2026 22:40:25.018] [main/DEBUG] [mixin/]: Instancing new MixinPlatformAgentDefault for net.neoforged.fml.loading.mixin.FMLMixinContainerHandle@7c4fc2bf
[30Sep2026 22:40:25.018] [main/DEBUG] [mixin/]: MixinPlatformAgentDefault accepted container net.neoforged.fml.loading.mixin.FMLMixinContainerHandle@7c4fc2bf
[30Sep2026 22:40:25.018] [main/DEBUG] [mixin/]: Instancing new FMLMixinPlatformAgent for net.neoforged.fml.loading.mixin.FMLMixinContainerHandle@7c4fc2bf
[30Sep2026 22:40:25.019] [main/DEBUG] [mixin/]: FMLMixinPlatformAgent accepted container net.neoforged.fml.loading.mixin.FMLMixinContainerHandle@7c4fc2bf
[30Sep2026 22:40:25.047] [main/DEBUG] [cpw.mods.modlauncher.TransformationServicesHandler/MODLAUNCHER]: Transformation services loading transformers
[30Sep2026 22:40:25.049] [main/DEBUG] [cpw.mods.modlauncher.TransformationServiceDecorator/MODLAUNCHER]: Initializing transformers for transformation service mixin
[30Sep2026 22:40:25.053] [main/DEBUG] [cpw.mods.modlauncher.TransformationServiceDecorator/MODLAUNCHER]: Initialized transformers for transformation service mixin
[30Sep2026 22:40:25.053] [main/DEBUG] [cpw.mods.modlauncher.TransformationServiceDecorator/MODLAUNCHER]: Initializing transformers for transformation service fml
[30Sep2026 22:40:25.053] [main/DEBUG] [net.neoforged.fml.loading.FMLServiceProvider/LOADING]: Loading coremod transformers
[30Sep2026 22:40:25.055] [main/DEBUG] [net.neoforged.fml.loading.FMLServiceProvider/CORE]: Not loading coremod script-engine since no mod requested it
[30Sep2026 22:40:25.058] [main/DEBUG] [net.neoforged.fml.util.ServiceLoaderUtil/CORE]: Found 1 implementations of ICoreMod:
[30Sep2026 22:40:25.058] [main/DEBUG] [net.neoforged.fml.util.ServiceLoaderUtil/CORE]: 	net.neoforged.neoforge.coremods.NeoForgeCoreMod from neoforge-21.1.248-universal.jar > net.neoforged.neoforge-coremods-21.1.248.jar
[30Sep2026 22:40:25.096] [main/DEBUG] [net.neoforged.fml.loading.FMLServiceProvider/CORE]: Adding [Target[className=net.minecraft.world.level.biome.Biome, elementName=, elementDescriptor=, targetType=cpw.mods.modlauncher.api.TargetType@38234a38]] transformer from core-mod net.neoforged.neoforge.coremods.NeoForgeCoreMod@dcc6211 in neoforge-21.1.248-universal.jar > net.neoforged.neoforge-coremods-21.1.248.jar
[30Sep2026 22:40:25.096] [main/DEBUG] [net.neoforged.fml.loading.FMLServiceProvider/CORE]: Adding [Target[className=net.minecraft.world.level.levelgen.structure.Structure, elementName=, elementDescriptor=, targetType=cpw.mods.modlauncher.api.TargetType@38234a38]] transformer from core-mod net.neoforged.neoforge.coremods.NeoForgeCoreMod@dcc6211 in neoforge-21.1.248-universal.jar > net.neoforged.neoforge-coremods-21.1.248.jar
[30Sep2026 22:40:25.096] [main/DEBUG] [net.neoforged.fml.loading.FMLServiceProvider/CORE]: Adding [Target[className=net.minecraft.world.level.block.FlowerPotBlock, elementName=, elementDescriptor=, targetType=cpw.mods.modlauncher.api.TargetType@38234a38]] transformer from core-mod net.neoforged.neoforge.coremods.NeoForgeCoreMod@dcc6211 in neoforge-21.1.248-universal.jar > net.neoforged.neoforge-coremods-21.1.248.jar
[30Sep2026 22:40:25.097] [main/DEBUG] [net.neoforged.fml.loading.FMLServiceProvider/CORE]: Adding [Target[className=net/minecraft/world/entity/monster/Spider, elementName=, elementDescriptor=, targetType=cpw.mods.modlauncher.api.TargetType@38234a38], Target[className=net/minecraft/world/entity/monster/Zombie, elementName=, elementDescriptor=, targetType=cpw.mods.modlauncher.api.TargetType@38234a38], Target[className=net/minecraft/world/entity/npc/CatSpawner, elementName=, elementDescriptor=, targetType=cpw.mods.modlauncher.api.TargetType@38234a38], Target[className=net/minecraft/world/level/levelgen/structure/structures/OceanRuinPieces$OceanRuinPiece, elementName=, elementDescriptor=, targetType=cpw.mods.modlauncher.api.TargetType@38234a38], Target[className=net/minecraft/world/entity/monster/Strider, elementName=, elementDescriptor=, targetType=cpw.mods.modlauncher.api.TargetType@38234a38], Target[className=net/minecraft/world/level/levelgen/structure/templatesystem/StructureTemplate, elementName=, elementDescriptor=, targetType=cpw.mods.modlauncher.api.TargetType@38234a38], Target[className=net/minecraft/world/level/levelgen/structure/structures/SwampHutPiece, elementName=, elementDescriptor=, targetType=cpw.mods.modlauncher.api.TargetType@38234a38], Target[className=net/minecraft/world/entity/animal/frog/Tadpole, elementName=, elementDescriptor=, targetType=cpw.mods.modlauncher.api.TargetType@38234a38], Target[className=net/minecraft/world/level/levelgen/PhantomSpawner, elementName=, elementDescriptor=, targetType=cpw.mods.modlauncher.api.TargetType@38234a38], Target[className=net/minecraft/world/entity/npc/Villager, elementName=, elementDescriptor=, targetType=cpw.mods.modlauncher.api.TargetType@38234a38], Target[className=net/minecraft/server/commands/RaidCommand, elementName=, elementDescriptor=, targetType=cpw.mods.modlauncher.api.TargetType@38234a38], Target[className=net/minecraft/world/level/levelgen/PatrolSpawner, elementName=, elementDescriptor=, targetType=cpw.mods.modlauncher.api.TargetType@38234a38], Target[className=net/minecraft/world/entity/monster/Evoker$EvokerSummonSpellGoal, elementName=, elementDescriptor=, targetType=cpw.mods.modlauncher.api.TargetType@38234a38], Target[className=net/minecraft/world/level/levelgen/structure/structures/OceanMonumentPieces$OceanMonumentPiece, elementName=, elementDescriptor=, targetType=cpw.mods.modlauncher.api.TargetType@38234a38], Target[className=net/minecraft/world/entity/monster/ZombieVillager, elementName=, elementDescriptor=, targetType=cpw.mods.modlauncher.api.TargetType@38234a38], Target[className=net/minecraft/world/entity/ai/village/VillageSiege, elementName=, elementDescriptor=, targetType=cpw.mods.modlauncher.api.TargetType@38234a38], Target[className=net/minecraft/world/level/NaturalSpawner, elementName=, elementDescriptor=, targetType=cpw.mods.modlauncher.api.TargetType@38234a38], Target[className=net/minecraft/world/entity/raid/Raid, elementName=, elementDescriptor=, targetType=cpw.mods.modlauncher.api.TargetType@38234a38], Target[className=net/minecraft/world/entity/EntityType, elementName=, elementDescriptor=, targetType=cpw.mods.modlauncher.api.TargetType@38234a38], Target[className=net/minecraft/world/entity/animal/horse/SkeletonTrapGoal, elementName=, elementDescriptor=, targetType=cpw.mods.modlauncher.api.TargetType@38234a38], Target[className=net/minecraft/world/level/levelgen/structure/structures/WoodlandMansionPieces$WoodlandMansionPiece, elementName=, elementDescriptor=, targetType=cpw.mods.modlauncher.api.TargetType@38234a38], Target[className=net/minecraft/server/commands/SummonCommand, elementName=, elementDescriptor=, targetType=cpw.mods.modlauncher.api.TargetType@38234a38]] transformer from core-mod net.neoforged.neoforge.coremods.NeoForgeCoreMod@dcc6211 in neoforge-21.1.248-universal.jar > net.neoforged.neoforge-coremods-21.1.248.jar
[30Sep2026 22:40:25.106] [main/DEBUG] [cpw.mods.modlauncher.TransformStore/MODLAUNCHER]: Adding transformer net.neoforged.neoforge.coremods.ReplaceFieldWithGetterAccess@2b61a019 to Target : cpw.mods.modlauncher.api.TargetType@38234a38 {Lnet/minecraft/world/level/biome/Biome;} {} {V}
[30Sep2026 22:40:25.113] [main/DEBUG] [cpw.mods.modlauncher.TransformStore/MODLAUNCHER]: Adding transformer net.neoforged.neoforge.coremods.ReplaceFieldWithGetterAccess@4d774249 to Target : cpw.mods.modlauncher.api.TargetType@38234a38 {Lnet/minecraft/world/level/levelgen/structure/Structure;} {} {V}
[30Sep2026 22:40:25.114] [main/DEBUG] [cpw.mods.modlauncher.TransformStore/MODLAUNCHER]: Adding transformer net.neoforged.neoforge.coremods.ReplaceFieldWithGetterAccess@17b64941 to Target : cpw.mods.modlauncher.api.TargetType@38234a38 {Lnet/minecraft/world/level/block/FlowerPotBlock;} {} {V}
[30Sep2026 22:40:25.114] [main/DEBUG] [cpw.mods.modlauncher.TransformStore/MODLAUNCHER]: Adding transformer net.neoforged.neoforge.coremods.MethodRedirector@53ac845a to Target : cpw.mods.modlauncher.api.TargetType@38234a38 {Lnet/minecraft/world/entity/monster/Spider;} {} {V}
[30Sep2026 22:40:25.114] [main/DEBUG] [cpw.mods.modlauncher.TransformStore/MODLAUNCHER]: Adding transformer net.neoforged.neoforge.coremods.MethodRedirector@53ac845a to Target : cpw.mods.modlauncher.api.TargetType@38234a38 {Lnet/minecraft/world/entity/monster/Zombie;} {} {V}
[30Sep2026 22:40:25.114] [main/DEBUG] [cpw.mods.modlauncher.TransformStore/MODLAUNCHER]: Adding transformer net.neoforged.neoforge.coremods.MethodRedirector@53ac845a to Target : cpw.mods.modlauncher.api.TargetType@38234a38 {Lnet/minecraft/world/entity/npc/CatSpawner;} {} {V}
[30Sep2026 22:40:25.114] [main/DEBUG] [cpw.mods.modlauncher.TransformStore/MODLAUNCHER]: Adding transformer net.neoforged.neoforge.coremods.MethodRedirector@53ac845a to Target : cpw.mods.modlauncher.api.TargetType@38234a38 {Lnet/minecraft/world/level/levelgen/structure/structures/OceanRuinPieces$OceanRuinPiece;} {} {V}
[30Sep2026 22:40:25.114] [main/DEBUG] [cpw.mods.modlauncher.TransformStore/MODLAUNCHER]: Adding transformer net.neoforged.neoforge.coremods.MethodRedirector@53ac845a to Target : cpw.mods.modlauncher.api.TargetType@38234a38 {Lnet/minecraft/world/entity/monster/Strider;} {} {V}
[30Sep2026 22:40:25.114] [main/DEBUG] [cpw.mods.modlauncher.TransformStore/MODLAUNCHER]: Adding transformer net.neoforged.neoforge.coremods.MethodRedirector@53ac845a to Target : cpw.mods.modlauncher.api.TargetType@38234a38 {Lnet/minecraft/world/level/levelgen/structure/templatesystem/StructureTemplate;} {} {V}
[30Sep2026 22:40:25.114] [main/DEBUG] [cpw.mods.modlauncher.TransformStore/MODLAUNCHER]: Adding transformer net.neoforged.neoforge.coremods.MethodRedirector@53ac845a to Target : cpw.mods.modlauncher.api.TargetType@38234a38 {Lnet/minecraft/world/level/levelgen/structure/structures/SwampHutPiece;} {} {V}
[30Sep2026 22:40:25.114] [main/DEBUG] [cpw.mods.modlauncher.TransformStore/MODLAUNCHER]: Adding transformer net.neoforged.neoforge.coremods.MethodRedirector@53ac845a to Target : cpw.mods.modlauncher.api.TargetType@38234a38 {Lnet/minecraft/world/entity/animal/frog/Tadpole;} {} {V}
[30Sep2026 22:40:25.115] [main/DEBUG] [cpw.mods.modlauncher.TransformStore/MODLAUNCHER]: Adding transformer net.neoforged.neoforge.coremods.MethodRedirector@53ac845a to Target : cpw.mods.modlauncher.api.TargetType@38234a38 {Lnet/minecraft/world/level/levelgen/PhantomSpawner;} {} {V}
[30Sep2026 22:40:25.115] [main/DEBUG] [cpw.mods.modlauncher.TransformStore/MODLAUNCHER]: Adding transformer net.neoforged.neoforge.coremods.MethodRedirector@53ac845a to Target : cpw.mods.modlauncher.api.TargetType@38234a38 {Lnet/minecraft/world/entity/npc/Villager;} {} {V}
[30Sep2026 22:40:25.115] [main/DEBUG] [cpw.mods.modlauncher.TransformStore/MODLAUNCHER]: Adding transformer net.neoforged.neoforge.coremods.MethodRedirector@53ac845a to Target : cpw.mods.modlauncher.api.TargetType@38234a38 {Lnet/minecraft/server/commands/RaidCommand;} {} {V}
[30Sep2026 22:40:25.115] [main/DEBUG] [cpw.mods.modlauncher.TransformStore/MODLAUNCHER]: Adding transformer net.neoforged.neoforge.coremods.MethodRedirector@53ac845a to Target : cpw.mods.modlauncher.api.TargetType@38234a38 {Lnet/minecraft/world/level/levelgen/PatrolSpawner;} {} {V}
[30Sep2026 22:40:25.115] [main/DEBUG] [cpw.mods.modlauncher.TransformStore/MODLAUNCHER]: Adding transformer net.neoforged.neoforge.coremods.MethodRedirector@53ac845a to Target : cpw.mods.modlauncher.api.TargetType@38234a38 {Lnet/minecraft/world/entity/monster/Evoker$EvokerSummonSpellGoal;} {} {V}
[30Sep2026 22:40:25.115] [main/DEBUG] [cpw.mods.modlauncher.TransformStore/MODLAUNCHER]: Adding transformer net.neoforged.neoforge.coremods.MethodRedirector@53ac845a to Target : cpw.mods.modlauncher.api.TargetType@38234a38 {Lnet/minecraft/world/level/levelgen/structure/structures/OceanMonumentPieces$OceanMonumentPiece;} {} {V}
[30Sep2026 22:40:25.115] [main/DEBUG] [cpw.mods.modlauncher.TransformStore/MODLAUNCHER]: Adding transformer net.neoforged.neoforge.coremods.MethodRedirector@53ac845a to Target : cpw.mods.modlauncher.api.TargetType@38234a38 {Lnet/minecraft/world/entity/monster/ZombieVillager;} {} {V}
[30Sep2026 22:40:25.115] [main/DEBUG] [cpw.mods.modlauncher.TransformStore/MODLAUNCHER]: Adding transformer net.neoforged.neoforge.coremods.MethodRedirector@53ac845a to Target : cpw.mods.modlauncher.api.TargetType@38234a38 {Lnet/minecraft/world/entity/ai/village/VillageSiege;} {} {V}
[30Sep2026 22:40:25.115] [main/DEBUG] [cpw.mods.modlauncher.TransformStore/MODLAUNCHER]: Adding transformer net.neoforged.neoforge.coremods.MethodRedirector@53ac845a to Target : cpw.mods.modlauncher.api.TargetType@38234a38 {Lnet/minecraft/world/level/NaturalSpawner;} {} {V}
[30Sep2026 22:40:25.115] [main/DEBUG] [cpw.mods.modlauncher.TransformStore/MODLAUNCHER]: Adding transformer net.neoforged.neoforge.coremods.MethodRedirector@53ac845a to Target : cpw.mods.modlauncher.api.TargetType@38234a38 {Lnet/minecraft/world/entity/raid/Raid;} {} {V}
[30Sep2026 22:40:25.115] [main/DEBUG] [cpw.mods.modlauncher.TransformStore/MODLAUNCHER]: Adding transformer net.neoforged.neoforge.coremods.MethodRedirector@53ac845a to Target : cpw.mods.modlauncher.api.TargetType@38234a38 {Lnet/minecraft/world/entity/EntityType;} {} {V}
[30Sep2026 22:40:25.115] [main/DEBUG] [cpw.mods.modlauncher.TransformStore/MODLAUNCHER]: Adding transformer net.neoforged.neoforge.coremods.MethodRedirector@53ac845a to Target : cpw.mods.modlauncher.api.TargetType@38234a38 {Lnet/minecraft/world/entity/animal/horse/SkeletonTrapGoal;} {} {V}
[30Sep2026 22:40:25.116] [main/DEBUG] [cpw.mods.modlauncher.TransformStore/MODLAUNCHER]: Adding transformer net.neoforged.neoforge.coremods.MethodRedirector@53ac845a to Target : cpw.mods.modlauncher.api.TargetType@38234a38 {Lnet/minecraft/world/level/levelgen/structure/structures/WoodlandMansionPieces$WoodlandMansionPiece;} {} {V}
[30Sep2026 22:40:25.116] [main/DEBUG] [cpw.mods.modlauncher.TransformStore/MODLAUNCHER]: Adding transformer net.neoforged.neoforge.coremods.MethodRedirector@53ac845a to Target : cpw.mods.modlauncher.api.TargetType@38234a38 {Lnet/minecraft/server/commands/SummonCommand;} {} {V}
[30Sep2026 22:40:25.116] [main/DEBUG] [cpw.mods.modlauncher.TransformationServiceDecorator/MODLAUNCHER]: Initialized transformers for transformation service fml
[30Sep2026 22:40:25.478] [main/DEBUG] [mixin/]: Processing prepare() for PlatformAgent[MixinPlatformAgentDefault:ModLauncher Root Container(ModLauncher:4f56a0a2)]
[30Sep2026 22:40:25.478] [main/DEBUG] [mixin/]: Processing prepare() for PlatformAgent[MixinPlatformAgentDefault:net.neoforged.fml.loading.mixin.FMLMixinContainerHandle@7c4fc2bf]
[30Sep2026 22:40:25.478] [main/DEBUG] [mixin/]: Processing prepare() for PlatformAgent[FMLMixinPlatformAgent:null]
[30Sep2026 22:40:25.573] [main/DEBUG] [mixin/]: Compatibility level JAVA_21 specified by playerAnimator-common.mixins.json is higher than the maximum level supported by this version of mixin (JAVA_13).
[30Sep2026 22:40:25.582] [main/INFO] [mixin/]: Compatibility level set to JAVA_21
[30Sep2026 22:40:25.584] [main/DEBUG] [mixin/]: Compatibility level JAVA_18 specified by aeronautics.mixins.json is higher than the maximum level supported by this version of mixin (JAVA_13).
[30Sep2026 22:40:25.587] [main/DEBUG] [mixin/]: Compatibility level JAVA_17 specified by vc_gliders-common.mixins.json is higher than the maximum level supported by this version of mixin (JAVA_13).
[30Sep2026 22:40:25.588] [main/DEBUG] [mixin/]: Mixin config vc_gliders-common.mixins.json does not specify "minVersion" or "requiredFeatures" property
[30Sep2026 22:40:25.589] [main/DEBUG] [mixin/]: Compatibility level JAVA_16 specified by wthit.mixins.json is higher than the maximum level supported by this version of mixin (JAVA_13).
[30Sep2026 22:40:25.592] [main/DEBUG] [mixin/]: Compatibility level JAVA_17 specified by flywheel.impl.neoforge.mixins.json is higher than the maximum level supported by this version of mixin (JAVA_13).
[30Sep2026 22:40:25.594] [main/DEBUG] [mixin/]: Compatibility level JAVA_17 specified by ponder.mixins.json is higher than the maximum level supported by this version of mixin (JAVA_13).
[30Sep2026 22:40:25.596] [main/DEBUG] [mixin/]: Compatibility level JAVA_17 specified by ponder-common.mixins.json is higher than the maximum level supported by this version of mixin (JAVA_13).
[30Sep2026 22:40:25.600] [main/DEBUG] [mixin/]: Compatibility level JAVA_17 specified by journeymap.mixins.json is higher than the maximum level supported by this version of mixin (JAVA_13).
[30Sep2026 22:40:25.601] [main/DEBUG] [mixin/]: Compatibility level JAVA_17 specified by journeymap.neoforge.mixins.json is higher than the maximum level supported by this version of mixin (JAVA_13).
[30Sep2026 22:40:25.604] [main/DEBUG] [mixin/]: Compatibility level JAVA_16 specified by badpackets.mixins.json is higher than the maximum level supported by this version of mixin (JAVA_13).
[30Sep2026 22:40:25.616] [main/DEBUG] [mixin/]: Mixin config musketmod.mixins.json does not specify "minVersion" or "requiredFeatures" property
[30Sep2026 22:40:25.620] [main/DEBUG] [mixin/]: Compatibility level JAVA_18 specified by offroad.mixins.json is higher than the maximum level supported by this version of mixin (JAVA_13).
[30Sep2026 22:40:25.623] [main/DEBUG] [mixin/]: Processing launch tasks for PlatformAgent[MixinPlatformAgentDefault:ModLauncher Root Container(ModLauncher:4f56a0a2)]
[30Sep2026 22:40:25.623] [main/DEBUG] [mixin/]: Adding mixin platform agents for container SecureJarResource(mixin_synthetic)
[30Sep2026 22:40:25.623] [main/DEBUG] [mixin/]: Instancing new MixinPlatformAgentMinecraftForge for SecureJarResource(mixin_synthetic)
[30Sep2026 22:40:25.623] [main/DEBUG] [mixin/]: MixinPlatformAgentMinecraftForge rejected container SecureJarResource(mixin_synthetic)
[30Sep2026 22:40:25.623] [main/DEBUG] [mixin/]: Instancing new MixinPlatformAgentDefault for SecureJarResource(mixin_synthetic)
[30Sep2026 22:40:25.623] [main/DEBUG] [mixin/]: MixinPlatformAgentDefault accepted container SecureJarResource(mixin_synthetic)
[30Sep2026 22:40:25.623] [main/DEBUG] [mixin/]: Instancing new FMLMixinPlatformAgent for SecureJarResource(mixin_synthetic)
[30Sep2026 22:40:25.623] [main/DEBUG] [mixin/]: FMLMixinPlatformAgent rejected container SecureJarResource(mixin_synthetic)
[30Sep2026 22:40:25.624] [main/DEBUG] [mixin/]: Processing prepare() for PlatformAgent[MixinPlatformAgentDefault:SecureJarResource(mixin_synthetic)]
[30Sep2026 22:40:25.624] [main/DEBUG] [mixin/]: Adding mixin platform agents for container SecureJarResource(minecraft)
[30Sep2026 22:40:25.624] [main/DEBUG] [mixin/]: Instancing new MixinPlatformAgentMinecraftForge for SecureJarResource(minecraft)
[30Sep2026 22:40:25.624] [main/DEBUG] [mixin/]: MixinPlatformAgentMinecraftForge rejected container SecureJarResource(minecraft)
[30Sep2026 22:40:25.624] [main/DEBUG] [mixin/]: Instancing new MixinPlatformAgentDefault for SecureJarResource(minecraft)
[30Sep2026 22:40:25.624] [main/DEBUG] [mixin/]: MixinPlatformAgentDefault accepted container SecureJarResource(minecraft)
[30Sep2026 22:40:25.624] [main/DEBUG] [mixin/]: Instancing new FMLMixinPlatformAgent for SecureJarResource(minecraft)
[30Sep2026 22:40:25.624] [main/DEBUG] [mixin/]: FMLMixinPlatformAgent rejected container SecureJarResource(minecraft)
[30Sep2026 22:40:25.624] [main/DEBUG] [mixin/]: Processing prepare() for PlatformAgent[MixinPlatformAgentDefault:SecureJarResource(minecraft)]
[30Sep2026 22:40:25.624] [main/DEBUG] [mixin/]: Adding mixin platform agents for container SecureJarResource(inventorysorter)
[30Sep2026 22:40:25.624] [main/DEBUG] [mixin/]: Instancing new MixinPlatformAgentMinecraftForge for SecureJarResource(inventorysorter)
[30Sep2026 22:40:25.624] [main/DEBUG] [mixin/]: MixinPlatformAgentMinecraftForge rejected container SecureJarResource(inventorysorter)
[30Sep2026 22:40:25.624] [main/DEBUG] [mixin/]: Instancing new MixinPlatformAgentDefault for SecureJarResource(inventorysorter)
[30Sep2026 22:40:25.624] [main/DEBUG] [mixin/]: MixinPlatformAgentDefault accepted container SecureJarResource(inventorysorter)
[30Sep2026 22:40:25.625] [main/DEBUG] [mixin/]: Instancing new FMLMixinPlatformAgent for SecureJarResource(inventorysorter)
[30Sep2026 22:40:25.625] [main/DEBUG] [mixin/]: FMLMixinPlatformAgent rejected container SecureJarResource(inventorysorter)
[30Sep2026 22:40:25.625] [main/DEBUG] [mixin/]: Processing prepare() for PlatformAgent[MixinPlatformAgentDefault:SecureJarResource(inventorysorter)]
[30Sep2026 22:40:25.625] [main/DEBUG] [mixin/]: Adding mixin platform agents for container SecureJarResource(paxels)
[30Sep2026 22:40:25.625] [main/DEBUG] [mixin/]: Instancing new MixinPlatformAgentMinecraftForge for SecureJarResource(paxels)
[30Sep2026 22:40:25.625] [main/DEBUG] [mixin/]: MixinPlatformAgentMinecraftForge rejected container SecureJarResource(paxels)
[30Sep2026 22:40:25.625] [main/DEBUG] [mixin/]: Instancing new MixinPlatformAgentDefault for SecureJarResource(paxels)
[30Sep2026 22:40:25.625] [main/DEBUG] [mixin/]: MixinPlatformAgentDefault accepted container SecureJarResource(paxels)
[30Sep2026 22:40:25.625] [main/DEBUG] [mixin/]: Instancing new FMLMixinPlatformAgent for SecureJarResource(paxels)
[30Sep2026 22:40:25.625] [main/DEBUG] [mixin/]: FMLMixinPlatformAgent rejected container SecureJarResource(paxels)
[30Sep2026 22:40:25.625] [main/DEBUG] [mixin/]: Processing prepare() for PlatformAgent[MixinPlatformAgentDefault:SecureJarResource(paxels)]
[30Sep2026 22:40:25.625] [main/DEBUG] [mixin/]: Adding mixin platform agents for container SecureJarResource(playeranimator)
[30Sep2026 22:40:25.625] [main/DEBUG] [mixin/]: Instancing new MixinPlatformAgentMinecraftForge for SecureJarResource(playeranimator)
[30Sep2026 22:40:25.625] [main/DEBUG] [mixin/]: MixinPlatformAgentMinecraftForge rejected container SecureJarResource(playeranimator)
[30Sep2026 22:40:25.625] [main/DEBUG] [mixin/]: Instancing new MixinPlatformAgentDefault for SecureJarResource(playeranimator)
[30Sep2026 22:40:25.626] [main/DEBUG] [mixin/]: MixinPlatformAgentDefault accepted container SecureJarResource(playeranimator)
[30Sep2026 22:40:25.626] [main/DEBUG] [mixin/]: Instancing new FMLMixinPlatformAgent for SecureJarResource(playeranimator)
[30Sep2026 22:40:25.626] [main/DEBUG] [mixin/]: FMLMixinPlatformAgent rejected container SecureJarResource(playeranimator)
[30Sep2026 22:40:25.626] [main/DEBUG] [mixin/]: Processing prepare() for PlatformAgent[MixinPlatformAgentDefault:SecureJarResource(playeranimator)]
[30Sep2026 22:40:25.626] [main/DEBUG] [mixin/]: Adding mixin platform agents for container SecureJarResource(jei)
[30Sep2026 22:40:25.626] [main/DEBUG] [mixin/]: Instancing new MixinPlatformAgentMinecraftForge for SecureJarResource(jei)
[30Sep2026 22:40:25.626] [main/DEBUG] [mixin/]: MixinPlatformAgentMinecraftForge rejected container SecureJarResource(jei)
[30Sep2026 22:40:25.626] [main/DEBUG] [mixin/]: Instancing new MixinPlatformAgentDefault for SecureJarResource(jei)
[30Sep2026 22:40:25.626] [main/DEBUG] [mixin/]: MixinPlatformAgentDefault accepted container SecureJarResource(jei)
[30Sep2026 22:40:25.626] [main/DEBUG] [mixin/]: Instancing new FMLMixinPlatformAgent for SecureJarResource(jei)
[30Sep2026 22:40:25.626] [main/DEBUG] [mixin/]: FMLMixinPlatformAgent rejected container SecureJarResource(jei)
[30Sep2026 22:40:25.627] [main/DEBUG] [mixin/]: Processing prepare() for PlatformAgent[MixinPlatformAgentDefault:SecureJarResource(jei)]
[30Sep2026 22:40:25.627] [main/DEBUG] [mixin/]: Adding mixin platform agents for container SecureJarResource(aeronautics)
[30Sep2026 22:40:25.627] [main/DEBUG] [mixin/]: Instancing new MixinPlatformAgentMinecraftForge for SecureJarResource(aeronautics)
[30Sep2026 22:40:25.627] [main/DEBUG] [mixin/]: MixinPlatformAgentMinecraftForge rejected container SecureJarResource(aeronautics)
[30Sep2026 22:40:25.627] [main/DEBUG] [mixin/]: Instancing new MixinPlatformAgentDefault for SecureJarResource(aeronautics)
[30Sep2026 22:40:25.627] [main/DEBUG] [mixin/]: MixinPlatformAgentDefault accepted container SecureJarResource(aeronautics)
[30Sep2026 22:40:25.627] [main/DEBUG] [mixin/]: Instancing new FMLMixinPlatformAgent for SecureJarResource(aeronautics)
[30Sep2026 22:40:25.627] [main/DEBUG] [mixin/]: FMLMixinPlatformAgent rejected container SecureJarResource(aeronautics)
[30Sep2026 22:40:25.627] [main/DEBUG] [mixin/]: Processing prepare() for PlatformAgent[MixinPlatformAgentDefault:SecureJarResource(aeronautics)]
[30Sep2026 22:40:25.627] [main/DEBUG] [mixin/]: Adding mixin platform agents for container SecureJarResource(commonnetworking)
[30Sep2026 22:40:25.627] [main/DEBUG] [mixin/]: Instancing new MixinPlatformAgentMinecraftForge for SecureJarResource(commonnetworking)
[30Sep2026 22:40:25.627] [main/DEBUG] [mixin/]: MixinPlatformAgentMinecraftForge rejected container SecureJarResource(commonnetworking)
[30Sep2026 22:40:25.627] [main/DEBUG] [mixin/]: Instancing new MixinPlatformAgentDefault for SecureJarResource(commonnetworking)
[30Sep2026 22:40:25.627] [main/DEBUG] [mixin/]: MixinPlatformAgentDefault accepted container SecureJarResource(commonnetworking)
[30Sep2026 22:40:25.627] [main/DEBUG] [mixin/]: Instancing new FMLMixinPlatformAgent for SecureJarResource(commonnetworking)
[30Sep2026 22:40:25.627] [main/DEBUG] [mixin/]: FMLMixinPlatformAgent rejected container SecureJarResource(commonnetworking)
[30Sep2026 22:40:25.627] [main/DEBUG] [mixin/]: Processing prepare() for PlatformAgent[MixinPlatformAgentDefault:SecureJarResource(commonnetworking)]
[30Sep2026 22:40:25.627] [main/DEBUG] [mixin/]: Adding mixin platform agents for container SecureJarResource(vc_gliders)
[30Sep2026 22:40:25.627] [main/DEBUG] [mixin/]: Instancing new MixinPlatformAgentMinecraftForge for SecureJarResource(vc_gliders)
[30Sep2026 22:40:25.627] [main/DEBUG] [mixin/]: MixinPlatformAgentMinecraftForge rejected container SecureJarResource(vc_gliders)
[30Sep2026 22:40:25.627] [main/DEBUG] [mixin/]: Instancing new MixinPlatformAgentDefault for SecureJarResource(vc_gliders)
[30Sep2026 22:40:25.627] [main/DEBUG] [mixin/]: MixinPlatformAgentDefault accepted container SecureJarResource(vc_gliders)
[30Sep2026 22:40:25.627] [main/DEBUG] [mixin/]: Instancing new FMLMixinPlatformAgent for SecureJarResource(vc_gliders)
[30Sep2026 22:40:25.627] [main/DEBUG] [mixin/]: FMLMixinPlatformAgent rejected container SecureJarResource(vc_gliders)
[30Sep2026 22:40:25.627] [main/DEBUG] [mixin/]: Processing prepare() for PlatformAgent[MixinPlatformAgentDefault:SecureJarResource(vc_gliders)]
[30Sep2026 22:40:25.627] [main/DEBUG] [mixin/]: Adding mixin platform agents for container SecureJarResource(aeronautics_bundled)
[30Sep2026 22:40:25.627] [main/DEBUG] [mixin/]: Instancing new MixinPlatformAgentMinecraftForge for SecureJarResource(aeronautics_bundled)
[30Sep2026 22:40:25.627] [main/DEBUG] [mixin/]: MixinPlatformAgentMinecraftForge rejected container SecureJarResource(aeronautics_bundled)
[30Sep2026 22:40:25.627] [main/DEBUG] [mixin/]: Instancing new MixinPlatformAgentDefault for SecureJarResource(aeronautics_bundled)
[30Sep2026 22:40:25.627] [main/DEBUG] [mixin/]: MixinPlatformAgentDefault accepted container SecureJarResource(aeronautics_bundled)
[30Sep2026 22:40:25.627] [main/DEBUG] [mixin/]: Instancing new FMLMixinPlatformAgent for SecureJarResource(aeronautics_bundled)
[30Sep2026 22:40:25.628] [main/DEBUG] [mixin/]: FMLMixinPlatformAgent rejected container SecureJarResource(aeronautics_bundled)
[30Sep2026 22:40:25.628] [main/DEBUG] [mixin/]: Processing prepare() for PlatformAgent[MixinPlatformAgentDefault:SecureJarResource(aeronautics_bundled)]
[30Sep2026 22:40:25.628] [main/DEBUG] [mixin/]: Adding mixin platform agents for container SecureJarResource(wthit)
[30Sep2026 22:40:25.628] [main/DEBUG] [mixin/]: Instancing new MixinPlatformAgentMinecraftForge for SecureJarResource(wthit)
[30Sep2026 22:40:25.628] [main/DEBUG] [mixin/]: MixinPlatformAgentMinecraftForge rejected container SecureJarResource(wthit)
[30Sep2026 22:40:25.628] [main/DEBUG] [mixin/]: Instancing new MixinPlatformAgentDefault for SecureJarResource(wthit)
[30Sep2026 22:40:25.628] [main/DEBUG] [mixin/]: MixinPlatformAgentDefault accepted container SecureJarResource(wthit)
[30Sep2026 22:40:25.628] [main/DEBUG] [mixin/]: Instancing new FMLMixinPlatformAgent for SecureJarResource(wthit)
[30Sep2026 22:40:25.628] [main/DEBUG] [mixin/]: FMLMixinPlatformAgent rejected container SecureJarResource(wthit)
[30Sep2026 22:40:25.628] [main/DEBUG] [mixin/]: Processing prepare() for PlatformAgent[MixinPlatformAgentDefault:SecureJarResource(wthit)]
[30Sep2026 22:40:25.628] [main/DEBUG] [mixin/]: Adding mixin platform agents for container SecureJarResource(allarrowspickup)
[30Sep2026 22:40:25.628] [main/DEBUG] [mixin/]: Instancing new MixinPlatformAgentMinecraftForge for SecureJarResource(allarrowspickup)
[30Sep2026 22:40:25.628] [main/DEBUG] [mixin/]: MixinPlatformAgentMinecraftForge rejected container SecureJarResource(allarrowspickup)
[30Sep2026 22:40:25.628] [main/DEBUG] [mixin/]: Instancing new MixinPlatformAgentDefault for SecureJarResource(allarrowspickup)
[30Sep2026 22:40:25.628] [main/DEBUG] [mixin/]: MixinPlatformAgentDefault accepted container SecureJarResource(allarrowspickup)
[30Sep2026 22:40:25.628] [main/DEBUG] [mixin/]: Instancing new FMLMixinPlatformAgent for SecureJarResource(allarrowspickup)
[30Sep2026 22:40:25.628] [main/DEBUG] [mixin/]: FMLMixinPlatformAgent rejected container SecureJarResource(allarrowspickup)
[30Sep2026 22:40:25.628] [main/DEBUG] [mixin/]: Processing prepare() for PlatformAgent[MixinPlatformAgentDefault:SecureJarResource(allarrowspickup)]
[30Sep2026 22:40:25.628] [main/DEBUG] [mixin/]: Adding mixin platform agents for container SecureJarResource(sablecompanion)
[30Sep2026 22:40:25.628] [main/DEBUG] [mixin/]: Instancing new MixinPlatformAgentMinecraftForge for SecureJarResource(sablecompanion)
[30Sep2026 22:40:25.628] [main/DEBUG] [mixin/]: MixinPlatformAgentMinecraftForge rejected container SecureJarResource(sablecompanion)
[30Sep2026 22:40:25.628] [main/DEBUG] [mixin/]: Instancing new MixinPlatformAgentDefault for SecureJarResource(sablecompanion)
[30Sep2026 22:40:25.628] [main/DEBUG] [mixin/]: MixinPlatformAgentDefault accepted container SecureJarResource(sablecompanion)
[30Sep2026 22:40:25.629] [main/DEBUG] [mixin/]: Instancing new FMLMixinPlatformAgent for SecureJarResource(sablecompanion)
[30Sep2026 22:40:25.629] [main/DEBUG] [mixin/]: FMLMixinPlatformAgent rejected container SecureJarResource(sablecompanion)
[30Sep2026 22:40:25.629] [main/DEBUG] [mixin/]: Processing prepare() for PlatformAgent[MixinPlatformAgentDefault:SecureJarResource(sablecompanion)]
[30Sep2026 22:40:25.629] [main/DEBUG] [mixin/]: Adding mixin platform agents for container SecureJarResource(flywheel)
[30Sep2026 22:40:25.629] [main/DEBUG] [mixin/]: Instancing new MixinPlatformAgentMinecraftForge for SecureJarResource(flywheel)
[30Sep2026 22:40:25.629] [main/DEBUG] [mixin/]: MixinPlatformAgentMinecraftForge rejected container SecureJarResource(flywheel)
[30Sep2026 22:40:25.629] [main/DEBUG] [mixin/]: Instancing new MixinPlatformAgentDefault for SecureJarResource(flywheel)
[30Sep2026 22:40:25.629] [main/DEBUG] [mixin/]: MixinPlatformAgentDefault accepted container SecureJarResource(flywheel)
[30Sep2026 22:40:25.629] [main/DEBUG] [mixin/]: Instancing new FMLMixinPlatformAgent for SecureJarResource(flywheel)
[30Sep2026 22:40:25.629] [main/DEBUG] [mixin/]: FMLMixinPlatformAgent rejected container SecureJarResource(flywheel)
[30Sep2026 22:40:25.629] [main/DEBUG] [mixin/]: Processing prepare() for PlatformAgent[MixinPlatformAgentDefault:SecureJarResource(flywheel)]
[30Sep2026 22:40:25.629] [main/DEBUG] [mixin/]: Adding mixin platform agents for container SecureJarResource(ponder)
[30Sep2026 22:40:25.629] [main/DEBUG] [mixin/]: Instancing new MixinPlatformAgentMinecraftForge for SecureJarResource(ponder)
[30Sep2026 22:40:25.629] [main/DEBUG] [mixin/]: MixinPlatformAgentMinecraftForge rejected container SecureJarResource(ponder)
[30Sep2026 22:40:25.629] [main/DEBUG] [mixin/]: Instancing new MixinPlatformAgentDefault for SecureJarResource(ponder)
[30Sep2026 22:40:25.630] [main/DEBUG] [mixin/]: MixinPlatformAgentDefault accepted container SecureJarResource(ponder)
[30Sep2026 22:40:25.630] [main/DEBUG] [mixin/]: Instancing new FMLMixinPlatformAgent for SecureJarResource(ponder)
[30Sep2026 22:40:25.630] [main/DEBUG] [mixin/]: FMLMixinPlatformAgent rejected container SecureJarResource(ponder)
[30Sep2026 22:40:25.630] [main/DEBUG] [mixin/]: Processing prepare() for PlatformAgent[MixinPlatformAgentDefault:SecureJarResource(ponder)]
[30Sep2026 22:40:25.630] [main/DEBUG] [mixin/]: Adding mixin platform agents for container SecureJarResource(create)
[30Sep2026 22:40:25.630] [main/DEBUG] [mixin/]: Instancing new MixinPlatformAgentMinecraftForge for SecureJarResource(create)
[30Sep2026 22:40:25.630] [main/DEBUG] [mixin/]: MixinPlatformAgentMinecraftForge rejected container SecureJarResource(create)
[30Sep2026 22:40:25.630] [main/DEBUG] [mixin/]: Instancing new MixinPlatformAgentDefault for SecureJarResource(create)
[30Sep2026 22:40:25.630] [main/DEBUG] [mixin/]: MixinPlatformAgentDefault accepted container SecureJarResource(create)
[30Sep2026 22:40:25.630] [main/DEBUG] [mixin/]: Instancing new FMLMixinPlatformAgent for SecureJarResource(create)
[30Sep2026 22:40:25.630] [main/DEBUG] [mixin/]: FMLMixinPlatformAgent rejected container SecureJarResource(create)
[30Sep2026 22:40:25.630] [main/DEBUG] [mixin/]: Processing prepare() for PlatformAgent[MixinPlatformAgentDefault:SecureJarResource(create)]
[30Sep2026 22:40:25.630] [main/DEBUG] [mixin/]: Registering mixin config: create.mixins.json source=SecureJarResource(create)
[30Sep2026 22:40:25.630] [main/DEBUG] [mixin/]: Adding mixin platform agents for container SecureJarResource(sable)
[30Sep2026 22:40:25.630] [main/DEBUG] [mixin/]: Instancing new MixinPlatformAgentMinecraftForge for SecureJarResource(sable)
[30Sep2026 22:40:25.630] [main/DEBUG] [mixin/]: MixinPlatformAgentMinecraftForge rejected container SecureJarResource(sable)
[30Sep2026 22:40:25.630] [main/DEBUG] [mixin/]: Instancing new MixinPlatformAgentDefault for SecureJarResource(sable)
[30Sep2026 22:40:25.630] [main/DEBUG] [mixin/]: MixinPlatformAgentDefault accepted container SecureJarResource(sable)
[30Sep2026 22:40:25.630] [main/DEBUG] [mixin/]: Instancing new FMLMixinPlatformAgent for SecureJarResource(sable)
[30Sep2026 22:40:25.630] [main/DEBUG] [mixin/]: FMLMixinPlatformAgent rejected container SecureJarResource(sable)
[30Sep2026 22:40:25.630] [main/DEBUG] [mixin/]: Processing prepare() for PlatformAgent[MixinPlatformAgentDefault:SecureJarResource(sable)]
[30Sep2026 22:40:25.630] [main/DEBUG] [mixin/]: Adding mixin platform agents for container SecureJarResource(journeymap)
[30Sep2026 22:40:25.630] [main/DEBUG] [mixin/]: Instancing new MixinPlatformAgentMinecraftForge for SecureJarResource(journeymap)
[30Sep2026 22:40:25.630] [main/DEBUG] [mixin/]: MixinPlatformAgentMinecraftForge rejected container SecureJarResource(journeymap)
[30Sep2026 22:40:25.630] [main/DEBUG] [mixin/]: Instancing new MixinPlatformAgentDefault for SecureJarResource(journeymap)
[30Sep2026 22:40:25.630] [main/DEBUG] [mixin/]: MixinPlatformAgentDefault accepted container SecureJarResource(journeymap)
[30Sep2026 22:40:25.630] [main/DEBUG] [mixin/]: Instancing new FMLMixinPlatformAgent for SecureJarResource(journeymap)
[30Sep2026 22:40:25.630] [main/DEBUG] [mixin/]: FMLMixinPlatformAgent rejected container SecureJarResource(journeymap)
[30Sep2026 22:40:25.630] [main/DEBUG] [mixin/]: Processing prepare() for PlatformAgent[MixinPlatformAgentDefault:SecureJarResource(journeymap)]
[30Sep2026 22:40:25.630] [main/DEBUG] [mixin/]: Adding mixin platform agents for container SecureJarResource(neoforge)
[30Sep2026 22:40:25.630] [main/DEBUG] [mixin/]: Instancing new MixinPlatformAgentMinecraftForge for SecureJarResource(neoforge)
[30Sep2026 22:40:25.630] [main/DEBUG] [mixin/]: MixinPlatformAgentMinecraftForge rejected container SecureJarResource(neoforge)
[30Sep2026 22:40:25.630] [main/DEBUG] [mixin/]: Instancing new MixinPlatformAgentDefault for SecureJarResource(neoforge)
[30Sep2026 22:40:25.630] [main/DEBUG] [mixin/]: MixinPlatformAgentDefault accepted container SecureJarResource(neoforge)
[30Sep2026 22:40:25.631] [main/DEBUG] [mixin/]: Instancing new FMLMixinPlatformAgent for SecureJarResource(neoforge)
[30Sep2026 22:40:25.631] [main/DEBUG] [mixin/]: FMLMixinPlatformAgent rejected container SecureJarResource(neoforge)
[30Sep2026 22:40:25.631] [main/DEBUG] [mixin/]: Processing prepare() for PlatformAgent[MixinPlatformAgentDefault:SecureJarResource(neoforge)]
[30Sep2026 22:40:25.631] [main/DEBUG] [mixin/]: Adding mixin platform agents for container SecureJarResource(badpackets)
[30Sep2026 22:40:25.631] [main/DEBUG] [mixin/]: Instancing new MixinPlatformAgentMinecraftForge for SecureJarResource(badpackets)
[30Sep2026 22:40:25.631] [main/DEBUG] [mixin/]: MixinPlatformAgentMinecraftForge rejected container SecureJarResource(badpackets)
[30Sep2026 22:40:25.631] [main/DEBUG] [mixin/]: Instancing new MixinPlatformAgentDefault for SecureJarResource(badpackets)
[30Sep2026 22:40:25.631] [main/DEBUG] [mixin/]: MixinPlatformAgentDefault accepted container SecureJarResource(badpackets)
[30Sep2026 22:40:25.631] [main/DEBUG] [mixin/]: Instancing new FMLMixinPlatformAgent for SecureJarResource(badpackets)
[30Sep2026 22:40:25.631] [main/DEBUG] [mixin/]: FMLMixinPlatformAgent rejected container SecureJarResource(badpackets)
[30Sep2026 22:40:25.631] [main/DEBUG] [mixin/]: Processing prepare() for PlatformAgent[MixinPlatformAgentDefault:SecureJarResource(badpackets)]
[30Sep2026 22:40:25.631] [main/DEBUG] [mixin/]: Adding mixin platform agents for container SecureJarResource(veil)
[30Sep2026 22:40:25.631] [main/DEBUG] [mixin/]: Instancing new MixinPlatformAgentMinecraftForge for SecureJarResource(veil)
[30Sep2026 22:40:25.631] [main/DEBUG] [mixin/]: MixinPlatformAgentMinecraftForge rejected container SecureJarResource(veil)
[30Sep2026 22:40:25.631] [main/DEBUG] [mixin/]: Instancing new MixinPlatformAgentDefault for SecureJarResource(veil)
[30Sep2026 22:40:25.631] [main/DEBUG] [mixin/]: MixinPlatformAgentDefault accepted container SecureJarResource(veil)
[30Sep2026 22:40:25.631] [main/DEBUG] [mixin/]: Instancing new FMLMixinPlatformAgent for SecureJarResource(veil)
[30Sep2026 22:40:25.631] [main/DEBUG] [mixin/]: FMLMixinPlatformAgent rejected container SecureJarResource(veil)
[30Sep2026 22:40:25.631] [main/DEBUG] [mixin/]: Processing prepare() for PlatformAgent[MixinPlatformAgentDefault:SecureJarResource(veil)]
[30Sep2026 22:40:25.631] [main/DEBUG] [mixin/]: Adding mixin platform agents for container SecureJarResource(musketmod)
[30Sep2026 22:40:25.631] [main/DEBUG] [mixin/]: Instancing new MixinPlatformAgentMinecraftForge for SecureJarResource(musketmod)
[30Sep2026 22:40:25.631] [main/DEBUG] [mixin/]: MixinPlatformAgentMinecraftForge rejected container SecureJarResource(musketmod)
[30Sep2026 22:40:25.631] [main/DEBUG] [mixin/]: Instancing new MixinPlatformAgentDefault for SecureJarResource(musketmod)
[30Sep2026 22:40:25.631] [main/DEBUG] [mixin/]: MixinPlatformAgentDefault accepted container SecureJarResource(musketmod)
[30Sep2026 22:40:25.631] [main/DEBUG] [mixin/]: Instancing new FMLMixinPlatformAgent for SecureJarResource(musketmod)
[30Sep2026 22:40:25.631] [main/DEBUG] [mixin/]: FMLMixinPlatformAgent rejected container SecureJarResource(musketmod)
[30Sep2026 22:40:25.632] [main/DEBUG] [mixin/]: Processing prepare() for PlatformAgent[MixinPlatformAgentDefault:SecureJarResource(musketmod)]
[30Sep2026 22:40:25.632] [main/DEBUG] [mixin/]: Adding mixin platform agents for container SecureJarResource(simulated)
[30Sep2026 22:40:25.632] [main/DEBUG] [mixin/]: Instancing new MixinPlatformAgentMinecraftForge for SecureJarResource(simulated)
[30Sep2026 22:40:25.632] [main/DEBUG] [mixin/]: MixinPlatformAgentMinecraftForge rejected container SecureJarResource(simulated)
[30Sep2026 22:40:25.632] [main/DEBUG] [mixin/]: Instancing new MixinPlatformAgentDefault for SecureJarResource(simulated)
[30Sep2026 22:40:25.632] [main/DEBUG] [mixin/]: MixinPlatformAgentDefault accepted container SecureJarResource(simulated)
[30Sep2026 22:40:25.632] [main/DEBUG] [mixin/]: Instancing new FMLMixinPlatformAgent for SecureJarResource(simulated)
[30Sep2026 22:40:25.632] [main/DEBUG] [mixin/]: FMLMixinPlatformAgent rejected container SecureJarResource(simulated)
[30Sep2026 22:40:25.632] [main/DEBUG] [mixin/]: Processing prepare() for PlatformAgent[MixinPlatformAgentDefault:SecureJarResource(simulated)]
[30Sep2026 22:40:25.632] [main/DEBUG] [mixin/]: Adding mixin platform agents for container SecureJarResource(computercraft)
[30Sep2026 22:40:25.632] [main/DEBUG] [mixin/]: Instancing new MixinPlatformAgentMinecraftForge for SecureJarResource(computercraft)
[30Sep2026 22:40:25.632] [main/DEBUG] [mixin/]: MixinPlatformAgentMinecraftForge rejected container SecureJarResource(computercraft)
[30Sep2026 22:40:25.632] [main/DEBUG] [mixin/]: Instancing new MixinPlatformAgentDefault for SecureJarResource(computercraft)
[30Sep2026 22:40:25.632] [main/DEBUG] [mixin/]: MixinPlatformAgentDefault accepted container SecureJarResource(computercraft)
[30Sep2026 22:40:25.632] [main/DEBUG] [mixin/]: Instancing new FMLMixinPlatformAgent for SecureJarResource(computercraft)
[30Sep2026 22:40:25.632] [main/DEBUG] [mixin/]: FMLMixinPlatformAgent rejected container SecureJarResource(computercraft)
[30Sep2026 22:40:25.632] [main/DEBUG] [mixin/]: Processing prepare() for PlatformAgent[MixinPlatformAgentDefault:SecureJarResource(computercraft)]
[30Sep2026 22:40:25.632] [main/DEBUG] [mixin/]: Adding mixin platform agents for container SecureJarResource(distanthorizons)
[30Sep2026 22:40:25.632] [main/DEBUG] [mixin/]: Instancing new MixinPlatformAgentMinecraftForge for SecureJarResource(distanthorizons)
[30Sep2026 22:40:25.632] [main/DEBUG] [mixin/]: MixinPlatformAgentMinecraftForge rejected container SecureJarResource(distanthorizons)
[30Sep2026 22:40:25.632] [main/DEBUG] [mixin/]: Instancing new MixinPlatformAgentDefault for SecureJarResource(distanthorizons)
[30Sep2026 22:40:25.632] [main/DEBUG] [mixin/]: MixinPlatformAgentDefault accepted container SecureJarResource(distanthorizons)
[30Sep2026 22:40:25.633] [main/DEBUG] [mixin/]: Instancing new FMLMixinPlatformAgent for SecureJarResource(distanthorizons)
[30Sep2026 22:40:25.633] [main/DEBUG] [mixin/]: FMLMixinPlatformAgent rejected container SecureJarResource(distanthorizons)
[30Sep2026 22:40:25.633] [main/DEBUG] [mixin/]: Processing prepare() for PlatformAgent[MixinPlatformAgentDefault:SecureJarResource(distanthorizons)]
[30Sep2026 22:40:25.633] [main/DEBUG] [mixin/]: Adding mixin platform agents for container SecureJarResource(create_power_loader)
[30Sep2026 22:40:25.633] [main/DEBUG] [mixin/]: Instancing new MixinPlatformAgentMinecraftForge for SecureJarResource(create_power_loader)
[30Sep2026 22:40:25.633] [main/DEBUG] [mixin/]: MixinPlatformAgentMinecraftForge rejected container SecureJarResource(create_power_loader)
[30Sep2026 22:40:25.633] [main/DEBUG] [mixin/]: Instancing new MixinPlatformAgentDefault for SecureJarResource(create_power_loader)
[30Sep2026 22:40:25.633] [main/DEBUG] [mixin/]: MixinPlatformAgentDefault accepted container SecureJarResource(create_power_loader)
[30Sep2026 22:40:25.633] [main/DEBUG] [mixin/]: Instancing new FMLMixinPlatformAgent for SecureJarResource(create_power_loader)
[30Sep2026 22:40:25.633] [main/DEBUG] [mixin/]: FMLMixinPlatformAgent rejected container SecureJarResource(create_power_loader)
[30Sep2026 22:40:25.633] [main/DEBUG] [mixin/]: Processing prepare() for PlatformAgent[MixinPlatformAgentDefault:SecureJarResource(create_power_loader)]
[30Sep2026 22:40:25.633] [main/DEBUG] [mixin/]: Adding mixin platform agents for container SecureJarResource(cloth_config)
[30Sep2026 22:40:25.633] [main/DEBUG] [mixin/]: Instancing new MixinPlatformAgentMinecraftForge for SecureJarResource(cloth_config)
[30Sep2026 22:40:25.633] [main/DEBUG] [mixin/]: MixinPlatformAgentMinecraftForge rejected container SecureJarResource(cloth_config)
[30Sep2026 22:40:25.633] [main/DEBUG] [mixin/]: Instancing new MixinPlatformAgentDefault for SecureJarResource(cloth_config)
[30Sep2026 22:40:25.633] [main/DEBUG] [mixin/]: MixinPlatformAgentDefault accepted container SecureJarResource(cloth_config)
[30Sep2026 22:40:25.633] [main/DEBUG] [mixin/]: Instancing new FMLMixinPlatformAgent for SecureJarResource(cloth_config)
[30Sep2026 22:40:25.633] [main/DEBUG] [mixin/]: FMLMixinPlatformAgent rejected container SecureJarResource(cloth_config)
[30Sep2026 22:40:25.633] [main/DEBUG] [mixin/]: Processing prepare() for PlatformAgent[MixinPlatformAgentDefault:SecureJarResource(cloth_config)]
[30Sep2026 22:40:25.633] [main/DEBUG] [mixin/]: Adding mixin platform agents for container SecureJarResource(journeymap_api)
[30Sep2026 22:40:25.633] [main/DEBUG] [mixin/]: Instancing new MixinPlatformAgentMinecraftForge for SecureJarResource(journeymap_api)
[30Sep2026 22:40:25.633] [main/DEBUG] [mixin/]: MixinPlatformAgentMinecraftForge rejected container SecureJarResource(journeymap_api)
[30Sep2026 22:40:25.633] [main/DEBUG] [mixin/]: Instancing new MixinPlatformAgentDefault for SecureJarResource(journeymap_api)
[30Sep2026 22:40:25.633] [main/DEBUG] [mixin/]: MixinPlatformAgentDefault accepted container SecureJarResource(journeymap_api)
[30Sep2026 22:40:25.633] [main/DEBUG] [mixin/]: Instancing new FMLMixinPlatformAgent for SecureJarResource(journeymap_api)
[30Sep2026 22:40:25.633] [main/DEBUG] [mixin/]: FMLMixinPlatformAgent rejected container SecureJarResource(journeymap_api)
[30Sep2026 22:40:25.633] [main/DEBUG] [mixin/]: Processing prepare() for PlatformAgent[MixinPlatformAgentDefault:SecureJarResource(journeymap_api)]
[30Sep2026 22:40:25.633] [main/DEBUG] [mixin/]: Adding mixin platform agents for container SecureJarResource(offroad)
[30Sep2026 22:40:25.633] [main/DEBUG] [mixin/]: Instancing new MixinPlatformAgentMinecraftForge for SecureJarResource(offroad)
[30Sep2026 22:40:25.633] [main/DEBUG] [mixin/]: MixinPlatformAgentMinecraftForge rejected container SecureJarResource(offroad)
[30Sep2026 22:40:25.633] [main/DEBUG] [mixin/]: Instancing new MixinPlatformAgentDefault for SecureJarResource(offroad)
[30Sep2026 22:40:25.633] [main/DEBUG] [mixin/]: MixinPlatformAgentDefault accepted container SecureJarResource(offroad)
[30Sep2026 22:40:25.633] [main/DEBUG] [mixin/]: Instancing new FMLMixinPlatformAgent for SecureJarResource(offroad)
[30Sep2026 22:40:25.633] [main/DEBUG] [mixin/]: FMLMixinPlatformAgent rejected container SecureJarResource(offroad)
[30Sep2026 22:40:25.633] [main/DEBUG] [mixin/]: Processing prepare() for PlatformAgent[MixinPlatformAgentDefault:SecureJarResource(offroad)]
[30Sep2026 22:40:25.633] [main/DEBUG] [mixin/]: Adding mixin platform agents for container SecureJarResource(Registrate.MC1._21._67)
[30Sep2026 22:40:25.633] [main/DEBUG] [mixin/]: Instancing new MixinPlatformAgentMinecraftForge for SecureJarResource(Registrate.MC1._21._67)
[30Sep2026 22:40:25.633] [main/DEBUG] [mixin/]: MixinPlatformAgentMinecraftForge rejected container SecureJarResource(Registrate.MC1._21._67)
[30Sep2026 22:40:25.633] [main/DEBUG] [mixin/]: Instancing new MixinPlatformAgentDefault for SecureJarResource(Registrate.MC1._21._67)
[30Sep2026 22:40:25.633] [main/DEBUG] [mixin/]: MixinPlatformAgentDefault accepted container SecureJarResource(Registrate.MC1._21._67)
[30Sep2026 22:40:25.633] [main/DEBUG] [mixin/]: Instancing new FMLMixinPlatformAgent for SecureJarResource(Registrate.MC1._21._67)
[30Sep2026 22:40:25.633] [main/DEBUG] [mixin/]: FMLMixinPlatformAgent rejected container SecureJarResource(Registrate.MC1._21._67)
[30Sep2026 22:40:25.633] [main/DEBUG] [mixin/]: Processing prepare() for PlatformAgent[MixinPlatformAgentDefault:SecureJarResource(Registrate.MC1._21._67)]
[30Sep2026 22:40:25.633] [main/DEBUG] [mixin/]: Adding mixin platform agents for container SecureJarResource(sable_rapier)
[30Sep2026 22:40:25.633] [main/DEBUG] [mixin/]: Instancing new MixinPlatformAgentMinecraftForge for SecureJarResource(sable_rapier)
[30Sep2026 22:40:25.633] [main/DEBUG] [mixin/]: MixinPlatformAgentMinecraftForge rejected container SecureJarResource(sable_rapier)
[30Sep2026 22:40:25.633] [main/DEBUG] [mixin/]: Instancing new MixinPlatformAgentDefault for SecureJarResource(sable_rapier)
[30Sep2026 22:40:25.633] [main/DEBUG] [mixin/]: MixinPlatformAgentDefault accepted container SecureJarResource(sable_rapier)
[30Sep2026 22:40:25.634] [main/DEBUG] [mixin/]: Instancing new FMLMixinPlatformAgent for SecureJarResource(sable_rapier)
[30Sep2026 22:40:25.634] [main/DEBUG] [mixin/]: FMLMixinPlatformAgent rejected container SecureJarResource(sable_rapier)
[30Sep2026 22:40:25.634] [main/DEBUG] [mixin/]: Processing prepare() for PlatformAgent[MixinPlatformAgentDefault:SecureJarResource(sable_rapier)]
[30Sep2026 22:40:25.634] [main/DEBUG] [mixin/]: Adding mixin platform agents for container SecureJarResource(mixinextras.neoforge)
[30Sep2026 22:40:25.634] [main/DEBUG] [mixin/]: Instancing new MixinPlatformAgentMinecraftForge for SecureJarResource(mixinextras.neoforge)
[30Sep2026 22:40:25.634] [main/DEBUG] [mixin/]: MixinPlatformAgentMinecraftForge rejected container SecureJarResource(mixinextras.neoforge)
[30Sep2026 22:40:25.634] [main/DEBUG] [mixin/]: Instancing new MixinPlatformAgentDefault for SecureJarResource(mixinextras.neoforge)
[30Sep2026 22:40:25.634] [main/DEBUG] [mixin/]: MixinPlatformAgentDefault accepted container SecureJarResource(mixinextras.neoforge)
[30Sep2026 22:40:25.634] [main/DEBUG] [mixin/]: Instancing new FMLMixinPlatformAgent for SecureJarResource(mixinextras.neoforge)
[30Sep2026 22:40:25.634] [main/DEBUG] [mixin/]: FMLMixinPlatformAgent rejected container SecureJarResource(mixinextras.neoforge)
[30Sep2026 22:40:25.634] [main/DEBUG] [mixin/]: Processing prepare() for PlatformAgent[MixinPlatformAgentDefault:SecureJarResource(mixinextras.neoforge)]
[30Sep2026 22:40:25.634] [main/DEBUG] [mixin/]: Registering mixin config: mixinextras.init.mixins.json source=SecureJarResource(mixinextras.neoforge)
[30Sep2026 22:40:25.635] [main/DEBUG] [mixin/]: inject() running with 34 agents
[30Sep2026 22:40:25.635] [main/DEBUG] [mixin/]: Processing inject() for PlatformAgent[MixinPlatformAgentDefault:ModLauncher Root Container(ModLauncher:4f56a0a2)]
[30Sep2026 22:40:25.635] [main/DEBUG] [mixin/]: Processing inject() for PlatformAgent[MixinPlatformAgentDefault:net.neoforged.fml.loading.mixin.FMLMixinContainerHandle@7c4fc2bf]
[30Sep2026 22:40:25.635] [main/DEBUG] [mixin/]: Processing inject() for PlatformAgent[FMLMixinPlatformAgent:null]
[30Sep2026 22:40:25.635] [main/DEBUG] [mixin/]: Processing inject() for PlatformAgent[MixinPlatformAgentDefault:SecureJarResource(mixin_synthetic)]
[30Sep2026 22:40:25.636] [main/DEBUG] [mixin/]: Processing inject() for PlatformAgent[MixinPlatformAgentDefault:SecureJarResource(minecraft)]
[30Sep2026 22:40:25.636] [main/DEBUG] [mixin/]: Processing inject() for PlatformAgent[MixinPlatformAgentDefault:SecureJarResource(inventorysorter)]
[30Sep2026 22:40:25.636] [main/DEBUG] [mixin/]: Processing inject() for PlatformAgent[MixinPlatformAgentDefault:SecureJarResource(paxels)]
[30Sep2026 22:40:25.636] [main/DEBUG] [mixin/]: Processing inject() for PlatformAgent[MixinPlatformAgentDefault:SecureJarResource(playeranimator)]
[30Sep2026 22:40:25.636] [main/DEBUG] [mixin/]: Processing inject() for PlatformAgent[MixinPlatformAgentDefault:SecureJarResource(jei)]
[30Sep2026 22:40:25.636] [main/DEBUG] [mixin/]: Processing inject() for PlatformAgent[MixinPlatformAgentDefault:SecureJarResource(aeronautics)]
[30Sep2026 22:40:25.636] [main/DEBUG] [mixin/]: Processing inject() for PlatformAgent[MixinPlatformAgentDefault:SecureJarResource(commonnetworking)]
[30Sep2026 22:40:25.636] [main/DEBUG] [mixin/]: Processing inject() for PlatformAgent[MixinPlatformAgentDefault:SecureJarResource(vc_gliders)]
[30Sep2026 22:40:25.636] [main/DEBUG] [mixin/]: Processing inject() for PlatformAgent[MixinPlatformAgentDefault:SecureJarResource(aeronautics_bundled)]
[30Sep2026 22:40:25.636] [main/DEBUG] [mixin/]: Processing inject() for PlatformAgent[MixinPlatformAgentDefault:SecureJarResource(wthit)]
[30Sep2026 22:40:25.636] [main/DEBUG] [mixin/]: Processing inject() for PlatformAgent[MixinPlatformAgentDefault:SecureJarResource(allarrowspickup)]
[30Sep2026 22:40:25.636] [main/DEBUG] [mixin/]: Processing inject() for PlatformAgent[MixinPlatformAgentDefault:SecureJarResource(sablecompanion)]
[30Sep2026 22:40:25.636] [main/DEBUG] [mixin/]: Processing inject() for PlatformAgent[MixinPlatformAgentDefault:SecureJarResource(flywheel)]
[30Sep2026 22:40:25.636] [main/DEBUG] [mixin/]: Processing inject() for PlatformAgent[MixinPlatformAgentDefault:SecureJarResource(ponder)]
[30Sep2026 22:40:25.636] [main/DEBUG] [mixin/]: Processing inject() for PlatformAgent[MixinPlatformAgentDefault:SecureJarResource(create)]
[30Sep2026 22:40:25.636] [main/DEBUG] [mixin/]: Processing inject() for PlatformAgent[MixinPlatformAgentDefault:SecureJarResource(sable)]
[30Sep2026 22:40:25.636] [main/DEBUG] [mixin/]: Processing inject() for PlatformAgent[MixinPlatformAgentDefault:SecureJarResource(journeymap)]
[30Sep2026 22:40:25.636] [main/DEBUG] [mixin/]: Processing inject() for PlatformAgent[MixinPlatformAgentDefault:SecureJarResource(neoforge)]
[30Sep2026 22:40:25.636] [main/DEBUG] [mixin/]: Processing inject() for PlatformAgent[MixinPlatformAgentDefault:SecureJarResource(badpackets)]
[30Sep2026 22:40:25.636] [main/DEBUG] [mixin/]: Processing inject() for PlatformAgent[MixinPlatformAgentDefault:SecureJarResource(veil)]
[30Sep2026 22:40:25.636] [main/DEBUG] [mixin/]: Processing inject() for PlatformAgent[MixinPlatformAgentDefault:SecureJarResource(musketmod)]
[30Sep2026 22:40:25.636] [main/DEBUG] [mixin/]: Processing inject() for PlatformAgent[MixinPlatformAgentDefault:SecureJarResource(simulated)]
[30Sep2026 22:40:25.636] [main/DEBUG] [mixin/]: Processing inject() for PlatformAgent[MixinPlatformAgentDefault:SecureJarResource(computercraft)]
[30Sep2026 22:40:25.636] [main/DEBUG] [mixin/]: Processing inject() for PlatformAgent[MixinPlatformAgentDefault:SecureJarResource(distanthorizons)]
[30Sep2026 22:40:25.636] [main/DEBUG] [mixin/]: Processing inject() for PlatformAgent[MixinPlatformAgentDefault:SecureJarResource(create_power_loader)]
[30Sep2026 22:40:25.636] [main/DEBUG] [mixin/]: Processing inject() for PlatformAgent[MixinPlatformAgentDefault:SecureJarResource(cloth_config)]
[30Sep2026 22:40:25.636] [main/DEBUG] [mixin/]: Processing inject() for PlatformAgent[MixinPlatformAgentDefault:SecureJarResource(journeymap_api)]
[30Sep2026 22:40:25.636] [main/DEBUG] [mixin/]: Processing inject() for PlatformAgent[MixinPlatformAgentDefault:SecureJarResource(offroad)]
[30Sep2026 22:40:25.636] [main/DEBUG] [mixin/]: Processing inject() for PlatformAgent[MixinPlatformAgentDefault:SecureJarResource(Registrate.MC1._21._67)]
[30Sep2026 22:40:25.636] [main/DEBUG] [mixin/]: Processing inject() for PlatformAgent[MixinPlatformAgentDefault:SecureJarResource(sable_rapier)]
[30Sep2026 22:40:25.636] [main/DEBUG] [mixin/]: Processing inject() for PlatformAgent[MixinPlatformAgentDefault:SecureJarResource(mixinextras.neoforge)]
[30Sep2026 22:40:25.637] [main/INFO] [cpw.mods.modlauncher.LaunchServiceHandler/MODLAUNCHER]: Launching target 'forgeserver' with arguments []
[30Sep2026 22:40:25.747] [main/DEBUG] [mixin/]: Preparing mixins for MixinEnvironment[DEFAULT]
[30Sep2026 22:40:25.747] [main/DEBUG] [mixin/]: Selecting config playerAnimator-common.mixins.json
[30Sep2026 22:40:25.766] [main/DEBUG] [mixin/]: Selecting config aeronautics.mixins.json
[30Sep2026 22:40:25.774] [main/WARN] [mixin/]: Reference map 'aeronautics.refmap.json' for aeronautics.mixins.json could not be read. If this is a development environment you can ignore this message
[30Sep2026 22:40:25.775] [main/DEBUG] [mixin/]: Selecting config aeronautics.neoforge.mixins.json
[30Sep2026 22:40:25.775] [main/DEBUG] [mixin/]: Selecting config vc_gliders-common.mixins.json
[30Sep2026 22:40:25.776] [main/DEBUG] [mixin/]: Selecting config wthit.mixins.json
[30Sep2026 22:40:25.777] [main/DEBUG] [mixin/]: Selecting config allarrowspickup.mixins.json
[30Sep2026 22:40:25.778] [main/DEBUG] [mixin/]: Selecting config flywheel.backend.mixins.json
[30Sep2026 22:40:25.782] [main/DEBUG] [mixin/]: Selecting config flywheel.impl.mixins.json
[30Sep2026 22:40:25.783] [main/DEBUG] [mixin/]: Selecting config flywheel.impl.neoforge.mixins.json
[30Sep2026 22:40:25.784] [main/DEBUG] [mixin/]: Selecting config ponder.mixins.json
[30Sep2026 22:40:25.785] [main/DEBUG] [mixin/]: Selecting config ponder-common.mixins.json
[30Sep2026 22:40:25.785] [main/WARN] [mixin/]: Reference map 'ponder.refmap.json' for ponder-common.mixins.json could not be read. If this is a development environment you can ignore this message
[30Sep2026 22:40:25.785] [main/DEBUG] [mixin/]: Selecting config create.mixins.json
[30Sep2026 22:40:25.787] [main/DEBUG] [mixin/]: Selecting config sable.mixins.json
[30Sep2026 22:40:25.807] [main/INFO] [dev.ryanhcode.sable.mixin.AbstractSableMixinPlugin/]: Using Vanilla renderer mixins
[30Sep2026 22:40:25.808] [main/DEBUG] [mixin/]: Selecting config sable-neoforge.mixins.json
[30Sep2026 22:40:25.808] [main/INFO] [dev.ryanhcode.sable.mixin.AbstractSableMixinPlugin/]: Using Vanilla renderer mixins
[30Sep2026 22:40:25.809] [main/DEBUG] [mixin/]: Selecting config journeymap.mixins.json
[30Sep2026 22:40:25.809] [main/DEBUG] [mixin/]: Selecting config journeymap.neoforge.mixins.json
[30Sep2026 22:40:25.809] [main/DEBUG] [mixin/]: Selecting config neoforge.mixins.json
[30Sep2026 22:40:25.810] [main/DEBUG] [mixin/]: Selecting config badpackets.mixins.json
[30Sep2026 22:40:25.811] [main/DEBUG] [mixin/]: Selecting config veil.command.mixins.json
[30Sep2026 22:40:25.844] [main/DEBUG] [mixin/]: Selecting config veil.debug.mixins.json
[30Sep2026 22:40:25.844] [main/DEBUG] [mixin/]: Selecting config veil.dynamicbuffer.mixins.json
[30Sep2026 22:40:25.845] [main/DEBUG] [mixin/]: Selecting config veil.fix.mixins.json
[30Sep2026 22:40:25.845] [main/DEBUG] [mixin/]: Selecting config veil.framebuffer.mixins.json
[30Sep2026 22:40:25.845] [main/DEBUG] [mixin/]: Selecting config veil.necromancer.mixins.json
[30Sep2026 22:40:25.846] [main/DEBUG] [mixin/]: Selecting config veil.network.mixins.json
[30Sep2026 22:40:25.846] [main/DEBUG] [mixin/]: Selecting config veil.performance.mixins.json
[30Sep2026 22:40:25.846] [main/DEBUG] [mixin/]: Selecting config veil.perspective.mixins.json
[30Sep2026 22:40:25.846] [main/DEBUG] [mixin/]: Selecting config veil.pipeline.mixins.json
[30Sep2026 22:40:25.847] [main/DEBUG] [mixin/]: Selecting config veil.quasar.mixins.json
[30Sep2026 22:40:25.847] [main/DEBUG] [mixin/]: Selecting config veil.registry.mixins.json
[30Sep2026 22:40:25.847] [main/DEBUG] [mixin/]: Selecting config veil.rendertype.mixins.json
[30Sep2026 22:40:25.848] [main/DEBUG] [mixin/]: Selecting config veil.resource.mixins.json
[30Sep2026 22:40:25.848] [main/DEBUG] [mixin/]: Selecting config veil.scheduler.mixins.json
[30Sep2026 22:40:25.848] [main/DEBUG] [mixin/]: Selecting config veil.shader.mixins.json
[30Sep2026 22:40:25.849] [main/DEBUG] [mixin/]: Selecting config veil.shader_recompile.mixins.json
[30Sep2026 22:40:25.849] [main/DEBUG] [mixin/]: Selecting config veil.neoforge.mixins.json
[30Sep2026 22:40:25.849] [main/DEBUG] [mixin/]: Selecting config musketmod.mixins.json
[30Sep2026 22:40:25.849] [main/DEBUG] [mixin/]: Selecting config simulated.mixins.json
[30Sep2026 22:40:25.850] [main/WARN] [mixin/]: Reference map 'simulated.refmap.json' for simulated.mixins.json could not be read. If this is a development environment you can ignore this message
[30Sep2026 22:40:25.850] [main/DEBUG] [mixin/]: Selecting config simulated-neoforge.mixins.json
[30Sep2026 22:40:25.850] [main/DEBUG] [mixin/]: Selecting config computercraft.mixins.json
[30Sep2026 22:40:25.850] [main/DEBUG] [mixin/]: Selecting config computercraft.forge.mixins.json
[30Sep2026 22:40:25.850] [main/DEBUG] [mixin/]: Selecting config computercraft-client.forge.mixins.json
[30Sep2026 22:40:25.851] [main/DEBUG] [mixin/]: Selecting config DistantHorizons.neoforge.mixins.json
[30Sep2026 22:40:25.872] [main/DEBUG] [mixin/]: Selecting config create_power_loader.mixins.json
[30Sep2026 22:40:25.877] [main/WARN] [mixin/]: Reference map 'create_power_loader.refmap.json' for create_power_loader.mixins.json could not be read. If this is a development environment you can ignore this message
[30Sep2026 22:40:25.877] [main/DEBUG] [mixin/]: Selecting config offroad.mixins.json
[30Sep2026 22:40:25.877] [main/WARN] [mixin/]: Reference map 'offroad.refmap.json' for offroad.mixins.json could not be read. If this is a development environment you can ignore this message
[30Sep2026 22:40:25.878] [main/DEBUG] [mixin/]: Selecting config offroad.neoforge.mixins.json
[30Sep2026 22:40:25.878] [main/DEBUG] [mixin/]: Selecting config mixinextras.init.mixins.json
[30Sep2026 22:40:25.941] [main/DEBUG] [MixinExtras|Service/]: com.llamalad7.mixinextras.service.MixinExtrasServiceImpl(version=0.5.3) is taking over from null
[30Sep2026 22:40:26.006] [main/DEBUG] [mixin/]: Registering new injector for @Inject with org.spongepowered.asm.mixin.injection.struct.CallbackInjectionInfo
[30Sep2026 22:40:26.008] [main/DEBUG] [mixin/]: Registering new injector for @ModifyArg with org.spongepowered.asm.mixin.injection.struct.ModifyArgInjectionInfo
[30Sep2026 22:40:26.011] [main/DEBUG] [mixin/]: Registering new injector for @ModifyArgs with org.spongepowered.asm.mixin.injection.struct.ModifyArgsInjectionInfo
[30Sep2026 22:40:26.013] [main/DEBUG] [mixin/]: Registering new injector for @Redirect with org.spongepowered.asm.mixin.injection.struct.RedirectInjectionInfo
[30Sep2026 22:40:26.014] [main/DEBUG] [mixin/]: Registering new injector for @ModifyVariable with org.spongepowered.asm.mixin.injection.struct.ModifyVariableInjectionInfo
[30Sep2026 22:40:26.017] [main/DEBUG] [mixin/]: Registering new injector for @ModifyConstant with org.spongepowered.asm.mixin.injection.struct.ModifyConstantInjectionInfo
[30Sep2026 22:40:26.031] [main/DEBUG] [mixin/]: Preparing playerAnimator-common.mixins.json (17)
[30Sep2026 22:40:26.031] [main/DEBUG] [mixin/]: Preparing aeronautics.mixins.json (29)
[30Sep2026 22:40:26.059] [main/TRACE] [mixin/]: Added class metadata for dev/simulated_team/simulated/util/SimAssemblyHelper to metadata cache
[30Sep2026 22:40:26.068] [main/TRACE] [mixin/]: Added class metadata for dev/ryanhcode/sable/api/SubLevelAssemblyHelper to metadata cache
[30Sep2026 22:40:26.068] [main/TRACE] [mixin/]: Added class metadata for com/simibubi/create/content/kinetics/flywheel/FlywheelBlockEntity to metadata cache
[30Sep2026 22:40:26.070] [main/TRACE] [mixin/]: Added class metadata for net/minecraft/world/entity/item/ItemEntity to metadata cache
[30Sep2026 22:40:26.075] [main/DEBUG] [net.neoforged.accesstransformer.AccessTransformer/AXFORM]: Transforming net.minecraft.world.level.block.Block METHOD popExperience(Lnet/minecraft/server/level/ServerLevel;Lnet/minecraft/core/BlockPos;I)V to access PUBLIC and LEAVE
[30Sep2026 22:40:26.107] [main/TRACE] [mixin/]: Added class metadata for net/minecraft/world/level/block/Block to metadata cache
[30Sep2026 22:40:26.108] [main/TRACE] [mixin/]: Added class metadata for com/simibubi/create/content/kinetics/waterwheel/WaterWheelBlockEntity to metadata cache
[30Sep2026 22:40:26.108] [main/TRACE] [mixin/]: Added class metadata for net/createmod/ponder/foundation/instruction/DisplayWorldSectionInstruction to metadata cache
[30Sep2026 22:40:26.108] [main/TRACE] [mixin/]: Added class metadata for net/createmod/ponder/foundation/instruction/TickingInstruction to metadata cache
[30Sep2026 22:40:26.111] [main/TRACE] [mixin/]: Added class metadata for net/createmod/ponder/foundation/element/WorldSectionElementImpl to metadata cache
[30Sep2026 22:40:26.112] [main/TRACE] [mixin/]: Added class metadata for com/simibubi/create/content/equipment/potatoCannon/PotatoProjectileEntity to metadata cache
[30Sep2026 22:40:26.113] [main/TRACE] [mixin/]: Added class metadata for com/simibubi/create/content/contraptions/bearing/BearingContraption to metadata cache
[30Sep2026 22:40:26.113] [main/DEBUG] [net.neoforged.fml.common.asm.RuntimeDistCleaner/DISTXFORM]: Removing method: dev/eriksonn/aeronautics/content/blocks/propeller/bearing/contraption/PropellerBearingContraptionEntity.applyLocalTransforms(Lcom/mojang/blaze3d/vertex/PoseStack;F)V
[30Sep2026 22:40:26.115] [main/TRACE] [mixin/]: Added class metadata for dev/eriksonn/aeronautics/content/blocks/propeller/bearing/contraption/PropellerBearingContraptionEntity to metadata cache
[30Sep2026 22:40:26.118] [main/DEBUG] [net.neoforged.fml.common.asm.RuntimeDistCleaner/DISTXFORM]: Removing method: com/simibubi/create/content/contraptions/ContraptionCollider.saveClientPlayerFromClipping(Lcom/simibubi/create/content/contraptions/AbstractContraptionEntity;Lnet/minecraft/world/phys/Vec3;)V
[30Sep2026 22:40:26.118] [main/DEBUG] [net.neoforged.fml.common.asm.RuntimeDistCleaner/DISTXFORM]: Removing method: com/simibubi/create/content/contraptions/ContraptionCollider.lockPacketReceived(IID)V
[30Sep2026 22:40:26.119] [main/DEBUG] [net.neoforged.fml.common.asm.RuntimeDistCleaner/DISTXFORM]: Removing method: com/simibubi/create/content/contraptions/ContraptionCollider.saveRemotePlayerFromClipping(Lnet/minecraft/world/entity/player/Player;Lcom/simibubi/create/content/contraptions/AbstractContraptionEntity;Lnet/minecraft/world/phys/Vec3;)V
[30Sep2026 22:40:26.119] [main/DEBUG] [net.neoforged.fml.common.asm.RuntimeDistCleaner/DISTXFORM]: Removing method: com/simibubi/create/content/contraptions/ContraptionCollider.savePlayerFromClipping(Lnet/minecraft/world/entity/player/Player;Lcom/simibubi/create/content/contraptions/AbstractContraptionEntity;Lnet/minecraft/world/phys/Vec3;D)Z
[30Sep2026 22:40:26.119] [main/DEBUG] [net.neoforged.fml.common.asm.RuntimeDistCleaner/DISTXFORM]: Removing method: com/simibubi/create/content/contraptions/ContraptionCollider.isClientPlayerEntity(Lnet/minecraft/world/entity/Entity;)Z
[30Sep2026 22:40:26.119] [main/DEBUG] [net.neoforged.fml.common.asm.RuntimeDistCleaner/DISTXFORM]: Removing lambda method: com/simibubi/create/content/contraptions/ContraptionCollider.lambda$lockPacketReceived$5(Lcom/simibubi/create/content/contraptions/AbstractContraptionEntity;)Ljava/util/Map;
[30Sep2026 22:40:26.126] [main/TRACE] [mixin/]: Added class metadata for com/simibubi/create/content/contraptions/ContraptionCollider to metadata cache
[30Sep2026 22:40:26.126] [main/TRACE] [mixin/]: Added class metadata for dev/ryanhcode/sable/SableCommonEvents to metadata cache
[30Sep2026 22:40:26.126] [main/TRACE] [mixin/]: Added class metadata for net/minecraft/world/item/ShearsItem to metadata cache
[30Sep2026 22:40:26.129] [main/TRACE] [mixin/]: Added class metadata for com/simibubi/create/content/fluids/tank/BoilerData to metadata cache
[30Sep2026 22:40:26.129] [main/DEBUG] [mixin/]: Preparing aeronautics.neoforge.mixins.json (1)
[30Sep2026 22:40:26.129] [main/DEBUG] [mixin/]: Preparing vc_gliders-common.mixins.json (8)
[30Sep2026 22:40:26.134] [main/DEBUG] [net.neoforged.accesstransformer.AccessTransformer/AXFORM]: Transforming net.minecraft.world.entity.player.Player METHOD closeContainer()V to access PUBLIC and LEAVE
[30Sep2026 22:40:26.144] [main/TRACE] [mixin/]: Added class metadata for net/minecraft/world/entity/player/Player to metadata cache
[30Sep2026 22:40:26.144] [main/DEBUG] [mixin/]: Preparing wthit.mixins.json (28)
[30Sep2026 22:40:26.151] [main/TRACE] [mixin/]: Added class metadata for net/minecraft/world/level/block/entity/AbstractFurnaceBlockEntity to metadata cache
[30Sep2026 22:40:26.152] [main/TRACE] [mixin/]: Added class metadata for net/minecraft/world/level/block/entity/BaseContainerBlockEntity to metadata cache
[30Sep2026 22:40:26.155] [main/DEBUG] [net.neoforged.accesstransformer.AccessTransformer/AXFORM]: Transforming net.minecraft.world.level.block.entity.BeaconBlockEntity FIELD beamSections to access PUBLIC and LEAVE
[30Sep2026 22:40:26.157] [main/TRACE] [mixin/]: Added class metadata for net/minecraft/world/level/block/entity/BeaconBlockEntity to metadata cache
[30Sep2026 22:40:26.157] [main/TRACE] [mixin/]: Added class metadata for net/minecraft/world/level/block/entity/BeehiveBlockEntity$BeeData to metadata cache
[30Sep2026 22:40:26.159] [main/TRACE] [mixin/]: Added class metadata for net/minecraft/world/level/block/entity/BeehiveBlockEntity to metadata cache
[30Sep2026 22:40:26.160] [main/TRACE] [mixin/]: Added class metadata for net/minecraft/world/level/block/ChiseledBookShelfBlock to metadata cache
[30Sep2026 22:40:26.161] [main/TRACE] [mixin/]: Added class metadata for net/minecraft/world/level/block/entity/ChiseledBookShelfBlockEntity to metadata cache
[30Sep2026 22:40:26.168] [main/DEBUG] [net.neoforged.accesstransformer.AccessTransformer/AXFORM]: Transforming net.minecraft.world.entity.Entity FIELD ENTITY_COUNTER to access PROTECTED and LEAVE
[30Sep2026 22:40:26.168] [main/DEBUG] [net.neoforged.accesstransformer.AccessTransformer/AXFORM]: Transforming net.minecraft.world.entity.Entity FIELD removalReason to access PUBLIC and LEAVE
[30Sep2026 22:40:26.168] [main/DEBUG] [net.neoforged.accesstransformer.AccessTransformer/AXFORM]: Transforming net.minecraft.world.entity.Entity FIELD levelCallback to access PUBLIC and LEAVE
[30Sep2026 22:40:26.168] [main/DEBUG] [net.neoforged.accesstransformer.AccessTransformer/AXFORM]: Transforming net.minecraft.world.entity.Entity METHOD getEyePosition(F)Lnet/minecraft/world/phys/Vec3; to access PUBLIC and REMOVEFINAL
[30Sep2026 22:40:26.168] [main/DEBUG] [net.neoforged.accesstransformer.AccessTransformer/AXFORM]: Transforming net.minecraft.world.entity.Entity METHOD getEncodeId()Ljava/lang/String; to access PUBLIC and LEAVE
[30Sep2026 22:40:26.168] [main/DEBUG] [net.neoforged.accesstransformer.AccessTransformer/AXFORM]: Transforming net.minecraft.world.entity.Entity METHOD setRemoved(Lnet/minecraft/world/entity/Entity$RemovalReason;)V to access PUBLIC and REMOVEFINAL
[30Sep2026 22:40:26.185] [main/TRACE] [mixin/]: Added class metadata for net/minecraft/world/entity/Entity to metadata cache
[30Sep2026 22:40:26.187] [main/TRACE] [mixin/]: Added class metadata for net/minecraft/locale/Language to metadata cache
[30Sep2026 22:40:26.188] [main/TRACE] [mixin/]: Added class metadata for net/minecraft/world/level/block/entity/LecternBlockEntity to metadata cache
[30Sep2026 22:40:26.189] [main/TRACE] [mixin/]: Added class metadata for net/minecraft/world/level/block/NoteBlock to metadata cache
[30Sep2026 22:40:26.191] [main/TRACE] [mixin/]: Added class metadata for net/minecraft/server/ReloadableServerResources to metadata cache
[30Sep2026 22:40:26.191] [main/TRACE] [mixin/]: Added class metadata for net/minecraft/world/level/block/CherryLeavesBlock to metadata cache
[30Sep2026 22:40:26.191] [main/DEBUG] [net.neoforged.accesstransformer.AccessTransformer/AXFORM]: Transforming net.minecraft.world.level.block.DeadBushBlock METHOD <init>(Lnet/minecraft/world/level/block/state/BlockBehaviour$Properties;)V to access PUBLIC and LEAVE
[30Sep2026 22:40:26.192] [main/TRACE] [mixin/]: Added class metadata for net/minecraft/world/level/block/DeadBushBlock to metadata cache
[30Sep2026 22:40:26.193] [main/TRACE] [mixin/]: Added class metadata for net/minecraft/world/level/block/LeavesBlock to metadata cache
[30Sep2026 22:40:26.193] [main/TRACE] [mixin/]: Added class metadata for net/minecraft/world/level/block/MangroveLeavesBlock to metadata cache
[30Sep2026 22:40:26.194] [main/DEBUG] [net.neoforged.accesstransformer.AccessTransformer/AXFORM]: Transforming net.minecraft.world.level.block.SeagrassBlock METHOD <init>(Lnet/minecraft/world/level/block/state/BlockBehaviour$Properties;)V to access PUBLIC and LEAVE
[30Sep2026 22:40:26.195] [main/TRACE] [mixin/]: Added class metadata for net/minecraft/world/level/block/SeagrassBlock to metadata cache
[30Sep2026 22:40:26.195] [main/DEBUG] [net.neoforged.accesstransformer.AccessTransformer/AXFORM]: Transforming net.minecraft.world.level.block.TallGrassBlock METHOD <init>(Lnet/minecraft/world/level/block/state/BlockBehaviour$Properties;)V to access PUBLIC and LEAVE
[30Sep2026 22:40:26.196] [main/TRACE] [mixin/]: Added class metadata for net/minecraft/world/level/block/TallGrassBlock to metadata cache
[30Sep2026 22:40:26.197] [main/TRACE] [mixin/]: Added class metadata for net/minecraft/world/level/block/VineBlock to metadata cache
[30Sep2026 22:40:26.198] [main/TRACE] [mixin/]: Added class metadata for net/minecraft/world/level/block/WebBlock to metadata cache
[30Sep2026 22:40:26.198] [main/TRACE] [mixin/]: Added class metadata for net/neoforged/neoforge/common/SimpleTier to metadata cache
[30Sep2026 22:40:26.199] [main/TRACE] [mixin/CATCHING]: Catching
java.lang.ClassNotFoundException: net.minecraftforge.common.ForgeTier
	at cpw.mods.securejarhandler/cpw.mods.cl.ModuleClassLoader.getMaybeTransformedClassBytes(ModuleClassLoader.java:334) ~[securejarhandler-3.0.8.jar:?]
	at MC-BOOTSTRAP/cpw.mods.modlauncher@11.0.5/cpw.mods.modlauncher.TransformingClassLoader.buildTransformedClassNodeFor(TransformingClassLoader.java:65) ~[modlauncher-11.0.5.jar%2364!/:?]
	at MC-BOOTSTRAP/cpw.mods.modlauncher@11.0.5/cpw.mods.modlauncher.LaunchPluginHandler.lambda$announceLaunch$10(LaunchPluginHandler.java:106) ~[modlauncher-11.0.5.jar%2364!/:?]
	at MC-BOOTSTRAP/org.spongepowered.mixin/org.spongepowered.asm.launch.MixinLaunchPluginLegacy.getClassNode(MixinLaunchPluginLegacy.java:227) ~[sponge-mixin-0.15.2+mixin.0.8.7.jar%2373!/:0.15.2+mixin.0.8.7]
	at MC-BOOTSTRAP/org.spongepowered.mixin/org.spongepowered.asm.mixin.transformer.ClassInfo.forName(ClassInfo.java:2029) ~[sponge-mixin-0.15.2+mixin.0.8.7.jar%2373!/:0.15.2+mixin.0.8.7]
	at MC-BOOTSTRAP/org.spongepowered.mixin/org.spongepowered.asm.mixin.transformer.MixinInfo.getTargetClass(MixinInfo.java:1017) ~[sponge-mixin-0.15.2+mixin.0.8.7.jar%2373!/:0.15.2+mixin.0.8.7]
	at MC-BOOTSTRAP/org.spongepowered.mixin/org.spongepowered.asm.mixin.transformer.MixinInfo.readTargetClasses(MixinInfo.java:1007) ~[sponge-mixin-0.15.2+mixin.0.8.7.jar%2373!/:0.15.2+mixin.0.8.7]
	at MC-BOOTSTRAP/org.spongepowered.mixin/org.spongepowered.asm.mixin.transformer.MixinInfo.parseTargets(MixinInfo.java:895) ~[sponge-mixin-0.15.2+mixin.0.8.7.jar%2373!/:0.15.2+mixin.0.8.7]
	at MC-BOOTSTRAP/org.spongepowered.mixin/org.spongepowered.asm.mixin.transformer.MixinConfig.prepareMixins(MixinConfig.java:950) ~[sponge-mixin-0.15.2+mixin.0.8.7.jar%2373!/:0.15.2+mixin.0.8.7]
	at MC-BOOTSTRAP/org.spongepowered.mixin/org.spongepowered.asm.mixin.transformer.MixinConfig.prepare(MixinConfig.java:858) ~[sponge-mixin-0.15.2+mixin.0.8.7.jar%2373!/:0.15.2+mixin.0.8.7]
	at MC-BOOTSTRAP/org.spongepowered.mixin/org.spongepowered.asm.mixin.transformer.MixinProcessor.prepareConfigs(MixinProcessor.java:540) ~[sponge-mixin-0.15.2+mixin.0.8.7.jar%2373!/:0.15.2+mixin.0.8.7]
	at MC-BOOTSTRAP/org.spongepowered.mixin/org.spongepowered.asm.mixin.transformer.MixinProcessor.select(MixinProcessor.java:462) ~[sponge-mixin-0.15.2+mixin.0.8.7.jar%2373!/:0.15.2+mixin.0.8.7]
	at MC-BOOTSTRAP/org.spongepowered.mixin/org.spongepowered.asm.mixin.transformer.MixinProcessor.checkSelect(MixinProcessor.java:438) ~[sponge-mixin-0.15.2+mixin.0.8.7.jar%2373!/:0.15.2+mixin.0.8.7]
	at MC-BOOTSTRAP/org.spongepowered.mixin/org.spongepowered.asm.mixin.transformer.MixinProcessor.applyMixins(MixinProcessor.java:290) ~[sponge-mixin-0.15.2+mixin.0.8.7.jar%2373!/:0.15.2+mixin.0.8.7]
	at MC-BOOTSTRAP/org.spongepowered.mixin/org.spongepowered.asm.mixin.transformer.MixinTransformer.transformClass(MixinTransformer.java:250) ~[sponge-mixin-0.15.2+mixin.0.8.7.jar%2373!/:0.15.2+mixin.0.8.7]
	at MC-BOOTSTRAP/org.spongepowered.mixin/org.spongepowered.asm.service.modlauncher.MixinTransformationHandler.processClass(MixinTransformationHandler.java:131) ~[sponge-mixin-0.15.2+mixin.0.8.7.jar%2373!/:0.15.2+mixin.0.8.7]
	at MC-BOOTSTRAP/org.spongepowered.mixin/org.spongepowered.asm.launch.MixinLaunchPluginLegacy.processClass(MixinLaunchPluginLegacy.java:131) ~[sponge-mixin-0.15.2+mixin.0.8.7.jar%2373!/:0.15.2+mixin.0.8.7]
	at MC-BOOTSTRAP/cpw.mods.modlauncher@11.0.5/cpw.mods.modlauncher.serviceapi.ILaunchPluginService.processClassWithFlags(ILaunchPluginService.java:156) ~[modlauncher-11.0.5.jar%2364!/:11.0.5+main.901c6ea8]
	at MC-BOOTSTRAP/cpw.mods.modlauncher@11.0.5/cpw.mods.modlauncher.LaunchPluginHandler.offerClassNodeToPlugins(LaunchPluginHandler.java:94) ~[modlauncher-11.0.5.jar%2364!/:?]
	at MC-BOOTSTRAP/cpw.mods.modlauncher@11.0.5/cpw.mods.modlauncher.ClassTransformer.transform(ClassTransformer.java:120) ~[modlauncher-11.0.5.jar%2364!/:?]
	at MC-BOOTSTRAP/cpw.mods.modlauncher@11.0.5/cpw.mods.modlauncher.TransformingClassLoader.maybeTransformClassBytes(TransformingClassLoader.java:57) ~[modlauncher-11.0.5.jar%2364!/:?]
	at cpw.mods.securejarhandler/cpw.mods.cl.ModuleClassLoader.readerToClass(ModuleClassLoader.java:190) ~[securejarhandler-3.0.8.jar:?]
	at cpw.mods.securejarhandler/cpw.mods.cl.ModuleClassLoader.lambda$findClass$20(ModuleClassLoader.java:298) ~[securejarhandler-3.0.8.jar:?]
	at cpw.mods.securejarhandler/cpw.mods.cl.ModuleClassLoader.loadFromModule(ModuleClassLoader.java:311) ~[securejarhandler-3.0.8.jar:?]
	at cpw.mods.securejarhandler/cpw.mods.cl.ModuleClassLoader.findClass(ModuleClassLoader.java:298) ~[securejarhandler-3.0.8.jar:?]
	at java.base/java.lang.ClassLoader.loadClass(ClassLoader.java:638) ~[?:?]
	at java.base/java.lang.Class.forName(Class.java:627) ~[?:?]
	at java.base/java.lang.Class.forName(Class.java:602) ~[?:?]
	at MC-BOOTSTRAP/fml_loader@4.0.43/net.neoforged.fml.loading.ImmediateWindowHandler$DummyProvider.lambda$updateModuleReads$1(ImmediateWindowHandler.java:173) ~[loader-4.0.43.jar%2359!/:4.0]
	at java.base/java.util.Optional.map(Optional.java:260) [?:?]
	at MC-BOOTSTRAP/fml_loader@4.0.43/net.neoforged.fml.loading.ImmediateWindowHandler$DummyProvider.updateModuleReads(ImmediateWindowHandler.java:173) [loader-4.0.43.jar%2359!/:4.0]
	at MC-BOOTSTRAP/fml_loader@4.0.43/net.neoforged.fml.loading.ImmediateWindowHandler.acceptGameLayer(ImmediateWindowHandler.java:94) [loader-4.0.43.jar%2359!/:4.0]
	at MC-BOOTSTRAP/fml_loader@4.0.43/net.neoforged.fml.loading.FMLLoader.beforeStart(FMLLoader.java:166) [loader-4.0.43.jar%2359!/:4.0]
	at MC-BOOTSTRAP/fml_loader@4.0.43/net.neoforged.fml.loading.targets.CommonLaunchHandler.launchService(CommonLaunchHandler.java:115) [loader-4.0.43.jar%2359!/:4.0]
	at MC-BOOTSTRAP/cpw.mods.modlauncher@11.0.5/cpw.mods.modlauncher.LaunchServiceHandlerDecorator.launch(LaunchServiceHandlerDecorator.java:30) [modlauncher-11.0.5.jar%2364!/:?]
	at MC-BOOTSTRAP/cpw.mods.modlauncher@11.0.5/cpw.mods.modlauncher.LaunchServiceHandler.launch(LaunchServiceHandler.java:53) [modlauncher-11.0.5.jar%2364!/:?]
	at MC-BOOTSTRAP/cpw.mods.modlauncher@11.0.5/cpw.mods.modlauncher.LaunchServiceHandler.launch(LaunchServiceHandler.java:71) [modlauncher-11.0.5.jar%2364!/:?]
	at MC-BOOTSTRAP/cpw.mods.modlauncher@11.0.5/cpw.mods.modlauncher.Launcher.run(Launcher.java:103) [modlauncher-11.0.5.jar%2364!/:?]
	at MC-BOOTSTRAP/cpw.mods.modlauncher@11.0.5/cpw.mods.modlauncher.Launcher.main(Launcher.java:74) [modlauncher-11.0.5.jar%2364!/:?]
	at MC-BOOTSTRAP/cpw.mods.modlauncher@11.0.5/cpw.mods.modlauncher.BootstrapLaunchConsumer.accept(BootstrapLaunchConsumer.java:26) [modlauncher-11.0.5.jar%2364!/:?]
	at MC-BOOTSTRAP/cpw.mods.modlauncher@11.0.5/cpw.mods.modlauncher.BootstrapLaunchConsumer.accept(BootstrapLaunchConsumer.java:23) [modlauncher-11.0.5.jar%2364!/:?]
	at cpw.mods.bootstraplauncher@2.0.2/cpw.mods.bootstraplauncher.BootstrapLauncher.run(BootstrapLauncher.java:210) [bootstraplauncher-2.0.2.jar:?]
	at cpw.mods.bootstraplauncher@2.0.2/cpw.mods.bootstraplauncher.BootstrapLauncher.main(BootstrapLauncher.java:69) [bootstraplauncher-2.0.2.jar:?]
[30Sep2026 22:40:26.217] [main/WARN] [mixin/]: Error loading class: net/minecraftforge/common/ForgeTier (java.lang.ClassNotFoundException: net.minecraftforge.common.ForgeTier)
[30Sep2026 22:40:26.217] [main/TRACE] [mixin/]: Added class metadata for net/minecraftforge/common/ForgeTier to metadata cache
[30Sep2026 22:40:26.218] [main/DEBUG] [mixin/]: Skipping virtual target net.minecraftforge.common.ForgeTier for wthit.mixins.json:SimpleTierMixin from mod wthit
[30Sep2026 22:40:26.218] [main/DEBUG] [mixin/]: Preparing allarrowspickup.mixins.json (2)
[30Sep2026 22:40:26.221] [main/TRACE] [mixin/]: Added class metadata for net/minecraft/world/entity/projectile/AbstractArrow to metadata cache
[30Sep2026 22:40:26.221] [main/DEBUG] [mixin/]: Preparing flywheel.backend.mixins.json (9)
[30Sep2026 22:40:26.221] [main/DEBUG] [mixin/]: Preparing flywheel.impl.mixins.json (14)
[30Sep2026 22:40:26.221] [main/DEBUG] [mixin/]: Preparing flywheel.impl.neoforge.mixins.json (1)
[30Sep2026 22:40:26.221] [main/DEBUG] [mixin/]: Preparing ponder.mixins.json (1)
[30Sep2026 22:40:26.222] [main/DEBUG] [mixin/]: Preparing ponder-common.mixins.json (12)
[30Sep2026 22:40:26.223] [main/DEBUG] [net.neoforged.accesstransformer.AccessTransformer/AXFORM]: Transforming net.minecraft.world.level.biome.BiomeManager FIELD biomeZoomSeed to access PUBLIC and LEAVE
[30Sep2026 22:40:26.224] [main/TRACE] [mixin/]: Added class metadata for net/minecraft/world/level/biome/BiomeManager to metadata cache
[30Sep2026 22:40:26.229] [main/DEBUG] [net.neoforged.accesstransformer.AccessTransformer/AXFORM]: Transforming net.minecraft.server.MinecraftServer INNERCLASS ReloadableResources to access PUBLIC and LEAVE
[30Sep2026 22:40:26.236] [main/DEBUG] [net.neoforged.accesstransformer.AccessTransformer/AXFORM]: Transforming net.minecraft.server.MinecraftServer FIELD storageSource to access PUBLIC and LEAVE
[30Sep2026 22:40:26.236] [main/DEBUG] [net.neoforged.accesstransformer.AccessTransformer/AXFORM]: Transforming net.minecraft.server.MinecraftServer FIELD nextTickTimeNanos to access PROTECTED and LEAVE
[30Sep2026 22:40:26.244] [main/TRACE] [mixin/]: Added class metadata for net/minecraft/server/MinecraftServer to metadata cache
[30Sep2026 22:40:26.244] [main/DEBUG] [mixin/]: Preparing create.mixins.json (64)
[30Sep2026 22:40:26.258] [main/TRACE] [mixin/]: Added class metadata for net/minecraft/world/item/armortrim/ArmorTrim to metadata cache
[30Sep2026 22:40:26.259] [main/TRACE] [mixin/]: Added class metadata for net/minecraft/world/level/block/BeehiveBlock to metadata cache
[30Sep2026 22:40:26.260] [main/TRACE] [mixin/]: Added class metadata for net/minecraft/world/item/BlockItem to metadata cache
[30Sep2026 22:40:26.262] [main/TRACE] [mixin/]: Added class metadata for net/minecraft/core/registries/BuiltInRegistries to metadata cache
[30Sep2026 22:40:26.267] [main/DEBUG] [net.neoforged.accesstransformer.AccessTransformer/AXFORM]: Transforming net.minecraft.world.entity.LivingEntity FIELD jumping to access PUBLIC and LEAVE
[30Sep2026 22:40:26.267] [main/DEBUG] [net.neoforged.accesstransformer.AccessTransformer/AXFORM]: Transforming net.minecraft.world.entity.LivingEntity METHOD getHitbox()Lnet/minecraft/world/phys/AABB; to access PUBLIC and LEAVE
[30Sep2026 22:40:26.267] [main/DEBUG] [net.neoforged.accesstransformer.AccessTransformer/AXFORM]: Transforming net.minecraft.world.entity.LivingEntity METHOD getCurrentSwingDuration()I to access PUBLIC and LEAVE
[30Sep2026 22:40:26.268] [main/DEBUG] [net.neoforged.accesstransformer.AccessTransformer/AXFORM]: Transforming net.minecraft.world.entity.LivingEntity METHOD dismountVehicle(Lnet/minecraft/world/entity/Entity;)V to access PUBLIC and LEAVE
[30Sep2026 22:40:26.281] [main/TRACE] [mixin/]: Added class metadata for net/minecraft/world/entity/LivingEntity to metadata cache
[30Sep2026 22:40:26.282] [main/TRACE] [mixin/]: Added class metadata for net/minecraft/world/level/storage/loot/functions/EnchantedCountIncreaseFunction to metadata cache
[30Sep2026 22:40:26.284] [main/DEBUG] [net.neoforged.accesstransformer.AccessTransformer/AXFORM]: Transforming net.minecraft.world.item.ItemStack METHOD addToTooltip(Lnet/minecraft/core/component/DataComponentType;Lnet/minecraft/world/item/Item$TooltipContext;Ljava/util/function/Consumer;Lnet/minecraft/world/item/TooltipFlag;)V to access PUBLIC and LEAVE
[30Sep2026 22:40:26.288] [main/TRACE] [mixin/]: Added class metadata for net/minecraft/world/item/ItemStack to metadata cache
[30Sep2026 22:40:26.289] [main/DEBUG] [net.neoforged.accesstransformer.AccessTransformer/AXFORM]: Transforming net.minecraft.world.level.saveddata.maps.MapItemSavedData METHOD removeDecoration(Ljava/lang/String;)V to access PUBLIC and LEAVE
[30Sep2026 22:40:26.289] [main/DEBUG] [net.neoforged.accesstransformer.AccessTransformer/AXFORM]: Transforming net.minecraft.world.level.saveddata.maps.MapItemSavedData METHOD addDecoration(Lnet/minecraft/core/Holder;Lnet/minecraft/world/level/LevelAccessor;Ljava/lang/String;DDDLnet/minecraft/network/chat/Component;)V to access PUBLIC and LEAVE
[30Sep2026 22:40:26.291] [main/TRACE] [mixin/]: Added class metadata for net/minecraft/world/level/saveddata/maps/MapItemSavedData to metadata cache
[30Sep2026 22:40:26.293] [main/DEBUG] [net.neoforged.accesstransformer.AccessTransformer/AXFORM]: Transforming net.minecraft.world.entity.Mob FIELD goalSelector to access PUBLIC and LEAVE
[30Sep2026 22:40:26.293] [main/DEBUG] [net.neoforged.accesstransformer.AccessTransformer/AXFORM]: Transforming net.minecraft.world.entity.Mob FIELD targetSelector to access PUBLIC and LEAVE
[30Sep2026 22:40:26.297] [main/TRACE] [mixin/]: Added class metadata for net/minecraft/world/entity/Mob to metadata cache
[30Sep2026 22:40:26.298] [main/TRACE] [mixin/]: Added class metadata for net/minecraft/world/entity/projectile/ProjectileUtil to metadata cache
[30Sep2026 22:40:26.299] [main/TRACE] [mixin/]: Added class metadata for net/minecraft/world/inventory/SmithingMenu to metadata cache
[30Sep2026 22:40:26.301] [main/TRACE] [mixin/]: Added class metadata for net/minecraft/world/level/material/FlowingFluid to metadata cache
[30Sep2026 22:40:26.301] [main/DEBUG] [net.neoforged.accesstransformer.AccessTransformer/AXFORM]: Transforming net.minecraft.world.level.block.state.BlockBehaviour METHOD propertiesCodec()Lcom/mojang/serialization/codecs/RecordCodecBuilder; to access PUBLIC and LEAVE
[30Sep2026 22:40:26.303] [main/TRACE] [mixin/]: Added class metadata for net/minecraft/world/level/block/state/BlockBehaviour to metadata cache
[30Sep2026 22:40:26.304] [main/DEBUG] [net.neoforged.accesstransformer.AccessTransformer/AXFORM]: Transforming net.minecraft.data.loot.BlockLootSubProvider METHOD createSelfDropDispatchTable(Lnet/minecraft/world/level/block/Block;Lnet/minecraft/world/level/storage/loot/predicates/LootItemCondition$Builder;Lnet/minecraft/world/level/storage/loot/entries/LootPoolEntryContainer$Builder;)Lnet/minecraft/world/level/storage/loot/LootTable$Builder; to access PROTECTED and LEAVE
[30Sep2026 22:40:26.304] [main/DEBUG] [net.neoforged.accesstransformer.AccessTransformer/AXFORM]: Transforming net.minecraft.data.loot.BlockLootSubProvider METHOD createSilkTouchOnlyTable(Lnet/minecraft/world/level/ItemLike;)Lnet/minecraft/world/level/storage/loot/LootTable$Builder; to access PROTECTED and LEAVE
[30Sep2026 22:40:26.304] [main/DEBUG] [net.neoforged.accesstransformer.AccessTransformer/AXFORM]: Transforming net.minecraft.data.loot.BlockLootSubProvider METHOD createPotFlowerItemTable(Lnet/minecraft/world/level/ItemLike;)Lnet/minecraft/world/level/storage/loot/LootTable$Builder; to access PROTECTED and LEAVE
[30Sep2026 22:40:26.306] [main/TRACE] [mixin/]: Added class metadata for net/minecraft/data/loot/BlockLootSubProvider to metadata cache
[30Sep2026 22:40:26.307] [main/TRACE] [mixin/]: Added class metadata for net/minecraft/world/level/block/ConcretePowderBlock to metadata cache
[30Sep2026 22:40:26.307] [main/DEBUG] [net.neoforged.accesstransformer.AccessTransformer/AXFORM]: Transforming net.minecraft.world.level.block.CropBlock METHOD <init>(Lnet/minecraft/world/level/block/state/BlockBehaviour$Properties;)V to access PUBLIC and LEAVE
[30Sep2026 22:40:26.307] [main/DEBUG] [net.neoforged.accesstransformer.AccessTransformer/AXFORM]: Transforming net.minecraft.world.level.block.CropBlock METHOD hasSufficientLight(Lnet/minecraft/world/level/LevelReader;Lnet/minecraft/core/BlockPos;)Z to access PUBLIC and LEAVE
[30Sep2026 22:40:26.308] [main/TRACE] [mixin/]: Added class metadata for net/minecraft/world/level/block/CropBlock to metadata cache
[30Sep2026 22:40:26.309] [main/DEBUG] [net.neoforged.accesstransformer.AccessTransformer/AXFORM]: Transforming net.minecraft.world.level.block.DispenserBlock METHOD <init>(Lnet/minecraft/world/level/block/state/BlockBehaviour$Properties;)V to access PUBLIC and LEAVE
[30Sep2026 22:40:26.310] [main/TRACE] [mixin/]: Added class metadata for net/minecraft/world/level/block/DispenserBlock to metadata cache
[30Sep2026 22:40:26.311] [main/TRACE] [mixin/]: Added class metadata for net/minecraft/world/entity/item/FallingBlockEntity to metadata cache
[30Sep2026 22:40:26.311] [main/TRACE] [mixin/]: Added class metadata for net/neoforged/neoforge/fluids/FluidInteractionRegistry to metadata cache
[30Sep2026 22:40:26.314] [main/DEBUG] [net.neoforged.accesstransformer.AccessTransformer/AXFORM]: Transforming net.minecraft.gametest.framework.GameTestHelper FIELD testInfo to access PUBLIC and LEAVE
[30Sep2026 22:40:26.318] [main/TRACE] [mixin/]: Added class metadata for net/minecraft/gametest/framework/GameTestHelper to metadata cache
[30Sep2026 22:40:26.320] [main/TRACE] [mixin/]: Added class metadata for net/minecraft/world/entity/decoration/ItemFrame to metadata cache
[30Sep2026 22:40:26.321] [main/DEBUG] [net.neoforged.accesstransformer.AccessTransformer/AXFORM]: Transforming net.minecraft.data.models.ItemModelGenerators INNERCLASS TrimModelData to access PUBLIC and LEAVE
[30Sep2026 22:40:26.321] [main/DEBUG] [net.neoforged.accesstransformer.AccessTransformer/AXFORM]: Transforming net.minecraft.data.models.ItemModelGenerators FIELD GENERATED_TRIM_MODELS to access PUBLIC and LEAVE
[30Sep2026 22:40:26.321] [main/DEBUG] [net.neoforged.accesstransformer.AccessTransformer/AXFORM]: Transforming net.minecraft.data.models.ItemModelGenerators FIELD output to access PUBLIC and LEAVE
[30Sep2026 22:40:26.321] [main/DEBUG] [net.neoforged.accesstransformer.AccessTransformer/AXFORM]: Transforming net.minecraft.data.models.ItemModelGenerators METHOD generateFlatItem(Lnet/minecraft/world/item/Item;Lnet/minecraft/data/models/model/ModelTemplate;)V to access PUBLIC and LEAVE
[30Sep2026 22:40:26.321] [main/DEBUG] [net.neoforged.accesstransformer.AccessTransformer/AXFORM]: Transforming net.minecraft.data.models.ItemModelGenerators METHOD generateFlatItem(Lnet/minecraft/world/item/Item;Ljava/lang/String;Lnet/minecraft/data/models/model/ModelTemplate;)V to access PUBLIC and LEAVE
[30Sep2026 22:40:26.323] [main/TRACE] [mixin/]: Added class metadata for net/minecraft/data/models/ItemModelGenerators to metadata cache
[30Sep2026 22:40:26.324] [main/TRACE] [mixin/]: Added class metadata for net/neoforged/neoforge/items/ItemStackHandler to metadata cache
[30Sep2026 22:40:26.326] [main/TRACE] [mixin/]: Added class metadata for net/minecraft/core/MappedRegistry to metadata cache
[30Sep2026 22:40:26.327] [main/TRACE] [mixin/]: Added class metadata for net/minecraft/world/entity/vehicle/MinecartFurnace to metadata cache
[30Sep2026 22:40:26.328] [main/TRACE] [mixin/]: Added class metadata for net/minecraft/world/effect/MobEffectInstance to metadata cache
[30Sep2026 22:40:26.329] [main/TRACE] [mixin/]: Added class metadata for net/minecraft/nbt/NbtAccounter to metadata cache
[30Sep2026 22:40:26.330] [main/DEBUG] [net.neoforged.accesstransformer.AccessTransformer/AXFORM]: Transforming net.minecraft.world.item.alchemy.PotionBrewing INNERCLASS Mix to access PUBLIC and LEAVE
[30Sep2026 22:40:26.330] [main/DEBUG] [net.neoforged.accesstransformer.AccessTransformer/AXFORM]: Transforming net.minecraft.world.item.alchemy.PotionBrewing FIELD containers to access PUBLIC and LEAVE
[30Sep2026 22:40:26.330] [main/DEBUG] [net.neoforged.accesstransformer.AccessTransformer/AXFORM]: Transforming net.minecraft.world.item.alchemy.PotionBrewing FIELD potionMixes to access PUBLIC and LEAVE
[30Sep2026 22:40:26.330] [main/DEBUG] [net.neoforged.accesstransformer.AccessTransformer/AXFORM]: Transforming net.minecraft.world.item.alchemy.PotionBrewing FIELD containerMixes to access PUBLIC and LEAVE
[30Sep2026 22:40:26.330] [main/TRACE] [mixin/]: Added class metadata for net/minecraft/world/item/alchemy/PotionBrewing to metadata cache
[30Sep2026 22:40:26.331] [main/TRACE] [mixin/]: Added class metadata for net/minecraft/core/dispenser/ProjectileDispenseBehavior to metadata cache
[30Sep2026 22:40:26.334] [main/DEBUG] [net.neoforged.accesstransformer.AccessTransformer/AXFORM]: Transforming net.minecraft.server.level.ServerLevel FIELD entityManager to access PUBLIC and LEAVE
[30Sep2026 22:40:26.334] [main/DEBUG] [net.neoforged.accesstransformer.AccessTransformer/AXFORM]: Transforming net.minecraft.server.level.ServerLevel METHOD getEntities()Lnet/minecraft/world/level/entity/LevelEntityGetter; to access PUBLIC and LEAVE
[30Sep2026 22:40:26.339] [main/TRACE] [mixin/]: Added class metadata for net/minecraft/server/level/ServerLevel to metadata cache
[30Sep2026 22:40:26.339] [main/DEBUG] [net.neoforged.accesstransformer.AccessTransformer/AXFORM]: Transforming net.minecraft.world.item.crafting.ShapedRecipe FIELD pattern to access PUBLIC and LEAVE
[30Sep2026 22:40:26.340] [main/TRACE] [mixin/]: Added class metadata for net/minecraft/world/item/crafting/ShapedRecipe to metadata cache
[30Sep2026 22:40:26.341] [main/TRACE] [mixin/]: Added class metadata for net/minecraft/world/level/block/state/StateHolder to metadata cache
[30Sep2026 22:40:26.342] [main/TRACE] [mixin/]: Added class metadata for net/minecraft/SystemReport to metadata cache
[30Sep2026 22:40:26.343] [main/DEBUG] [net.neoforged.accesstransformer.AccessTransformer/AXFORM]: Transforming net.minecraft.world.item.context.UseOnContext METHOD <init>(Lnet/minecraft/world/level/Level;Lnet/minecraft/world/entity/player/Player;Lnet/minecraft/world/InteractionHand;Lnet/minecraft/world/item/ItemStack;Lnet/minecraft/world/phys/BlockHitResult;)V to access PUBLIC and LEAVE
[30Sep2026 22:40:26.343] [main/TRACE] [mixin/]: Added class metadata for net/minecraft/world/item/context/UseOnContext to metadata cache
[30Sep2026 22:40:26.344] [main/TRACE] [mixin/]: Added class metadata for net/minecraft/util/datafix/fixes/BlockPosFormatAndRenamesFix to metadata cache
[30Sep2026 22:40:26.346] [main/DEBUG] [net.neoforged.accesstransformer.AccessTransformer/AXFORM]: Transforming net.minecraft.util.datafix.fixes.ItemStackComponentizationFix INNERCLASS ItemStackData to access PUBLIC and LEAVE
[30Sep2026 22:40:26.349] [main/TRACE] [mixin/]: Added class metadata for net/minecraft/util/datafix/fixes/ItemStackComponentizationFix to metadata cache
[30Sep2026 22:40:26.350] [main/TRACE] [mixin/]: Added class metadata for net/minecraft/util/datafix/schemas/V1460 to metadata cache
[30Sep2026 22:40:26.350] [main/DEBUG] [mixin/]: Preparing sable.mixins.json (228)
[30Sep2026 22:40:26.400] [main/DEBUG] [net.neoforged.accesstransformer.AccessTransformer/AXFORM]: Transforming net.minecraft.world.item.context.BlockPlaceContext METHOD <init>(Lnet/minecraft/world/level/Level;Lnet/minecraft/world/entity/player/Player;Lnet/minecraft/world/InteractionHand;Lnet/minecraft/world/item/ItemStack;Lnet/minecraft/world/phys/BlockHitResult;)V to access PUBLIC and LEAVE
[30Sep2026 22:40:26.400] [main/TRACE] [mixin/]: Added class metadata for net/minecraft/world/item/context/BlockPlaceContext to metadata cache
[30Sep2026 22:40:26.401] [main/TRACE] [mixin/]: Added class metadata for net/minecraft/world/level/EntityGetter to metadata cache
[30Sep2026 22:40:26.402] [main/TRACE] [mixin/]: Added class metadata for net/minecraft/world/level/block/state/BlockState to metadata cache
[30Sep2026 22:40:26.402] [main/TRACE] [mixin/]: Added class metadata for net/minecraft/world/level/chunk/LevelChunkSection to metadata cache
[30Sep2026 22:40:26.403] [main/TRACE] [mixin/]: Added class metadata for net/minecraft/world/level/BlockGetter to metadata cache
[30Sep2026 22:40:26.403] [main/DEBUG] [net.neoforged.accesstransformer.AccessTransformer/AXFORM]: Transforming net.minecraft.world.level.ClipContext FIELD block to access PUBLIC and LEAVE
[30Sep2026 22:40:26.403] [main/DEBUG] [net.neoforged.accesstransformer.AccessTransformer/AXFORM]: Transforming net.minecraft.world.level.ClipContext FIELD fluid to access PUBLIC and LEAVE
[30Sep2026 22:40:26.403] [main/DEBUG] [net.neoforged.accesstransformer.AccessTransformer/AXFORM]: Transforming net.minecraft.world.level.ClipContext FIELD collisionContext to access PUBLIC and LEAVE
[30Sep2026 22:40:26.404] [main/TRACE] [mixin/]: Added class metadata for net/minecraft/world/level/ClipContext to metadata cache
[30Sep2026 22:40:26.404] [main/TRACE] [mixin/]: Added class metadata for net/minecraft/world/phys/HitResult to metadata cache
[30Sep2026 22:40:26.406] [main/TRACE] [mixin/]: Added class metadata for net/minecraft/commands/synchronization/ArgumentTypeInfos to metadata cache
[30Sep2026 22:40:26.407] [main/TRACE] [mixin/]: Added class metadata for net/minecraft/server/commands/data/DataCommands to metadata cache
[30Sep2026 22:40:26.411] [main/TRACE] [mixin/]: Added class metadata for net/minecraft/server/commands/ExecuteCommand to metadata cache
[30Sep2026 22:40:26.411] [main/TRACE] [mixin/]: Added class metadata for dan200/computercraft/shared/peripheral/modem/wireless/WirelessNetwork to metadata cache
[30Sep2026 22:40:26.412] [main/TRACE] [mixin/]: Added class metadata for net/minecraft/world/level/block/entity/ConduitBlockEntity to metadata cache
[30Sep2026 22:40:26.413] [main/DEBUG] [net.neoforged.accesstransformer.AccessTransformer/AXFORM]: Transforming net.minecraft.world.damagesource.CombatTracker FIELD INTENTIONAL_GAME_DESIGN_STYLE to access PUBLIC and LEAVE
[30Sep2026 22:40:26.413] [main/DEBUG] [net.neoforged.accesstransformer.AccessTransformer/AXFORM]: Transforming net.minecraft.world.damagesource.CombatTracker METHOD getFallMessage(Lnet/minecraft/world/damagesource/CombatEntry;Lnet/minecraft/world/entity/Entity;)Lnet/minecraft/network/chat/Component; to access PUBLIC and LEAVE
[30Sep2026 22:40:26.413] [main/DEBUG] [net.neoforged.accesstransformer.AccessTransformer/AXFORM]: Transforming net.minecraft.world.damagesource.CombatTracker METHOD getMostSignificantFall()Lnet/minecraft/world/damagesource/CombatEntry; to access PUBLIC and LEAVE
[30Sep2026 22:40:26.414] [main/TRACE] [mixin/]: Added class metadata for net/minecraft/world/damagesource/CombatTracker to metadata cache
[30Sep2026 22:40:26.415] [main/TRACE] [mixin/]: Added class metadata for net/minecraft/world/level/block/entity/EnchantingTableBlockEntity to metadata cache
[30Sep2026 22:40:26.416] [main/TRACE] [mixin/]: Added class metadata for net/minecraft/server/level/ServerEntity to metadata cache
[30Sep2026 22:40:26.416] [main/TRACE] [mixin/]: Added class metadata for net/minecraft/network/protocol/game/ClientboundMoveEntityPacket$Pos to metadata cache
[30Sep2026 22:40:26.417] [main/TRACE] [mixin/]: Added class metadata for net/minecraft/network/protocol/game/ClientboundMoveEntityPacket$PosRot to metadata cache
[30Sep2026 22:40:26.418] [main/TRACE] [mixin/]: Added class metadata for net/minecraft/network/protocol/game/ClientboundTeleportEntityPacket to metadata cache
[30Sep2026 22:40:26.418] [main/TRACE] [mixin/]: Added class metadata for net/minecraft/network/protocol/game/ServerboundMovePlayerPacket to metadata cache
[30Sep2026 22:40:26.421] [main/DEBUG] [net.neoforged.accesstransformer.AccessTransformer/AXFORM]: Transforming net.minecraft.server.network.ServerGamePacketListenerImpl FIELD aboveGroundTickCount to access PUBLIC and LEAVE
[30Sep2026 22:40:26.421] [main/DEBUG] [net.neoforged.accesstransformer.AccessTransformer/AXFORM]: Transforming net.minecraft.server.network.ServerGamePacketListenerImpl FIELD aboveGroundVehicleTickCount to access PUBLIC and LEAVE
[30Sep2026 22:40:26.426] [main/TRACE] [mixin/]: Added class metadata for net/minecraft/server/network/ServerGamePacketListenerImpl to metadata cache
[30Sep2026 22:40:26.429] [main/DEBUG] [net.neoforged.accesstransformer.AccessTransformer/AXFORM]: Transforming net.minecraft.server.level.ServerPlayer INNERCLASS RespawnPosAngle to access PUBLIC and LEAVE
[30Sep2026 22:40:26.429] [main/DEBUG] [net.neoforged.accesstransformer.AccessTransformer/AXFORM]: Transforming net.minecraft.server.level.ServerPlayer METHOD findRespawnAndUseSpawnBlock(Lnet/minecraft/server/level/ServerLevel;Lnet/minecraft/core/BlockPos;FZZ)Ljava/util/Optional; to access PUBLIC and LEAVE
[30Sep2026 22:40:26.429] [main/DEBUG] [net.neoforged.accesstransformer.AccessTransformer/AXFORM]: Transforming net.minecraft.server.level.ServerPlayer METHOD checkRidingStatistics(DDD)V to access PUBLIC and LEAVE
[30Sep2026 22:40:26.436] [main/TRACE] [mixin/]: Added class metadata for net/minecraft/server/level/ServerPlayer to metadata cache
[30Sep2026 22:40:26.436] [main/TRACE] [mixin/]: Added class metadata for net/minecraft/world/entity/ai/goal/EatBlockGoal to metadata cache
[30Sep2026 22:40:26.437] [main/TRACE] [mixin/]: Added class metadata for net/minecraft/world/phys/shapes/CollisionContext to metadata cache
[30Sep2026 22:40:26.437] [main/TRACE] [mixin/]: Added class metadata for net/minecraft/world/entity/Leashable to metadata cache
[30Sep2026 22:40:26.438] [main/TRACE] [mixin/]: Added class metadata for net/minecraft/world/level/pathfinder/FlyNodeEvaluator to metadata cache
[30Sep2026 22:40:26.439] [main/TRACE] [mixin/]: Added class metadata for net/minecraft/world/entity/ai/navigation/GroundPathNavigation to metadata cache
[30Sep2026 22:40:26.440] [main/TRACE] [mixin/]: Added class metadata for net/minecraft/world/level/pathfinder/PathfindingContext to metadata cache
[30Sep2026 22:40:26.440] [main/TRACE] [mixin/]: Added class metadata for net/minecraft/world/level/pathfinder/Path to metadata cache
[30Sep2026 22:40:26.441] [main/TRACE] [mixin/]: Added class metadata for net/minecraft/world/entity/ai/navigation/PathNavigation to metadata cache
[30Sep2026 22:40:26.443] [main/TRACE] [mixin/]: Added class metadata for net/minecraft/world/entity/ai/util/RandomPos to metadata cache
[30Sep2026 22:40:26.444] [main/TRACE] [mixin/]: Added class metadata for net/minecraft/world/level/pathfinder/WalkNodeEvaluator to metadata cache
[30Sep2026 22:40:26.463] [main/TRACE] [mixin/]: Added class metadata for net/minecraft/world/entity/EntityType to metadata cache
[30Sep2026 22:40:26.465] [main/TRACE] [mixin/]: Added class metadata for net/minecraft/world/entity/vehicle/AbstractMinecart to metadata cache
[30Sep2026 22:40:26.467] [main/DEBUG] [net.neoforged.accesstransformer.AccessTransformer/AXFORM]: Transforming net.minecraft.world.level.Level FIELD oRainLevel to access PUBLIC and LEAVE
[30Sep2026 22:40:26.467] [main/DEBUG] [net.neoforged.accesstransformer.AccessTransformer/AXFORM]: Transforming net.minecraft.world.level.Level FIELD rainLevel to access PUBLIC and LEAVE
[30Sep2026 22:40:26.467] [main/DEBUG] [net.neoforged.accesstransformer.AccessTransformer/AXFORM]: Transforming net.minecraft.world.level.Level FIELD oThunderLevel to access PUBLIC and LEAVE
[30Sep2026 22:40:26.467] [main/DEBUG] [net.neoforged.accesstransformer.AccessTransformer/AXFORM]: Transforming net.minecraft.world.level.Level FIELD thunderLevel to access PUBLIC and LEAVE
[30Sep2026 22:40:26.470] [main/TRACE] [mixin/]: Added class metadata for net/minecraft/world/level/Level to metadata cache
[30Sep2026 22:40:26.470] [main/TRACE] [mixin/]: Added class metadata for net/minecraft/server/level/ChunkMap$TrackedEntity to metadata cache
[30Sep2026 22:40:26.471] [main/DEBUG] [net.neoforged.accesstransformer.AccessTransformer/AXFORM]: Transforming net.minecraft.world.level.entity.PersistentEntitySectionManager FIELD sectionStorage to access PUBLIC and LEAVE
[30Sep2026 22:40:26.473] [main/TRACE] [mixin/]: Added class metadata for net/minecraft/world/level/entity/PersistentEntitySectionManager to metadata cache
[30Sep2026 22:40:26.473] [main/DEBUG] [net.neoforged.accesstransformer.AccessTransformer/AXFORM]: Transforming net.minecraft.world.entity.projectile.Projectile FIELD ownerUUID to access PUBLIC and LEAVE
[30Sep2026 22:40:26.473] [main/DEBUG] [net.neoforged.accesstransformer.AccessTransformer/AXFORM]: Transforming net.minecraft.world.entity.projectile.Projectile METHOD <init>(Lnet/minecraft/world/entity/EntityType;Lnet/minecraft/world/level/Level;)V to access PROTECTED and LEAVE
[30Sep2026 22:40:26.474] [main/TRACE] [mixin/]: Added class metadata for net/minecraft/world/entity/projectile/Projectile to metadata cache
[30Sep2026 22:40:26.477] [main/DEBUG] [net.neoforged.accesstransformer.AccessTransformer/AXFORM]: Transforming net.minecraft.server.level.ChunkMap INNERCLASS DistanceManager to access PUBLIC and LEAVE
[30Sep2026 22:40:26.477] [main/DEBUG] [net.neoforged.accesstransformer.AccessTransformer/AXFORM]: Transforming net.minecraft.server.level.ChunkMap FIELD updatingChunkMap to access PUBLIC and LEAVE
[30Sep2026 22:40:26.477] [main/DEBUG] [net.neoforged.accesstransformer.AccessTransformer/AXFORM]: Transforming net.minecraft.server.level.ChunkMap FIELD visibleChunkMap to access PUBLIC and LEAVE
[30Sep2026 22:40:26.477] [main/DEBUG] [net.neoforged.accesstransformer.AccessTransformer/AXFORM]: Transforming net.minecraft.server.level.ChunkMap FIELD mainThreadExecutor to access PUBLIC and LEAVE
[30Sep2026 22:40:26.477] [main/DEBUG] [net.neoforged.accesstransformer.AccessTransformer/AXFORM]: Transforming net.minecraft.server.level.ChunkMap FIELD toDrop to access PUBLIC and LEAVE
[30Sep2026 22:40:26.477] [main/DEBUG] [net.neoforged.accesstransformer.AccessTransformer/AXFORM]: Transforming net.minecraft.server.level.ChunkMap FIELD modified to access PUBLIC and LEAVE
[30Sep2026 22:40:26.477] [main/DEBUG] [net.neoforged.accesstransformer.AccessTransformer/AXFORM]: Transforming net.minecraft.server.level.ChunkMap FIELD chunkSaveCooldowns to access PUBLIC and LEAVE
[30Sep2026 22:40:26.477] [main/DEBUG] [net.neoforged.accesstransformer.AccessTransformer/AXFORM]: Transforming net.minecraft.server.level.ChunkMap FIELD unloadQueue to access PUBLIC and LEAVE
[30Sep2026 22:40:26.477] [main/DEBUG] [net.neoforged.accesstransformer.AccessTransformer/AXFORM]: Transforming net.minecraft.server.level.ChunkMap METHOD getUpdatingChunkIfPresent(J)Lnet/minecraft/server/level/ChunkHolder; to access PUBLIC and LEAVE
[30Sep2026 22:40:26.477] [main/DEBUG] [net.neoforged.accesstransformer.AccessTransformer/AXFORM]: Transforming net.minecraft.server.level.ChunkMap METHOD getVisibleChunkIfPresent(J)Lnet/minecraft/server/level/ChunkHolder; to access PUBLIC and LEAVE
[30Sep2026 22:40:26.477] [main/DEBUG] [net.neoforged.accesstransformer.AccessTransformer/AXFORM]: Transforming net.minecraft.server.level.ChunkMap METHOD tick(Ljava/util/function/BooleanSupplier;)V to access PUBLIC and LEAVE
[30Sep2026 22:40:26.477] [main/DEBUG] [net.neoforged.accesstransformer.AccessTransformer/AXFORM]: Transforming net.minecraft.server.level.ChunkMap METHOD scheduleUnload(JLnet/minecraft/server/level/ChunkHolder;)V to access PUBLIC and LEAVE
[30Sep2026 22:40:26.477] [main/DEBUG] [net.neoforged.accesstransformer.AccessTransformer/AXFORM]: Transforming net.minecraft.server.level.ChunkMap METHOD saveChunkIfNeeded(Lnet/minecraft/server/level/ChunkHolder;)Z to access PUBLIC and LEAVE
[30Sep2026 22:40:26.477] [main/DEBUG] [net.neoforged.accesstransformer.AccessTransformer/AXFORM]: Transforming net.minecraft.server.level.ChunkMap METHOD getChunks()Ljava/lang/Iterable; to access PUBLIC and LEAVE
[30Sep2026 22:40:26.477] [main/DEBUG] [net.neoforged.accesstransformer.AccessTransformer/AXFORM]: Transforming net.minecraft.server.level.ChunkMap METHOD onFullChunkStatusChange(Lnet/minecraft/world/level/ChunkPos;Lnet/minecraft/server/level/FullChunkStatus;)V to access PUBLIC and LEAVE
[30Sep2026 22:40:26.483] [main/TRACE] [mixin/]: Added class metadata for net/minecraft/server/level/ChunkMap to metadata cache
[30Sep2026 22:40:26.484] [main/TRACE] [mixin/]: Added class metadata for net/minecraft/world/entity/ai/goal/FleeSunGoal to metadata cache
[30Sep2026 22:40:26.485] [main/TRACE] [mixin/]: Added class metadata for net/minecraft/world/entity/TamableAnimal to metadata cache
[30Sep2026 22:40:26.486] [main/DEBUG] [net.neoforged.accesstransformer.AccessTransformer/AXFORM]: Transforming net.minecraft.world.entity.item.PrimedTnt METHOD explode()V to access PROTECTED and LEAVE
[30Sep2026 22:40:26.487] [main/TRACE] [mixin/]: Added class metadata for net/minecraft/world/entity/item/PrimedTnt to metadata cache
[30Sep2026 22:40:26.487] [main/TRACE] [mixin/]: Added class metadata for net/minecraft/world/entity/projectile/ThrownTrident to metadata cache
[30Sep2026 22:40:26.488] [main/TRACE] [mixin/]: Added class metadata for net/minecraft/world/level/Explosion to metadata cache
[30Sep2026 22:40:26.490] [main/DEBUG] [net.neoforged.accesstransformer.AccessTransformer/AXFORM]: Transforming net.minecraft.gametest.framework.GameTestInfo FIELD sequences to access PUBLIC and LEAVE
[30Sep2026 22:40:26.491] [main/TRACE] [mixin/]: Added class metadata for net/minecraft/gametest/framework/GameTestInfo to metadata cache
[30Sep2026 22:40:26.492] [main/TRACE] [mixin/]: Added class metadata for net/minecraft/gametest/framework/StructureUtils to metadata cache
[30Sep2026 22:40:26.494] [main/TRACE] [mixin/]: Added class metadata for net/minecraft/gametest/framework/TestCommand to metadata cache
[30Sep2026 22:40:26.496] [main/TRACE] [mixin/]: Added class metadata for net/minecraft/world/level/block/BellBlock to metadata cache
[30Sep2026 22:40:26.497] [main/TRACE] [mixin/]: Added class metadata for net/minecraft/world/level/block/TntBlock to metadata cache
[30Sep2026 22:40:26.497] [main/DEBUG] [net.neoforged.accesstransformer.AccessTransformer/AXFORM]: Transforming net.minecraft.server.level.ServerChunkCache INNERCLASS MainThreadExecutor to access PUBLIC and LEAVE
[30Sep2026 22:40:26.497] [main/DEBUG] [net.neoforged.accesstransformer.AccessTransformer/AXFORM]: Transforming net.minecraft.server.level.ServerChunkCache INNERCLASS ChunkAndHolder to access PUBLIC and LEAVE
[30Sep2026 22:40:26.497] [main/DEBUG] [net.neoforged.accesstransformer.AccessTransformer/AXFORM]: Transforming net.minecraft.server.level.ServerChunkCache FIELD distanceManager to access PUBLIC and LEAVE
[30Sep2026 22:40:26.497] [main/DEBUG] [net.neoforged.accesstransformer.AccessTransformer/AXFORM]: Transforming net.minecraft.server.level.ServerChunkCache FIELD level to access PUBLIC and LEAVE
[30Sep2026 22:40:26.499] [main/TRACE] [mixin/]: Added class metadata for net/minecraft/server/level/ServerChunkCache to metadata cache
[30Sep2026 22:40:26.501] [main/TRACE] [mixin/]: Added class metadata for net/minecraft/server/players/PlayerList to metadata cache
[30Sep2026 22:40:26.503] [main/DEBUG] [net.neoforged.accesstransformer.AccessTransformer/AXFORM]: Transforming net.minecraft.world.level.chunk.LevelChunk FIELD loaded to access PUBLIC and LEAVE
[30Sep2026 22:40:26.504] [main/TRACE] [mixin/]: Added class metadata for net/minecraft/world/level/chunk/LevelChunk to metadata cache
[30Sep2026 22:40:26.504] [main/TRACE] [mixin/]: Added class metadata for net/minecraft/world/level/BlockAndTintGetter to metadata cache
[30Sep2026 22:40:26.505] [main/TRACE] [mixin/]: Added class metadata for net/minecraft/world/ticks/LevelChunkTicks to metadata cache
[30Sep2026 22:40:26.506] [main/TRACE] [mixin/]: Added class metadata for net/minecraft/world/level/block/NetherPortalBlock to metadata cache
[30Sep2026 22:40:26.506] [main/DEBUG] [net.neoforged.accesstransformer.AccessTransformer/AXFORM]: Transforming net.minecraft.world.level.biome.Biome INNERCLASS ClimateSettings to access PUBLIC and LEAVE
[30Sep2026 22:40:26.510] [main/TRACE] [mixin/]: Added class metadata for net/minecraft/world/level/biome/Biome to metadata cache
[30Sep2026 22:40:26.511] [main/DEBUG] [net.neoforged.accesstransformer.AccessTransformer/AXFORM]: Transforming net.minecraft.world.item.Item FIELD components to access PRIVATE and REMOVEFINAL
[30Sep2026 22:40:26.511] [main/DEBUG] [net.neoforged.accesstransformer.AccessTransformer/AXFORM]: Transforming net.minecraft.world.item.Item METHOD getPlayerPOVHitResult(Lnet/minecraft/world/level/Level;Lnet/minecraft/world/entity/player/Player;Lnet/minecraft/world/level/ClipContext$Fluid;)Lnet/minecraft/world/phys/BlockHitResult; to access PUBLIC and LEAVE
[30Sep2026 22:40:26.512] [main/TRACE] [mixin/]: Added class metadata for net/minecraft/world/item/Item to metadata cache
[30Sep2026 22:40:26.513] [main/TRACE] [mixin/]: Added class metadata for net/minecraft/world/level/gameevent/EuclideanGameEventListenerRegistry to metadata cache
[30Sep2026 22:40:26.513] [main/TRACE] [mixin/]: Added class metadata for net/minecraft/world/level/gameevent/GameEventDispatcher to metadata cache
[30Sep2026 22:40:26.513] [main/TRACE] [mixin/]: Added class metadata for net/minecraft/world/level/gameevent/vibrations/VibrationSystem$Listener to metadata cache
[30Sep2026 22:40:26.514] [main/TRACE] [mixin/]: Added class metadata for net/minecraft/world/level/gameevent/vibrations/VibrationSystem$Ticker to metadata cache
[30Sep2026 22:40:26.515] [main/TRACE] [mixin/]: Added class metadata for net/minecraft/world/level/block/entity/SignBlockEntity to metadata cache
[30Sep2026 22:40:26.516] [main/DEBUG] [net.neoforged.accesstransformer.AccessTransformer/AXFORM]: Transforming net.minecraft.network.Connection FIELD channel to access PUBLIC and LEAVE
[30Sep2026 22:40:26.517] [main/TRACE] [mixin/]: Added class metadata for net/minecraft/network/Connection to metadata cache
[30Sep2026 22:40:26.518] [main/TRACE] [mixin/]: Added class metadata for net/minecraft/server/network/ServerConnectionListener to metadata cache
[30Sep2026 22:40:26.519] [main/TRACE] [mixin/]: Added class metadata for net/minecraft/world/phys/shapes/BitSetDiscreteVoxelShape to metadata cache
[30Sep2026 22:40:26.520] [main/TRACE] [mixin/]: Added class metadata for net/minecraft/world/phys/shapes/DiscreteVoxelShape to metadata cache
[30Sep2026 22:40:26.521] [main/TRACE] [mixin/]: Added class metadata for net/minecraft/world/phys/shapes/VoxelShape to metadata cache
[30Sep2026 22:40:26.521] [main/TRACE] [mixin/]: Added class metadata for net/minecraft/world/level/material/WaterFluid to metadata cache
[30Sep2026 22:40:26.523] [main/TRACE] [mixin/]: Added class metadata for net/minecraft/world/level/border/WorldBorder to metadata cache
[30Sep2026 22:40:26.523] [main/DEBUG] [mixin/]: Preparing sable-neoforge.mixins.json (159)
[30Sep2026 22:40:26.575] [main/TRACE] [mixin/]: Added class metadata for com/simibubi/create/content/kinetics/fan/AirCurrent to metadata cache
[30Sep2026 22:40:26.576] [main/TRACE] [mixin/]: Added class metadata for com/simibubi/create/content/kinetics/fan/processing/FanProcessingType to metadata cache
[30Sep2026 22:40:26.578] [main/TRACE] [mixin/]: Added class metadata for com/simibubi/create/content/processing/basin/BasinBlockEntity to metadata cache
[30Sep2026 22:40:26.579] [main/TRACE] [mixin/]: Added class metadata for com/simibubi/create/content/processing/basin/BasinOperatingBlockEntity to metadata cache
[30Sep2026 22:40:26.579] [main/TRACE] [mixin/]: Added class metadata for com/simibubi/create/foundation/blockEntity/behaviour/BlockEntityBehaviour to metadata cache
[30Sep2026 22:40:26.580] [main/TRACE] [mixin/]: Added class metadata for com/simibubi/create/content/kinetics/base/BlockBreakingMovementBehaviour to metadata cache
[30Sep2026 22:40:26.581] [main/DEBUG] [net.neoforged.fml.common.asm.RuntimeDistCleaner/DISTXFORM]: Removing method: com/simibubi/create/content/kinetics/saw/SawMovementBehaviour.renderInContraption(Lcom/simibubi/create/content/contraptions/behaviour/MovementContext;Lcom/simibubi/create/foundation/virtualWorld/VirtualRenderWorld;Lcom/simibubi/create/content/contraptions/render/ContraptionMatrices;Lnet/minecraft/client/renderer/MultiBufferSource;)V
[30Sep2026 22:40:26.581] [main/TRACE] [mixin/]: Added class metadata for com/simibubi/create/content/kinetics/saw/SawMovementBehaviour to metadata cache
[30Sep2026 22:40:26.581] [main/TRACE] [mixin/]: Added class metadata for com/simibubi/create/content/contraptions/actors/harvester/HarvesterMovementBehaviour to metadata cache
[30Sep2026 22:40:26.582] [main/TRACE] [mixin/]: Added class metadata for com/simibubi/create/content/contraptions/actors/harvester/HarvesterBlockEntity to metadata cache
[30Sep2026 22:40:26.582] [main/TRACE] [mixin/]: Added class metadata for com/simibubi/create/content/contraptions/actors/harvester/HarvesterBlock to metadata cache
[30Sep2026 22:40:26.584] [main/TRACE] [mixin/]: Added class metadata for com/simibubi/create/content/kinetics/belt/BeltBlockEntity to metadata cache
[30Sep2026 22:40:26.586] [main/TRACE] [mixin/]: Added class metadata for com/simibubi/create/content/kinetics/belt/BeltBlock to metadata cache
[30Sep2026 22:40:26.587] [main/TRACE] [mixin/]: Added class metadata for com/simibubi/create/content/kinetics/belt/transport/BeltMovementHandler to metadata cache
[30Sep2026 22:40:26.588] [main/TRACE] [mixin/]: Added class metadata for com/simibubi/create/foundation/block/BigOutlines to metadata cache
[30Sep2026 22:40:26.588] [main/TRACE] [mixin/]: Added class metadata for com/simibubi/create/content/kinetics/saw/SawBlock to metadata cache
[30Sep2026 22:40:26.589] [main/TRACE] [mixin/]: Added class metadata for com/simibubi/create/content/kinetics/drill/DrillBlock to metadata cache
[30Sep2026 22:40:26.589] [main/TRACE] [mixin/]: Added class metadata for com/simibubi/create/content/kinetics/base/BlockBreakingKineticBlockEntity to metadata cache
[30Sep2026 22:40:26.590] [main/DEBUG] [net.neoforged.fml.common.asm.RuntimeDistCleaner/DISTXFORM]: Removing method: com/simibubi/create/content/equipment/blueprint/BlueprintEntity.lerpTo(DDDFFI)V
[30Sep2026 22:40:26.591] [main/TRACE] [mixin/]: Added class metadata for com/simibubi/create/content/equipment/blueprint/BlueprintEntity to metadata cache
[30Sep2026 22:40:26.594] [main/TRACE] [mixin/]: Added class metadata for com/simibubi/create/content/kinetics/chainConveyor/ChainConveyorBlockEntity to metadata cache
[30Sep2026 22:40:26.594] [main/TRACE] [mixin/]: Added class metadata for com/simibubi/create/content/kinetics/chainConveyor/ChainConveyorBlock to metadata cache
[30Sep2026 22:40:26.596] [main/DEBUG] [net.neoforged.fml.common.asm.RuntimeDistCleaner/DISTXFORM]: Removing method: com/simibubi/create/content/contraptions/AbstractContraptionEntity.handleStallPacket(Lcom/simibubi/create/content/contraptions/ContraptionStallPacket;)V
[30Sep2026 22:40:26.596] [main/DEBUG] [net.neoforged.fml.common.asm.RuntimeDistCleaner/DISTXFORM]: Removing method: com/simibubi/create/content/contraptions/AbstractContraptionEntity.handleBlockChangedPacket(Lcom/simibubi/create/content/contraptions/ContraptionBlockChangedPacket;)V
[30Sep2026 22:40:26.596] [main/DEBUG] [net.neoforged.fml.common.asm.RuntimeDistCleaner/DISTXFORM]: Removing method: com/simibubi/create/content/contraptions/AbstractContraptionEntity.handleDisassemblyPacket(Lcom/simibubi/create/content/contraptions/ContraptionDisassemblyPacket;)V
[30Sep2026 22:40:26.596] [main/DEBUG] [net.neoforged.fml.common.asm.RuntimeDistCleaner/DISTXFORM]: Removing method: com/simibubi/create/content/contraptions/AbstractContraptionEntity.handleBlockChange(Lnet/minecraft/core/BlockPos;Lnet/minecraft/world/level/block/state/BlockState;)V
[30Sep2026 22:40:26.596] [main/DEBUG] [net.neoforged.fml.common.asm.RuntimeDistCleaner/DISTXFORM]: Removing method: com/simibubi/create/content/contraptions/AbstractContraptionEntity.applyLocalTransforms(Lcom/mojang/blaze3d/vertex/PoseStack;F)V
[30Sep2026 22:40:26.597] [main/TRACE] [mixin/]: Added class metadata for com/simibubi/create/content/contraptions/AbstractContraptionEntity to metadata cache
[30Sep2026 22:40:26.598] [main/TRACE] [mixin/]: Added class metadata for com/simibubi/create/foundation/collision/Matrix3d to metadata cache
[30Sep2026 22:40:26.599] [main/TRACE] [mixin/]: Added class metadata for com/simibubi/create/content/kinetics/crusher/CrushingWheelBlock to metadata cache
[30Sep2026 22:40:26.600] [main/DEBUG] [net.neoforged.fml.common.asm.RuntimeDistCleaner/DISTXFORM]: Removing method: com/simibubi/create/content/kinetics/crusher/CrushingWheelControllerBlockEntity.tickAudio()V
[30Sep2026 22:40:26.601] [main/TRACE] [mixin/]: Added class metadata for com/simibubi/create/content/kinetics/crusher/CrushingWheelControllerBlockEntity to metadata cache
[30Sep2026 22:40:26.602] [main/DEBUG] [net.neoforged.fml.common.asm.RuntimeDistCleaner/DISTXFORM]: Removing method: com/simibubi/create/content/kinetics/deployer/DeployerBlockEntity.getHandPose()Ldev/engine_room/flywheel/lib/model/baked/PartialModel;
[30Sep2026 22:40:26.602] [main/DEBUG] [net.neoforged.fml.common.asm.RuntimeDistCleaner/DISTXFORM]: Removing method: com/simibubi/create/content/kinetics/deployer/DeployerBlockEntity.getHandOffset(F)F
[30Sep2026 22:40:26.603] [main/TRACE] [mixin/]: Added class metadata for com/simibubi/create/content/kinetics/deployer/DeployerBlockEntity to metadata cache
[30Sep2026 22:40:26.603] [main/DEBUG] [net.neoforged.fml.common.asm.RuntimeDistCleaner/DISTXFORM]: Removing method: com/simibubi/create/content/redstone/displayLink/ClickToLinkBlockItem.clientTick()V
[30Sep2026 22:40:26.603] [main/DEBUG] [net.neoforged.fml.common.asm.RuntimeDistCleaner/DISTXFORM]: Removing method: com/simibubi/create/content/redstone/displayLink/ClickToLinkBlockItem.getSelectionBounds(Lnet/minecraft/core/BlockPos;)Lnet/minecraft/world/phys/AABB;
[30Sep2026 22:40:26.604] [main/TRACE] [mixin/]: Added class metadata for com/simibubi/create/content/redstone/displayLink/ClickToLinkBlockItem to metadata cache
[30Sep2026 22:40:26.605] [main/TRACE] [mixin/]: Added class metadata for com/simibubi/create/content/redstone/displayLink/DisplayLinkBlockEntity to metadata cache
[30Sep2026 22:40:26.605] [main/DEBUG] [net.neoforged.fml.common.asm.RuntimeDistCleaner/DISTXFORM]: Removing method: com/simibubi/create/content/redstone/displayLink/DisplayLinkBlock.displayScreen(Lcom/simibubi/create/content/redstone/displayLink/DisplayLinkBlockEntity;Lnet/minecraft/world/entity/player/Player;)V
[30Sep2026 22:40:26.606] [main/TRACE] [mixin/]: Added class metadata for com/simibubi/create/content/redstone/displayLink/DisplayLinkBlock to metadata cache
[30Sep2026 22:40:26.607] [main/DEBUG] [net.neoforged.fml.common.asm.RuntimeDistCleaner/DISTXFORM]: Removing method: com/simibubi/create/content/logistics/depot/EjectorBlockEntity.getRenderBoundingBox()Lnet/minecraft/world/phys/AABB;
[30Sep2026 22:40:26.608] [main/TRACE] [mixin/]: Added class metadata for com/simibubi/create/content/logistics/depot/EjectorBlockEntity to metadata cache
[30Sep2026 22:40:26.609] [main/TRACE] [mixin/]: Added class metadata for com/simibubi/create/content/logistics/depot/EjectorBlock to metadata cache
[30Sep2026 22:40:26.609] [main/DEBUG] [net.neoforged.fml.common.asm.RuntimeDistCleaner/DISTXFORM]: Removing method: com/simibubi/create/content/contraptions/elevator/ElevatorControlsHandler.onScroll(D)Z
[30Sep2026 22:40:26.610] [main/TRACE] [mixin/]: Added class metadata for com/simibubi/create/content/contraptions/elevator/ElevatorControlsHandler to metadata cache
[30Sep2026 22:40:26.610] [main/TRACE] [mixin/]: Added class metadata for com/simibubi/create/content/processing/basin/BasinBlock to metadata cache
[30Sep2026 22:40:26.610] [main/TRACE] [mixin/]: Added class metadata for com/simibubi/create/content/kinetics/millstone/MillstoneBlock to metadata cache
[30Sep2026 22:40:26.611] [main/TRACE] [mixin/]: Added class metadata for com/simibubi/create/content/contraptions/actors/seat/SeatBlock to metadata cache
[30Sep2026 22:40:26.612] [main/TRACE] [mixin/]: Added class metadata for com/simibubi/create/content/logistics/factoryBoard/FactoryPanelConnectionHandler to metadata cache
[30Sep2026 22:40:26.613] [main/TRACE] [mixin/]: Added class metadata for com/simibubi/create/content/kinetics/fan/EncasedFanBlockEntity to metadata cache
[30Sep2026 22:40:26.614] [main/TRACE] [mixin/]: Added class metadata for com/simibubi/create/content/fluids/OpenEndedPipe to metadata cache
[30Sep2026 22:40:26.614] [main/TRACE] [mixin/]: Added class metadata for com/simibubi/create/content/kinetics/chainConveyor/ChainConveyorShape to metadata cache
[30Sep2026 22:40:26.614] [main/TRACE] [mixin/]: Added class metadata for com/simibubi/create/content/kinetics/chainConveyor/ChainPackageInteractionHandler to metadata cache
[30Sep2026 22:40:26.615] [main/TRACE] [mixin/]: Added class metadata for com/simibubi/create/content/kinetics/chainConveyor/ChainPackageInteractionPacket to metadata cache
[30Sep2026 22:40:26.616] [main/TRACE] [mixin/]: Added class metadata for com/simibubi/create/content/logistics/packagePort/frogport/FrogportBlockEntity to metadata cache
[30Sep2026 22:40:26.617] [main/TRACE] [mixin/]: Added class metadata for com/simibubi/create/content/logistics/packagePort/frogport/FrogportBlock to metadata cache
[30Sep2026 22:40:26.618] [main/TRACE] [mixin/]: Added class metadata for com/simibubi/create/content/logistics/packagePort/PackagePortPlacementPacket to metadata cache
[30Sep2026 22:40:26.619] [main/TRACE] [mixin/]: Added class metadata for com/simibubi/create/content/logistics/packagePort/PackagePortTarget$ChainConveyorFrogportTarget to metadata cache
[30Sep2026 22:40:26.619] [main/TRACE] [mixin/]: Added class metadata for com/simibubi/create/content/logistics/packagePort/PackagePortTargetSelectionHandler to metadata cache
[30Sep2026 22:40:26.619] [main/TRACE] [mixin/]: Added class metadata for com/simibubi/create/content/logistics/funnel/FunnelBlock to metadata cache
[30Sep2026 22:40:26.628] [main/TRACE] [mixin/]: Added class metadata for com/simibubi/create/content/fluids/hosePulley/HosePulleyBlockEntity to metadata cache
[30Sep2026 22:40:26.629] [main/TRACE] [mixin/]: Added class metadata for com/simibubi/create/content/fluids/hosePulley/HosePulleyFluidHandler to metadata cache
[30Sep2026 22:40:26.629] [main/TRACE] [mixin/]: Added class metadata for com/simibubi/create/content/equipment/bell/AbstractBellBlock to metadata cache
[30Sep2026 22:40:26.630] [main/TRACE] [mixin/]: Added class metadata for com/simibubi/create/foundation/blockEntity/behaviour/inventory/CapManipulationBehaviourBase to metadata cache
[30Sep2026 22:40:26.632] [main/TRACE] [mixin/]: Added class metadata for com/simibubi/create/content/logistics/chute/ChuteBlockEntity to metadata cache
[30Sep2026 22:40:26.633] [main/DEBUG] [net.neoforged.fml.common.asm.RuntimeDistCleaner/DISTXFORM]: Removing method: com/simibubi/create/content/redstone/link/controller/LecternControllerBlockEntity.tryToggleActive()V
[30Sep2026 22:40:26.634] [main/TRACE] [mixin/]: Added class metadata for com/simibubi/create/content/redstone/link/controller/LecternControllerBlockEntity to metadata cache
[30Sep2026 22:40:26.634] [main/TRACE] [mixin/]: Added class metadata for com/simibubi/create/content/redstone/link/controller/LecternControllerBlock to metadata cache
[30Sep2026 22:40:26.635] [main/TRACE] [mixin/]: Added class metadata for com/simibubi/create/content/kinetics/mechanicalArm/ArmBlockEntity to metadata cache
[30Sep2026 22:40:26.636] [main/TRACE] [mixin/]: Added class metadata for com/simibubi/create/content/kinetics/mechanicalArm/ArmInteractionPointHandler to metadata cache
[30Sep2026 22:40:26.637] [main/TRACE] [mixin/]: Added class metadata for com/simibubi/create/content/kinetics/fan/NozzleBlockEntity to metadata cache
[30Sep2026 22:40:26.638] [main/TRACE] [mixin/]: Added class metadata for com/simibubi/create/foundation/utility/RaycastHelper to metadata cache
[30Sep2026 22:40:26.641] [main/TRACE] [mixin/]: Added class metadata for com/simibubi/create/AllBlockEntityTypes to metadata cache
[30Sep2026 22:40:26.641] [main/TRACE] [mixin/]: Added class metadata for com/simibubi/create/content/redstone/contact/RedstoneContactBlock to metadata cache
[30Sep2026 22:40:26.643] [main/TRACE] [mixin/]: Added class metadata for com/simibubi/create/content/redstone/link/RedstoneLinkNetworkHandler to metadata cache
[30Sep2026 22:40:26.643] [main/TRACE] [mixin/]: Added class metadata for com/simibubi/create/content/contraptions/bearing/SailBlock to metadata cache
[30Sep2026 22:40:26.644] [main/DEBUG] [net.neoforged.fml.common.asm.RuntimeDistCleaner/DISTXFORM]: Removing method: com/simibubi/create/content/kinetics/saw/SawBlockEntity.tickAudio()V
[30Sep2026 22:40:26.646] [main/TRACE] [mixin/]: Added class metadata for com/simibubi/create/content/kinetics/saw/SawBlockEntity to metadata cache
[30Sep2026 22:40:26.647] [main/TRACE] [mixin/]: Added class metadata for com/simibubi/create/content/schematics/client/tools/DeployTool to metadata cache
[30Sep2026 22:40:26.648] [main/TRACE] [mixin/]: Added class metadata for com/simibubi/create/content/schematics/client/SchematicAndQuillHandler to metadata cache
[30Sep2026 22:40:26.648] [main/TRACE] [mixin/]: Added class metadata for com/simibubi/create/content/schematics/SchematicExport to metadata cache
[30Sep2026 22:40:26.648] [main/TRACE] [mixin/]: Added class metadata for net/createmod/catnip/levelWrappers/SchematicLevel to metadata cache
[30Sep2026 22:40:26.648] [main/TRACE] [mixin/]: Added class metadata for com/simibubi/create/content/schematics/packet/SchematicPlacePacket to metadata cache
[30Sep2026 22:40:26.650] [main/TRACE] [mixin/]: Added class metadata for com/simibubi/create/content/schematics/SchematicPrinter to metadata cache
[30Sep2026 22:40:26.650] [main/TRACE] [mixin/]: Added class metadata for com/simibubi/create/content/schematics/client/tools/SchematicToolBase to metadata cache
[30Sep2026 22:40:26.663] [main/TRACE] [mixin/]: Added class metadata for net/minecraft/world/level/levelgen/structure/templatesystem/StructureTemplate to metadata cache
[30Sep2026 22:40:26.668] [main/TRACE] [mixin/]: Added class metadata for com/simibubi/create/content/contraptions/Contraption to metadata cache
[30Sep2026 22:40:26.669] [main/DEBUG] [net.neoforged.fml.common.asm.RuntimeDistCleaner/DISTXFORM]: Removing method: com/simibubi/create/content/contraptions/chassis/StickerBlockEntity.playSound(Z)V
[30Sep2026 22:40:26.669] [main/TRACE] [mixin/]: Added class metadata for com/simibubi/create/content/contraptions/chassis/StickerBlockEntity to metadata cache
[30Sep2026 22:40:26.670] [main/TRACE] [mixin/]: Added class metadata for com/simibubi/create/content/contraptions/chassis/StickerBlock to metadata cache
[30Sep2026 22:40:26.670] [main/TRACE] [mixin/]: Added class metadata for com/simibubi/create/content/logistics/stockTicker/StockTickerInteractionHandler to metadata cache
[30Sep2026 22:40:26.671] [main/TRACE] [mixin/]: Added class metadata for com/simibubi/create/content/contraptions/glue/SuperGlueEntity to metadata cache
[30Sep2026 22:40:26.672] [main/TRACE] [mixin/]: Added class metadata for com/simibubi/create/content/contraptions/glue/SuperGlueRemovalPacket to metadata cache
[30Sep2026 22:40:26.673] [main/TRACE] [mixin/]: Added class metadata for com/simibubi/create/content/contraptions/glue/SuperGlueSelectionHandler to metadata cache
[30Sep2026 22:40:26.673] [main/TRACE] [mixin/]: Added class metadata for com/simibubi/create/content/equipment/toolbox/ToolboxHandlerClient to metadata cache
[30Sep2026 22:40:26.673] [main/TRACE] [mixin/]: Added class metadata for com/simibubi/create/content/equipment/toolbox/ToolboxHandler to metadata cache
[30Sep2026 22:40:26.674] [main/TRACE] [mixin/]: Added class metadata for com/simibubi/create/content/trains/track/CurvedTrackDestroyPacket to metadata cache
[30Sep2026 22:40:26.674] [main/DEBUG] [net.neoforged.fml.common.asm.RuntimeDistCleaner/DISTXFORM]: Removing method: com/simibubi/create/content/trains/track/TrackBlockItem.sendExtenderPacket(Lnet/neoforged/neoforge/event/entity/player/PlayerInteractEvent$RightClickBlock;)V
[30Sep2026 22:40:26.675] [main/TRACE] [mixin/]: Added class metadata for com/simibubi/create/content/trains/track/TrackBlockItem to metadata cache
[30Sep2026 22:40:26.676] [main/DEBUG] [net.neoforged.fml.common.asm.RuntimeDistCleaner/DISTXFORM]: Removing method: com/simibubi/create/content/trains/track/TrackTargetingBlockItem.useOnCurve(Lcom/simibubi/create/content/trains/track/TrackBlockOutline$BezierPointSelection;Lnet/minecraft/world/item/ItemStack;)Z
[30Sep2026 22:40:26.677] [main/TRACE] [mixin/]: Added class metadata for com/simibubi/create/content/trains/track/TrackTargetingBlockItem to metadata cache
[30Sep2026 22:40:26.677] [main/DEBUG] [net.neoforged.fml.common.asm.RuntimeDistCleaner/DISTXFORM]: Removing method: com/simibubi/create/content/trains/track/TrackBlock.prepareAssemblyOverlay(Lnet/minecraft/world/level/BlockGetter;Lnet/minecraft/core/BlockPos;Lnet/minecraft/world/level/block/state/BlockState;Lnet/minecraft/core/Direction;Lcom/mojang/blaze3d/vertex/PoseStack;)Ldev/engine_room/flywheel/lib/model/baked/PartialModel;
[30Sep2026 22:40:26.677] [main/DEBUG] [net.neoforged.fml.common.asm.RuntimeDistCleaner/DISTXFORM]: Removing method: com/simibubi/create/content/trains/track/TrackBlock.prepareTrackOverlay(Ldev/engine_room/flywheel/lib/transform/Affine;Lnet/minecraft/world/level/BlockGetter;Lnet/minecraft/core/BlockPos;Lnet/minecraft/world/level/block/state/BlockState;Lcom/simibubi/create/content/trains/track/BezierTrackPointLocation;Lnet/minecraft/core/Direction$AxisDirection;Lcom/simibubi/create/content/trains/track/TrackTargetingBehaviour$RenderedTrackOverlayType;)Ldev/engine_room/flywheel/lib/model/baked/PartialModel;
[30Sep2026 22:40:26.680] [main/TRACE] [mixin/]: Added class metadata for com/simibubi/create/content/trains/track/TrackBlock to metadata cache
[30Sep2026 22:40:26.681] [main/TRACE] [mixin/]: Added class metadata for com/simibubi/create/content/trains/graph/TrackGraphVisualizer to metadata cache
[30Sep2026 22:40:26.682] [main/DEBUG] [net.neoforged.fml.common.asm.RuntimeDistCleaner/DISTXFORM]: Removing method: com/simibubi/create/content/trains/track/TrackPlacement.clientTick()V
[30Sep2026 22:40:26.682] [main/DEBUG] [net.neoforged.fml.common.asm.RuntimeDistCleaner/DISTXFORM]: Removing method: com/simibubi/create/content/trains/track/TrackPlacement.line(ILnet/minecraft/world/phys/Vec3;Lnet/minecraft/world/phys/Vec3;Lnet/minecraft/world/phys/Vec3;)V
[30Sep2026 22:40:26.684] [main/TRACE] [mixin/]: Added class metadata for com/simibubi/create/content/trains/track/TrackPlacement to metadata cache
[30Sep2026 22:40:26.684] [main/TRACE] [mixin/]: Added class metadata for com/simibubi/create/content/kinetics/turntable/TurntableBlock to metadata cache
[30Sep2026 22:40:26.685] [main/TRACE] [mixin/]: Added class metadata for com/simibubi/create/content/kinetics/gearbox/VerticalGearboxItem to metadata cache
[30Sep2026 22:40:26.685] [main/DEBUG] [net.neoforged.fml.common.asm.RuntimeDistCleaner/DISTXFORM]: Removing method: com/simibubi/create/content/equipment/zapper/ZapperItem.appendHoverText(Lnet/minecraft/world/item/ItemStack;Lnet/minecraft/world/item/Item$TooltipContext;Ljava/util/List;Lnet/minecraft/world/item/TooltipFlag;)V
[30Sep2026 22:40:26.685] [main/DEBUG] [net.neoforged.fml.common.asm.RuntimeDistCleaner/DISTXFORM]: Removing method: com/simibubi/create/content/equipment/zapper/ZapperItem.openHandgunGUI(Lnet/minecraft/world/item/ItemStack;Lnet/minecraft/world/InteractionHand;)V
[30Sep2026 22:40:26.686] [main/TRACE] [mixin/]: Added class metadata for com/simibubi/create/content/equipment/zapper/ZapperItem to metadata cache
[30Sep2026 22:40:26.686] [main/DEBUG] [mixin/]: Preparing journeymap.mixins.json (24)
[30Sep2026 22:40:26.686] [main/DEBUG] [mixin/]: Preparing journeymap.neoforge.mixins.json (2)
[30Sep2026 22:40:26.686] [main/DEBUG] [mixin/]: Preparing neoforge.mixins.json (2)
[30Sep2026 22:40:26.687] [main/DEBUG] [net.neoforged.accesstransformer.AccessTransformer/AXFORM]: Transforming net.minecraft.world.level.block.entity.BlockEntityType INNERCLASS BlockEntitySupplier to access PUBLIC and LEAVE
[30Sep2026 22:40:26.689] [main/TRACE] [mixin/]: Added class metadata for net/minecraft/world/level/block/entity/BlockEntityType to metadata cache
[30Sep2026 22:40:26.689] [main/DEBUG] [mixin/]: Preparing badpackets.mixins.json (12)
[30Sep2026 22:40:26.691] [main/TRACE] [mixin/]: Added class metadata for net/minecraft/network/protocol/common/ClientboundCustomPayloadPacket to metadata cache
[30Sep2026 22:40:26.691] [main/TRACE] [mixin/]: Added class metadata for net/minecraft/network/protocol/common/custom/CustomPacketPayload$1 to metadata cache
[30Sep2026 22:40:26.691] [main/TRACE] [mixin/]: Added class metadata for net/minecraft/network/protocol/common/ServerboundCustomPayloadPacket to metadata cache
[30Sep2026 22:40:26.692] [main/DEBUG] [net.neoforged.accesstransformer.AccessTransformer/AXFORM]: Transforming net.minecraft.server.network.ServerCommonPacketListenerImpl FIELD connection to access PUBLIC and LEAVE
[30Sep2026 22:40:26.693] [main/TRACE] [mixin/]: Added class metadata for net/minecraft/server/network/ServerCommonPacketListenerImpl to metadata cache
[30Sep2026 22:40:26.693] [main/DEBUG] [net.neoforged.accesstransformer.AccessTransformer/AXFORM]: Transforming net.minecraft.server.network.ServerConfigurationPacketListenerImpl METHOD finishCurrentTask(Lnet/minecraft/server/network/ConfigurationTask$Type;)V to access PUBLIC and LEAVE
[30Sep2026 22:40:26.694] [main/TRACE] [mixin/]: Added class metadata for net/minecraft/server/network/ServerConfigurationPacketListenerImpl to metadata cache
[30Sep2026 22:40:26.694] [main/DEBUG] [mixin/]: Preparing veil.command.mixins.json (1)
[30Sep2026 22:40:26.694] [main/DEBUG] [mixin/]: Preparing veil.debug.mixins.json (15)
[30Sep2026 22:40:26.698] [main/TRACE] [mixin/]: Added class metadata for net/minecraft/server/packs/resources/SimpleReloadInstance to metadata cache
[30Sep2026 22:40:26.698] [main/DEBUG] [mixin/]: Preparing veil.dynamicbuffer.mixins.json (2)
[30Sep2026 22:40:26.699] [main/DEBUG] [mixin/]: Preparing veil.fix.mixins.json (3)
[30Sep2026 22:40:26.706] [main/TRACE] [mixin/]: Added class metadata for org/joml/MemUtil$MemUtilUnsafe to metadata cache
[30Sep2026 22:40:26.707] [main/TRACE] [mixin/]: Added class metadata for org/joml/MemUtil to metadata cache
[30Sep2026 22:40:26.707] [main/DEBUG] [mixin/]: Preparing veil.framebuffer.mixins.json (1)
[30Sep2026 22:40:26.707] [main/DEBUG] [mixin/]: Preparing veil.necromancer.mixins.json (2)
[30Sep2026 22:40:26.707] [main/DEBUG] [mixin/]: Preparing veil.network.mixins.json (3)
[30Sep2026 22:40:26.708] [main/DEBUG] [mixin/]: Preparing veil.performance.mixins.json (4)
[30Sep2026 22:40:26.708] [main/DEBUG] [mixin/]: Preparing veil.perspective.mixins.json (3)
[30Sep2026 22:40:26.708] [main/DEBUG] [mixin/]: Preparing veil.pipeline.mixins.json (19)
[30Sep2026 22:40:26.708] [main/DEBUG] [mixin/]: Preparing veil.quasar.mixins.json (2)
[30Sep2026 22:40:26.708] [main/DEBUG] [mixin/]: Preparing veil.registry.mixins.json (1)
[30Sep2026 22:40:26.709] [main/TRACE] [mixin/]: Added class metadata for net/minecraft/resources/RegistryDataLoader$RegistryData to metadata cache
[30Sep2026 22:40:26.709] [main/DEBUG] [mixin/]: Preparing veil.rendertype.mixins.json (6)
[30Sep2026 22:40:26.709] [main/DEBUG] [mixin/]: Preparing veil.resource.mixins.json (6)
[30Sep2026 22:40:26.710] [main/TRACE] [mixin/]: Added class metadata for net/minecraft/server/packs/VanillaPackResources to metadata cache
[30Sep2026 22:40:26.710] [main/DEBUG] [mixin/]: Preparing veil.scheduler.mixins.json (1)
[30Sep2026 22:40:26.710] [main/DEBUG] [mixin/]: Preparing veil.shader.mixins.json (4)
[30Sep2026 22:40:26.711] [main/DEBUG] [mixin/]: Preparing veil.shader_recompile.mixins.json (3)
[30Sep2026 22:40:26.711] [main/DEBUG] [mixin/]: Preparing veil.neoforge.mixins.json (34)
[30Sep2026 22:40:26.713] [main/TRACE] [mixin/]: Added class metadata for net/neoforged/neoforge/registries/DeferredRegister to metadata cache
[30Sep2026 22:40:26.713] [main/TRACE] [mixin/]: Added class metadata for net/minecraft/core/registries/Registries to metadata cache
[30Sep2026 22:40:26.714] [main/TRACE] [mixin/]: Added class metadata for net/minecraft/server/packs/PathPackResources to metadata cache
[30Sep2026 22:40:26.714] [main/DEBUG] [mixin/]: Preparing musketmod.mixins.json (11)
[30Sep2026 22:40:26.716] [main/DEBUG] [net.neoforged.accesstransformer.AccessTransformer/AXFORM]: Transforming net.minecraft.world.entity.monster.AbstractSkeleton METHOD getStepSound()Lnet/minecraft/sounds/SoundEvent; to access PROTECTED and LEAVE
[30Sep2026 22:40:26.716] [main/TRACE] [mixin/]: Added class metadata for net/minecraft/world/entity/monster/AbstractSkeleton to metadata cache
[30Sep2026 22:40:26.718] [main/TRACE] [mixin/]: Added class metadata for ewewukek/musketmod/GunItem to metadata cache
[30Sep2026 22:40:26.719] [main/TRACE] [mixin/]: Added class metadata for net/minecraft/world/entity/monster/Pillager to metadata cache
[30Sep2026 22:40:26.719] [main/DEBUG] [mixin/]: Preparing simulated.mixins.json (86)
[30Sep2026 22:40:26.729] [main/TRACE] [mixin/]: Added class metadata for net/minecraft/world/phys/AABB to metadata cache
[30Sep2026 22:40:26.730] [main/DEBUG] [net.neoforged.fml.common.asm.RuntimeDistCleaner/DISTXFORM]: Removing method: com/simibubi/create/content/contraptions/ControlledContraptionEntity.lerpTo(DDDFFI)V
[30Sep2026 22:40:26.730] [main/DEBUG] [net.neoforged.fml.common.asm.RuntimeDistCleaner/DISTXFORM]: Removing method: com/simibubi/create/content/contraptions/ControlledContraptionEntity.applyLocalTransforms(Lcom/mojang/blaze3d/vertex/PoseStack;F)V
[30Sep2026 22:40:26.730] [main/TRACE] [mixin/]: Added class metadata for com/simibubi/create/content/contraptions/ControlledContraptionEntity to metadata cache
[30Sep2026 22:40:26.731] [main/TRACE] [mixin/]: Added class metadata for com/simibubi/create/foundation/data/CreateBlockEntityBuilder to metadata cache
[30Sep2026 22:40:26.731] [main/TRACE] [mixin/]: Added class metadata for net/createmod/ponder/foundation/element/ParrotElementImpl to metadata cache
[30Sep2026 22:40:26.732] [main/TRACE] [mixin/]: Added class metadata for com/simibubi/create/content/redstone/link/RedstoneLinkBlockEntity to metadata cache
[30Sep2026 22:40:26.733] [main/TRACE] [mixin/]: Added class metadata for dev/ryanhcode/sable/sublevel/ServerSubLevel to metadata cache
[30Sep2026 22:40:26.735] [main/TRACE] [mixin/]: Added class metadata for com/simibubi/create/content/decoration/girder/GirderBlock to metadata cache
[30Sep2026 22:40:26.736] [main/TRACE] [mixin/]: Added class metadata for com/simibubi/create/content/contraptions/bearing/ClockworkBearingBlockEntity to metadata cache
[30Sep2026 22:40:26.736] [main/TRACE] [mixin/]: Added class metadata for com/simibubi/create/content/contraptions/elevator/ElevatorPulleyBlockEntity to metadata cache
[30Sep2026 22:40:26.738] [main/TRACE] [mixin/]: Added class metadata for com/simibubi/create/content/contraptions/piston/LinearActuatorBlockEntity to metadata cache
[30Sep2026 22:40:26.739] [main/TRACE] [mixin/]: Added class metadata for com/simibubi/create/content/contraptions/bearing/MechanicalBearingBlockEntity to metadata cache
[30Sep2026 22:40:26.739] [main/DEBUG] [net.neoforged.accesstransformer.AccessTransformer/AXFORM]: Transforming net.minecraft.world.item.CreativeModeTab INNERCLASS TabVisibility to access PUBLIC and LEAVE
[30Sep2026 22:40:26.740] [main/TRACE] [mixin/]: Added class metadata for net/minecraft/world/item/CreativeModeTab to metadata cache
[30Sep2026 22:40:26.740] [main/TRACE] [mixin/]: Added class metadata for com/simibubi/create/foundation/item/KineticStats to metadata cache
[30Sep2026 22:40:26.741] [main/TRACE] [mixin/]: Added class metadata for dev/ryanhcode/sable/sublevel/render/dispatcher/VanillaSubLevelRenderDispatcher to metadata cache
[30Sep2026 22:40:26.742] [main/DEBUG] [net.neoforged.fml.common.asm.RuntimeDistCleaner/DISTXFORM]: Removing method: com/simibubi/create/content/equipment/extendoGrip/ExtendoGripItem.dontMissEntitiesWhenYouHaveHighReachDistance(Lnet/neoforged/neoforge/client/event/InputEvent$InteractionKeyMappingTriggered;)V
[30Sep2026 22:40:26.742] [main/DEBUG] [net.neoforged.fml.common.asm.RuntimeDistCleaner/DISTXFORM]: Removing method: com/simibubi/create/content/equipment/extendoGrip/ExtendoGripItem.notifyServerOfLongRangeAttacks(Lnet/neoforged/neoforge/event/entity/player/AttackEntityEvent;)V
[30Sep2026 22:40:26.742] [main/DEBUG] [net.neoforged.fml.common.asm.RuntimeDistCleaner/DISTXFORM]: Removing method: com/simibubi/create/content/equipment/extendoGrip/ExtendoGripItem.notifyServerOfLongRangeInteractions(Lnet/neoforged/neoforge/event/entity/player/PlayerInteractEvent$EntityInteract;)V
[30Sep2026 22:40:26.742] [main/DEBUG] [net.neoforged.fml.common.asm.RuntimeDistCleaner/DISTXFORM]: Removing method: com/simibubi/create/content/equipment/extendoGrip/ExtendoGripItem.notifyServerOfLongRangeSpecificInteractions(Lnet/neoforged/neoforge/event/entity/player/PlayerInteractEvent$EntityInteractSpecific;)V
[30Sep2026 22:40:26.742] [main/DEBUG] [net.neoforged.fml.common.asm.RuntimeDistCleaner/DISTXFORM]: Removing method: com/simibubi/create/content/equipment/extendoGrip/ExtendoGripItem.initializeClient(Ljava/util/function/Consumer;)V
[30Sep2026 22:40:26.742] [main/DEBUG] [net.neoforged.fml.common.asm.RuntimeDistCleaner/DISTXFORM]: Removing lambda method: com/simibubi/create/content/equipment/extendoGrip/ExtendoGripItem.lambda$dontMissEntitiesWhenYouHaveHighReachDistance$2(Lnet/minecraft/world/entity/Entity;)Z
[30Sep2026 22:40:26.743] [main/TRACE] [mixin/]: Added class metadata for com/simibubi/create/content/equipment/extendoGrip/ExtendoGripItem to metadata cache
[30Sep2026 22:40:26.743] [main/TRACE] [mixin/]: Added class metadata for com/simibubi/create/content/kinetics/simpleRelays/encased/EncasedCogwheelBlock to metadata cache
[30Sep2026 22:40:26.744] [main/TRACE] [mixin/]: Added class metadata for com/simibubi/create/content/kinetics/base/GeneratingKineticBlockEntity to metadata cache
[30Sep2026 22:40:26.745] [main/DEBUG] [net.neoforged.fml.common.asm.RuntimeDistCleaner/DISTXFORM]: Removing method: com/simibubi/create/content/kinetics/base/KineticBlockEntity.tickAudio()V
[30Sep2026 22:40:26.746] [main/TRACE] [mixin/]: Added class metadata for com/simibubi/create/content/kinetics/base/KineticBlockEntity to metadata cache
[30Sep2026 22:40:26.747] [main/TRACE] [mixin/]: Added class metadata for com/simibubi/create/content/kinetics/base/KineticBlock to metadata cache
[30Sep2026 22:40:26.747] [main/TRACE] [mixin/]: Added class metadata for com/simibubi/create/content/kinetics/KineticNetwork to metadata cache
[30Sep2026 22:40:26.748] [main/TRACE] [mixin/]: Added class metadata for com/simibubi/create/content/kinetics/RotationPropagator to metadata cache
[30Sep2026 22:40:26.748] [main/TRACE] [mixin/]: Added class metadata for com/simibubi/create/content/kinetics/base/HorizontalKineticBlock to metadata cache
[30Sep2026 22:40:26.749] [main/TRACE] [mixin/]: Added class metadata for com/simibubi/create/content/kinetics/base/DirectionalAxisKineticBlock to metadata cache
[30Sep2026 22:40:26.750] [main/TRACE] [mixin/]: Added class metadata for com/simibubi/create/content/kinetics/base/DirectionalKineticBlock to metadata cache
[30Sep2026 22:40:26.750] [main/TRACE] [mixin/]: Added class metadata for com/simibubi/create/content/kinetics/base/HorizontalAxisKineticBlock to metadata cache
[30Sep2026 22:40:26.750] [main/TRACE] [mixin/]: Added class metadata for com/simibubi/create/content/kinetics/base/RotatedPillarKineticBlock to metadata cache
[30Sep2026 22:40:26.750] [main/TRACE] [mixin/]: Added class metadata for net/minecraft/world/item/ArmorStandItem to metadata cache
[30Sep2026 22:40:26.750] [main/DEBUG] [net.neoforged.fml.common.asm.RuntimeDistCleaner/DISTXFORM]: Removing method: com/simibubi/create/content/redstone/link/controller/LinkedControllerItem.toggleBindMode(Lnet/minecraft/core/BlockPos;)V
[30Sep2026 22:40:26.751] [main/DEBUG] [net.neoforged.fml.common.asm.RuntimeDistCleaner/DISTXFORM]: Removing method: com/simibubi/create/content/redstone/link/controller/LinkedControllerItem.toggleActive()V
[30Sep2026 22:40:26.751] [main/DEBUG] [net.neoforged.fml.common.asm.RuntimeDistCleaner/DISTXFORM]: Removing method: com/simibubi/create/content/redstone/link/controller/LinkedControllerItem.initializeClient(Ljava/util/function/Consumer;)V
[30Sep2026 22:40:26.751] [main/TRACE] [mixin/]: Added class metadata for com/simibubi/create/content/redstone/link/controller/LinkedControllerItem to metadata cache
[30Sep2026 22:40:26.751] [main/TRACE] [mixin/]: Added class metadata for net/minecraft/world/item/CompassItem to metadata cache
[30Sep2026 22:40:26.753] [main/TRACE] [mixin/]: Added class metadata for com/simibubi/create/content/redstone/nixieTube/NixieTubeBlock to metadata cache
[30Sep2026 22:40:26.753] [main/TRACE] [mixin/]: Added class metadata for com/simibubi/create/content/redstone/link/RedstoneLinkBlock to metadata cache
[30Sep2026 22:40:26.754] [main/TRACE] [mixin/]: Added class metadata for net/createmod/ponder/foundation/element/TextWindowElement to metadata cache
[30Sep2026 22:40:26.755] [main/TRACE] [mixin/]: Added class metadata for mezz/jei/library/plugins/vanilla/ingredients/ItemStackListFactory to metadata cache
[30Sep2026 22:40:26.755] [main/TRACE] [mixin/]: Added class metadata for net/minecraft/world/item/TooltipFlag$Default to metadata cache
[30Sep2026 22:40:26.756] [main/TRACE] [mixin/]: Added class metadata for net/minecraft/world/level/block/ComparatorBlock to metadata cache
[30Sep2026 22:40:26.757] [main/TRACE] [mixin/]: Added class metadata for net/minecraft/world/level/storage/PrimaryLevelData to metadata cache
[30Sep2026 22:40:26.758] [main/DEBUG] [mixin/]: Preparing simulated-neoforge.mixins.json (12)
[30Sep2026 22:40:26.759] [main/DEBUG] [net.neoforged.fml.common.asm.RuntimeDistCleaner/DISTXFORM]: Removing method: dev/simulated_team/simulated/neoforge/mixin/item_renderer/PhysicsStaffItemMixin.initializeClient(Ljava/util/function/Consumer;)V
[30Sep2026 22:40:26.760] [main/DEBUG] [net.neoforged.fml.common.asm.RuntimeDistCleaner/DISTXFORM]: Removing method: dev/simulated_team/simulated/neoforge/mixin/self_mixins/PlungerLauncherItemMixin.initializeClient(Ljava/util/function/Consumer;)V
[30Sep2026 22:40:26.760] [main/TRACE] [mixin/]: Added class metadata for dev/ryanhcode/sable/neoforge/mixinhelper/compatibility/create/harvester/HarvesterTicker to metadata cache
[30Sep2026 22:40:26.760] [main/TRACE] [mixin/]: Added class metadata for dev/simulated_team/simulated/content/physics_staff/PhysicsStaffItem to metadata cache
[30Sep2026 22:40:26.760] [main/TRACE] [mixin/]: Added class metadata for dev/simulated_team/simulated/multiloader/CommonRedstoneBlock to metadata cache
[30Sep2026 22:40:26.761] [main/DEBUG] [net.neoforged.fml.common.asm.RuntimeDistCleaner/DISTXFORM]: Removing method: dev/simulated_team/simulated/content/entities/diagram/DiagramEntity.lerpTo(DDDFFI)V
[30Sep2026 22:40:26.762] [main/TRACE] [mixin/]: Added class metadata for dev/simulated_team/simulated/content/entities/diagram/DiagramEntity to metadata cache
[30Sep2026 22:40:26.763] [main/TRACE] [mixin/]: Added class metadata for dev/simulated_team/simulated/content/entities/honey_glue/HoneyGlueEntity to metadata cache
[30Sep2026 22:40:26.763] [main/TRACE] [mixin/]: Added class metadata for dev/simulated_team/simulated/content/items/plunger_launcher/PlungerLauncherItem to metadata cache
[30Sep2026 22:40:26.763] [main/DEBUG] [mixin/]: Preparing computercraft.mixins.json (3)
[30Sep2026 22:40:26.766] [main/TRACE] [mixin/]: Added class metadata for net/minecraft/util/datafix/DataFixers to metadata cache
[30Sep2026 22:40:26.766] [main/DEBUG] [mixin/]: Preparing computercraft.forge.mixins.json (1)
[30Sep2026 22:40:26.767] [main/TRACE] [mixin/]: Added class metadata for net/minecraft/util/datafix/schemas/V3818_3 to metadata cache
[30Sep2026 22:40:26.767] [main/DEBUG] [mixin/]: Preparing computercraft-client.forge.mixins.json (2)
[30Sep2026 22:40:26.767] [main/DEBUG] [mixin/]: Preparing DistantHorizons.neoforge.mixins.json (17)
[30Sep2026 22:40:26.772] [main/TRACE] [mixin/]: Added class metadata for net/minecraft/world/level/chunk/ChunkGenerator to metadata cache
[30Sep2026 22:40:26.774] [main/TRACE] [mixin/]: Added class metadata for net/minecraft/Util to metadata cache
[30Sep2026 22:40:26.775] [main/DEBUG] [mixin/]: Preparing create_power_loader.mixins.json (4)
[30Sep2026 22:40:26.776] [main/DEBUG] [net.neoforged.fml.common.asm.RuntimeDistCleaner/DISTXFORM]: Removing method: com/simibubi/create/content/trains/GlobalRailwayManager.clientManager(Lorg/apache/commons/lang3/mutable/MutableObject;)V
[30Sep2026 22:40:26.777] [main/TRACE] [mixin/]: Added class metadata for com/simibubi/create/content/trains/GlobalRailwayManager to metadata cache
[30Sep2026 22:40:26.778] [main/TRACE] [mixin/]: Added class metadata for com/simibubi/create/content/trains/station/GlobalStation to metadata cache
[30Sep2026 22:40:26.779] [main/TRACE] [mixin/]: Added class metadata for com/simibubi/create/content/trains/signal/TrackEdgePoint to metadata cache
[30Sep2026 22:40:26.783] [main/TRACE] [mixin/]: Added class metadata for com/simibubi/create/content/trains/entity/Train to metadata cache
[30Sep2026 22:40:26.783] [main/DEBUG] [mixin/]: Preparing offroad.mixins.json (5)
[30Sep2026 22:40:26.784] [main/TRACE] [mixin/]: Added class metadata for com/simibubi/create/content/contraptions/MountedStorageManager to metadata cache
[30Sep2026 22:40:26.785] [main/TRACE] [mixin/]: Added class metadata for dev/ryanhcode/offroad/content/entities/BoreheadContraptionEntity to metadata cache
[30Sep2026 22:40:26.785] [main/DEBUG] [mixin/]: Preparing offroad.neoforge.mixins.json (1)
[30Sep2026 22:40:26.785] [main/TRACE] [mixin/]: Added class metadata for com/simibubi/create/api/contraption/storage/item/MountedItemStorage to metadata cache
[30Sep2026 22:40:26.785] [main/DEBUG] [mixin/]: Preparing mixinextras.init.mixins.json (0)
[30Sep2026 22:40:26.791] [main/TRACE] [mixin/]: Added class metadata for dev/ryanhcode/sable/api/SubLevelAssemblyHelper$AssemblyTransform to metadata cache
[30Sep2026 22:40:26.793] [main/TRACE] [mixin/]: Added class metadata for com/simibubi/create/foundation/blockEntity/SmartBlockEntity to metadata cache
[30Sep2026 22:40:26.794] [main/TRACE] [mixin/]: Added class metadata for net/minecraft/core/HolderLookup$Provider to metadata cache
[30Sep2026 22:40:26.795] [main/TRACE] [mixin/]: Added class metadata for dev/eriksonn/aeronautics/index/AeroTags$ItemTags to metadata cache
[30Sep2026 22:40:26.795] [main/TRACE] [mixin/]: Added class metadata for net/minecraft/core/component/DataComponentPatch$Builder to metadata cache
[30Sep2026 22:40:26.796] [main/TRACE] [mixin/]: Added class metadata for dev/eriksonn/aeronautics/index/AeroTags$BlockTags to metadata cache
[30Sep2026 22:40:26.800] [main/TRACE] [mixin/]: Added class metadata for java/lang/invoke/MethodHandles$Lookup to metadata cache
[30Sep2026 22:40:26.800] [main/TRACE] [mixin/]: Added class metadata for net/createmod/ponder/foundation/instruction/FadeIntoSceneInstruction to metadata cache
[30Sep2026 22:40:26.801] [main/TRACE] [mixin/]: Added class metadata for org/spongepowered/asm/mixin/injection/At$Shift to metadata cache
[30Sep2026 22:40:26.803] [main/TRACE] [mixin/]: Added class metadata for net/createmod/catnip/config/ConfigBase$ConfigInt to metadata cache
[30Sep2026 22:40:26.803] [main/TRACE] [mixin/]: Added class metadata for dev/ryanhcode/sable/api/block/BlockSubLevelLiftProvider$LiftProviderContext to metadata cache
[30Sep2026 22:40:26.803] [main/TRACE] [mixin/]: Added class metadata for net/minecraft/world/item/component/Tool$Rule to metadata cache
[30Sep2026 22:40:26.806] [main/TRACE] [mixin/]: Added class metadata for net/minecraft/world/level/block/entity/BeehiveBlockEntity$Occupant to metadata cache
[30Sep2026 22:40:26.807] [main/TRACE] [mixin/]: Added class metadata for net/minecraft/server/ReloadableServerRegistries$Holder to metadata cache
[30Sep2026 22:40:26.807] [main/TRACE] [mixin/]: Added class metadata for net/minecraft/core/RegistryAccess$Frozen to metadata cache
[30Sep2026 22:40:26.807] [main/TRACE] [mixin/CATCHING]: Catching
java.lang.ClassNotFoundException: net.minecraftforge.common.ForgeTier
	at cpw.mods.securejarhandler/cpw.mods.cl.ModuleClassLoader.getMaybeTransformedClassBytes(ModuleClassLoader.java:334) ~[securejarhandler-3.0.8.jar:?]
	at MC-BOOTSTRAP/cpw.mods.modlauncher@11.0.5/cpw.mods.modlauncher.TransformingClassLoader.buildTransformedClassNodeFor(TransformingClassLoader.java:65) ~[modlauncher-11.0.5.jar%2364!/:?]
	at MC-BOOTSTRAP/cpw.mods.modlauncher@11.0.5/cpw.mods.modlauncher.LaunchPluginHandler.lambda$announceLaunch$10(LaunchPluginHandler.java:106) ~[modlauncher-11.0.5.jar%2364!/:?]
	at MC-BOOTSTRAP/org.spongepowered.mixin/org.spongepowered.asm.launch.MixinLaunchPluginLegacy.getClassNode(MixinLaunchPluginLegacy.java:227) ~[sponge-mixin-0.15.2+mixin.0.8.7.jar%2373!/:0.15.2+mixin.0.8.7]
	at MC-BOOTSTRAP/org.spongepowered.mixin/org.spongepowered.asm.mixin.transformer.ClassInfo.forName(ClassInfo.java:2029) ~[sponge-mixin-0.15.2+mixin.0.8.7.jar%2373!/:0.15.2+mixin.0.8.7]
	at MC-BOOTSTRAP/org.spongepowered.mixin/org.spongepowered.asm.mixin.transformer.MixinPreProcessorStandard.prepareInnerClasses(MixinPreProcessorStandard.java:206) ~[sponge-mixin-0.15.2+mixin.0.8.7.jar%2373!/:0.15.2+mixin.0.8.7]
	at MC-BOOTSTRAP/org.spongepowered.mixin/org.spongepowered.asm.mixin.transformer.MixinPreProcessorStandard.prepare(MixinPreProcessorStandard.java:178) ~[sponge-mixin-0.15.2+mixin.0.8.7.jar%2373!/:0.15.2+mixin.0.8.7]
	at MC-BOOTSTRAP/org.spongepowered.mixin/org.spongepowered.asm.mixin.transformer.MixinInfo$State.validate(MixinInfo.java:322) ~[sponge-mixin-0.15.2+mixin.0.8.7.jar%2373!/:0.15.2+mixin.0.8.7]
	at MC-BOOTSTRAP/org.spongepowered.mixin/org.spongepowered.asm.mixin.transformer.MixinInfo.validate(MixinInfo.java:913) ~[sponge-mixin-0.15.2+mixin.0.8.7.jar%2373!/:0.15.2+mixin.0.8.7]
	at MC-BOOTSTRAP/org.spongepowered.mixin/org.spongepowered.asm.mixin.transformer.MixinConfig.postInitialise(MixinConfig.java:884) ~[sponge-mixin-0.15.2+mixin.0.8.7.jar%2373!/:0.15.2+mixin.0.8.7]
	at MC-BOOTSTRAP/org.spongepowered.mixin/org.spongepowered.asm.mixin.transformer.MixinProcessor.prepareConfigs(MixinProcessor.java:568) ~[sponge-mixin-0.15.2+mixin.0.8.7.jar%2373!/:0.15.2+mixin.0.8.7]
	at MC-BOOTSTRAP/org.spongepowered.mixin/org.spongepowered.asm.mixin.transformer.MixinProcessor.select(MixinProcessor.java:462) ~[sponge-mixin-0.15.2+mixin.0.8.7.jar%2373!/:0.15.2+mixin.0.8.7]
	at MC-BOOTSTRAP/org.spongepowered.mixin/org.spongepowered.asm.mixin.transformer.MixinProcessor.checkSelect(MixinProcessor.java:438) ~[sponge-mixin-0.15.2+mixin.0.8.7.jar%2373!/:0.15.2+mixin.0.8.7]
	at MC-BOOTSTRAP/org.spongepowered.mixin/org.spongepowered.asm.mixin.transformer.MixinProcessor.applyMixins(MixinProcessor.java:290) ~[sponge-mixin-0.15.2+mixin.0.8.7.jar%2373!/:0.15.2+mixin.0.8.7]
	at MC-BOOTSTRAP/org.spongepowered.mixin/org.spongepowered.asm.mixin.transformer.MixinTransformer.transformClass(MixinTransformer.java:250) ~[sponge-mixin-0.15.2+mixin.0.8.7.jar%2373!/:0.15.2+mixin.0.8.7]
	at MC-BOOTSTRAP/org.spongepowered.mixin/org.spongepowered.asm.service.modlauncher.MixinTransformationHandler.processClass(MixinTransformationHandler.java:131) ~[sponge-mixin-0.15.2+mixin.0.8.7.jar%2373!/:0.15.2+mixin.0.8.7]
	at MC-BOOTSTRAP/org.spongepowered.mixin/org.spongepowered.asm.launch.MixinLaunchPluginLegacy.processClass(MixinLaunchPluginLegacy.java:131) ~[sponge-mixin-0.15.2+mixin.0.8.7.jar%2373!/:0.15.2+mixin.0.8.7]
	at MC-BOOTSTRAP/cpw.mods.modlauncher@11.0.5/cpw.mods.modlauncher.serviceapi.ILaunchPluginService.processClassWithFlags(ILaunchPluginService.java:156) ~[modlauncher-11.0.5.jar%2364!/:11.0.5+main.901c6ea8]
	at MC-BOOTSTRAP/cpw.mods.modlauncher@11.0.5/cpw.mods.modlauncher.LaunchPluginHandler.offerClassNodeToPlugins(LaunchPluginHandler.java:94) ~[modlauncher-11.0.5.jar%2364!/:?]
	at MC-BOOTSTRAP/cpw.mods.modlauncher@11.0.5/cpw.mods.modlauncher.ClassTransformer.transform(ClassTransformer.java:120) ~[modlauncher-11.0.5.jar%2364!/:?]
	at MC-BOOTSTRAP/cpw.mods.modlauncher@11.0.5/cpw.mods.modlauncher.TransformingClassLoader.maybeTransformClassBytes(TransformingClassLoader.java:57) ~[modlauncher-11.0.5.jar%2364!/:?]
	at cpw.mods.securejarhandler/cpw.mods.cl.ModuleClassLoader.readerToClass(ModuleClassLoader.java:190) ~[securejarhandler-3.0.8.jar:?]
	at cpw.mods.securejarhandler/cpw.mods.cl.ModuleClassLoader.lambda$findClass$20(ModuleClassLoader.java:298) ~[securejarhandler-3.0.8.jar:?]
	at cpw.mods.securejarhandler/cpw.mods.cl.ModuleClassLoader.loadFromModule(ModuleClassLoader.java:311) ~[securejarhandler-3.0.8.jar:?]
	at cpw.mods.securejarhandler/cpw.mods.cl.ModuleClassLoader.findClass(ModuleClassLoader.java:298) ~[securejarhandler-3.0.8.jar:?]
	at java.base/java.lang.ClassLoader.loadClass(ClassLoader.java:638) ~[?:?]
	at java.base/java.lang.Class.forName(Class.java:627) ~[?:?]
	at java.base/java.lang.Class.forName(Class.java:602) ~[?:?]
	at MC-BOOTSTRAP/fml_loader@4.0.43/net.neoforged.fml.loading.ImmediateWindowHandler$DummyProvider.lambda$updateModuleReads$1(ImmediateWindowHandler.java:173) ~[loader-4.0.43.jar%2359!/:4.0]
	at java.base/java.util.Optional.map(Optional.java:260) [?:?]
	at MC-BOOTSTRAP/fml_loader@4.0.43/net.neoforged.fml.loading.ImmediateWindowHandler$DummyProvider.updateModuleReads(ImmediateWindowHandler.java:173) [loader-4.0.43.jar%2359!/:4.0]
	at MC-BOOTSTRAP/fml_loader@4.0.43/net.neoforged.fml.loading.ImmediateWindowHandler.acceptGameLayer(ImmediateWindowHandler.java:94) [loader-4.0.43.jar%2359!/:4.0]
	at MC-BOOTSTRAP/fml_loader@4.0.43/net.neoforged.fml.loading.FMLLoader.beforeStart(FMLLoader.java:166) [loader-4.0.43.jar%2359!/:4.0]
	at MC-BOOTSTRAP/fml_loader@4.0.43/net.neoforged.fml.loading.targets.CommonLaunchHandler.launchService(CommonLaunchHandler.java:115) [loader-4.0.43.jar%2359!/:4.0]
	at MC-BOOTSTRAP/cpw.mods.modlauncher@11.0.5/cpw.mods.modlauncher.LaunchServiceHandlerDecorator.launch(LaunchServiceHandlerDecorator.java:30) [modlauncher-11.0.5.jar%2364!/:?]
	at MC-BOOTSTRAP/cpw.mods.modlauncher@11.0.5/cpw.mods.modlauncher.LaunchServiceHandler.launch(LaunchServiceHandler.java:53) [modlauncher-11.0.5.jar%2364!/:?]
	at MC-BOOTSTRAP/cpw.mods.modlauncher@11.0.5/cpw.mods.modlauncher.LaunchServiceHandler.launch(LaunchServiceHandler.java:71) [modlauncher-11.0.5.jar%2364!/:?]
	at MC-BOOTSTRAP/cpw.mods.modlauncher@11.0.5/cpw.mods.modlauncher.Launcher.run(Launcher.java:103) [modlauncher-11.0.5.jar%2364!/:?]
	at MC-BOOTSTRAP/cpw.mods.modlauncher@11.0.5/cpw.mods.modlauncher.Launcher.main(Launcher.java:74) [modlauncher-11.0.5.jar%2364!/:?]
	at MC-BOOTSTRAP/cpw.mods.modlauncher@11.0.5/cpw.mods.modlauncher.BootstrapLaunchConsumer.accept(BootstrapLaunchConsumer.java:26) [modlauncher-11.0.5.jar%2364!/:?]
	at MC-BOOTSTRAP/cpw.mods.modlauncher@11.0.5/cpw.mods.modlauncher.BootstrapLaunchConsumer.accept(BootstrapLaunchConsumer.java:23) [modlauncher-11.0.5.jar%2364!/:?]
	at cpw.mods.bootstraplauncher@2.0.2/cpw.mods.bootstraplauncher.BootstrapLauncher.run(BootstrapLauncher.java:210) [bootstraplauncher-2.0.2.jar:?]
	at cpw.mods.bootstraplauncher@2.0.2/cpw.mods.bootstraplauncher.BootstrapLauncher.main(BootstrapLauncher.java:69) [bootstraplauncher-2.0.2.jar:?]
[30Sep2026 22:40:26.809] [main/WARN] [mixin/]: Error loading class: net/minecraftforge/common/ForgeTier (java.lang.ClassNotFoundException: net.minecraftforge.common.ForgeTier)
[30Sep2026 22:40:26.809] [main/TRACE] [mixin/]: Added class metadata for net/minecraftforge/common/ForgeTier to metadata cache
[30Sep2026 22:40:26.810] [main/TRACE] [mixin/]: Added class metadata for java/lang/StackWalker$Option to metadata cache
[30Sep2026 22:40:26.810] [main/TRACE] [mixin/]: Added class metadata for java/lang/StackWalker$StackFrame to metadata cache
[30Sep2026 22:40:26.810] [main/TRACE] [mixin/CATCHING]: Catching
java.lang.ClassNotFoundException: net.minecraftforge.common.ForgeTier
	at cpw.mods.securejarhandler/cpw.mods.cl.ModuleClassLoader.getMaybeTransformedClassBytes(ModuleClassLoader.java:334) ~[securejarhandler-3.0.8.jar:?]
	at MC-BOOTSTRAP/cpw.mods.modlauncher@11.0.5/cpw.mods.modlauncher.TransformingClassLoader.buildTransformedClassNodeFor(TransformingClassLoader.java:65) ~[modlauncher-11.0.5.jar%2364!/:?]
	at MC-BOOTSTRAP/cpw.mods.modlauncher@11.0.5/cpw.mods.modlauncher.LaunchPluginHandler.lambda$announceLaunch$10(LaunchPluginHandler.java:106) ~[modlauncher-11.0.5.jar%2364!/:?]
	at MC-BOOTSTRAP/org.spongepowered.mixin/org.spongepowered.asm.launch.MixinLaunchPluginLegacy.getClassNode(MixinLaunchPluginLegacy.java:227) ~[sponge-mixin-0.15.2+mixin.0.8.7.jar%2373!/:0.15.2+mixin.0.8.7]
	at MC-BOOTSTRAP/org.spongepowered.mixin/org.spongepowered.asm.mixin.transformer.ClassInfo.forName(ClassInfo.java:2029) ~[sponge-mixin-0.15.2+mixin.0.8.7.jar%2373!/:0.15.2+mixin.0.8.7]
	at MC-BOOTSTRAP/org.spongepowered.mixin/org.spongepowered.asm.mixin.transformer.MixinPreProcessorStandard.prepareInnerClasses(MixinPreProcessorStandard.java:206) ~[sponge-mixin-0.15.2+mixin.0.8.7.jar%2373!/:0.15.2+mixin.0.8.7]
	at MC-BOOTSTRAP/org.spongepowered.mixin/org.spongepowered.asm.mixin.transformer.MixinPreProcessorStandard.prepare(MixinPreProcessorStandard.java:178) ~[sponge-mixin-0.15.2+mixin.0.8.7.jar%2373!/:0.15.2+mixin.0.8.7]
	at MC-BOOTSTRAP/org.spongepowered.mixin/org.spongepowered.asm.mixin.transformer.MixinInfo$State.validateChanges(MixinInfo.java:442) ~[sponge-mixin-0.15.2+mixin.0.8.7.jar%2373!/:0.15.2+mixin.0.8.7]
	at MC-BOOTSTRAP/org.spongepowered.mixin/org.spongepowered.asm.mixin.transformer.MixinInfo$State.validate(MixinInfo.java:342) ~[sponge-mixin-0.15.2+mixin.0.8.7.jar%2373!/:0.15.2+mixin.0.8.7]
	at MC-BOOTSTRAP/org.spongepowered.mixin/org.spongepowered.asm.mixin.transformer.MixinInfo.validate(MixinInfo.java:913) ~[sponge-mixin-0.15.2+mixin.0.8.7.jar%2373!/:0.15.2+mixin.0.8.7]
	at MC-BOOTSTRAP/org.spongepowered.mixin/org.spongepowered.asm.mixin.transformer.MixinConfig.postInitialise(MixinConfig.java:884) ~[sponge-mixin-0.15.2+mixin.0.8.7.jar%2373!/:0.15.2+mixin.0.8.7]
	at MC-BOOTSTRAP/org.spongepowered.mixin/org.spongepowered.asm.mixin.transformer.MixinProcessor.prepareConfigs(MixinProcessor.java:568) ~[sponge-mixin-0.15.2+mixin.0.8.7.jar%2373!/:0.15.2+mixin.0.8.7]
	at MC-BOOTSTRAP/org.spongepowered.mixin/org.spongepowered.asm.mixin.transformer.MixinProcessor.select(MixinProcessor.java:462) ~[sponge-mixin-0.15.2+mixin.0.8.7.jar%2373!/:0.15.2+mixin.0.8.7]
	at MC-BOOTSTRAP/org.spongepowered.mixin/org.spongepowered.asm.mixin.transformer.MixinProcessor.checkSelect(MixinProcessor.java:438) ~[sponge-mixin-0.15.2+mixin.0.8.7.jar%2373!/:0.15.2+mixin.0.8.7]
	at MC-BOOTSTRAP/org.spongepowered.mixin/org.spongepowered.asm.mixin.transformer.MixinProcessor.applyMixins(MixinProcessor.java:290) ~[sponge-mixin-0.15.2+mixin.0.8.7.jar%2373!/:0.15.2+mixin.0.8.7]
	at MC-BOOTSTRAP/org.spongepowered.mixin/org.spongepowered.asm.mixin.transformer.MixinTransformer.transformClass(MixinTransformer.java:250) ~[sponge-mixin-0.15.2+mixin.0.8.7.jar%2373!/:0.15.2+mixin.0.8.7]
	at MC-BOOTSTRAP/org.spongepowered.mixin/org.spongepowered.asm.service.modlauncher.MixinTransformationHandler.processClass(MixinTransformationHandler.java:131) ~[sponge-mixin-0.15.2+mixin.0.8.7.jar%2373!/:0.15.2+mixin.0.8.7]
	at MC-BOOTSTRAP/org.spongepowered.mixin/org.spongepowered.asm.launch.MixinLaunchPluginLegacy.processClass(MixinLaunchPluginLegacy.java:131) ~[sponge-mixin-0.15.2+mixin.0.8.7.jar%2373!/:0.15.2+mixin.0.8.7]
	at MC-BOOTSTRAP/cpw.mods.modlauncher@11.0.5/cpw.mods.modlauncher.serviceapi.ILaunchPluginService.processClassWithFlags(ILaunchPluginService.java:156) ~[modlauncher-11.0.5.jar%2364!/:11.0.5+main.901c6ea8]
	at MC-BOOTSTRAP/cpw.mods.modlauncher@11.0.5/cpw.mods.modlauncher.LaunchPluginHandler.offerClassNodeToPlugins(LaunchPluginHandler.java:94) ~[modlauncher-11.0.5.jar%2364!/:?]
	at MC-BOOTSTRAP/cpw.mods.modlauncher@11.0.5/cpw.mods.modlauncher.ClassTransformer.transform(ClassTransformer.java:120) ~[modlauncher-11.0.5.jar%2364!/:?]
	at MC-BOOTSTRAP/cpw.mods.modlauncher@11.0.5/cpw.mods.modlauncher.TransformingClassLoader.maybeTransformClassBytes(TransformingClassLoader.java:57) ~[modlauncher-11.0.5.jar%2364!/:?]
	at cpw.mods.securejarhandler/cpw.mods.cl.ModuleClassLoader.readerToClass(ModuleClassLoader.java:190) ~[securejarhandler-3.0.8.jar:?]
	at cpw.mods.securejarhandler/cpw.mods.cl.ModuleClassLoader.lambda$findClass$20(ModuleClassLoader.java:298) ~[securejarhandler-3.0.8.jar:?]
	at cpw.mods.securejarhandler/cpw.mods.cl.ModuleClassLoader.loadFromModule(ModuleClassLoader.java:311) ~[securejarhandler-3.0.8.jar:?]
	at cpw.mods.securejarhandler/cpw.mods.cl.ModuleClassLoader.findClass(ModuleClassLoader.java:298) ~[securejarhandler-3.0.8.jar:?]
	at java.base/java.lang.ClassLoader.loadClass(ClassLoader.java:638) ~[?:?]
	at java.base/java.lang.Class.forName(Class.java:627) ~[?:?]
	at java.base/java.lang.Class.forName(Class.java:602) ~[?:?]
	at MC-BOOTSTRAP/fml_loader@4.0.43/net.neoforged.fml.loading.ImmediateWindowHandler$DummyProvider.lambda$updateModuleReads$1(ImmediateWindowHandler.java:173) ~[loader-4.0.43.jar%2359!/:4.0]
	at java.base/java.util.Optional.map(Optional.java:260) [?:?]
	at MC-BOOTSTRAP/fml_loader@4.0.43/net.neoforged.fml.loading.ImmediateWindowHandler$DummyProvider.updateModuleReads(ImmediateWindowHandler.java:173) [loader-4.0.43.jar%2359!/:4.0]
	at MC-BOOTSTRAP/fml_loader@4.0.43/net.neoforged.fml.loading.ImmediateWindowHandler.acceptGameLayer(ImmediateWindowHandler.java:94) [loader-4.0.43.jar%2359!/:4.0]
	at MC-BOOTSTRAP/fml_loader@4.0.43/net.neoforged.fml.loading.FMLLoader.beforeStart(FMLLoader.java:166) [loader-4.0.43.jar%2359!/:4.0]
	at MC-BOOTSTRAP/fml_loader@4.0.43/net.neoforged.fml.loading.targets.CommonLaunchHandler.launchService(CommonLaunchHandler.java:115) [loader-4.0.43.jar%2359!/:4.0]
	at MC-BOOTSTRAP/cpw.mods.modlauncher@11.0.5/cpw.mods.modlauncher.LaunchServiceHandlerDecorator.launch(LaunchServiceHandlerDecorator.java:30) [modlauncher-11.0.5.jar%2364!/:?]
	at MC-BOOTSTRAP/cpw.mods.modlauncher@11.0.5/cpw.mods.modlauncher.LaunchServiceHandler.launch(LaunchServiceHandler.java:53) [modlauncher-11.0.5.jar%2364!/:?]
	at MC-BOOTSTRAP/cpw.mods.modlauncher@11.0.5/cpw.mods.modlauncher.LaunchServiceHandler.launch(LaunchServiceHandler.java:71) [modlauncher-11.0.5.jar%2364!/:?]
	at MC-BOOTSTRAP/cpw.mods.modlauncher@11.0.5/cpw.mods.modlauncher.Launcher.run(Launcher.java:103) [modlauncher-11.0.5.jar%2364!/:?]
	at MC-BOOTSTRAP/cpw.mods.modlauncher@11.0.5/cpw.mods.modlauncher.Launcher.main(Launcher.java:74) [modlauncher-11.0.5.jar%2364!/:?]
	at MC-BOOTSTRAP/cpw.mods.modlauncher@11.0.5/cpw.mods.modlauncher.BootstrapLaunchConsumer.accept(BootstrapLaunchConsumer.java:26) [modlauncher-11.0.5.jar%2364!/:?]
	at MC-BOOTSTRAP/cpw.mods.modlauncher@11.0.5/cpw.mods.modlauncher.BootstrapLaunchConsumer.accept(BootstrapLaunchConsumer.java:23) [modlauncher-11.0.5.jar%2364!/:?]
	at cpw.mods.bootstraplauncher@2.0.2/cpw.mods.bootstraplauncher.BootstrapLauncher.run(BootstrapLauncher.java:210) [bootstraplauncher-2.0.2.jar:?]
	at cpw.mods.bootstraplauncher@2.0.2/cpw.mods.bootstraplauncher.BootstrapLauncher.main(BootstrapLauncher.java:69) [bootstraplauncher-2.0.2.jar:?]
[30Sep2026 22:40:26.811] [main/WARN] [mixin/]: Error loading class: net/minecraftforge/common/ForgeTier (java.lang.ClassNotFoundException: net.minecraftforge.common.ForgeTier)
[30Sep2026 22:40:26.811] [main/TRACE] [mixin/]: Added class metadata for net/minecraftforge/common/ForgeTier to metadata cache
[30Sep2026 22:40:26.811] [main/TRACE] [mixin/]: Added class metadata for net/minecraft/world/entity/projectile/AbstractArrow$Pickup to metadata cache
[30Sep2026 22:40:26.811] [main/TRACE] [mixin/]: Added class metadata for net/neoforged/neoforge/common/ModConfigSpec$BooleanValue to metadata cache
[30Sep2026 22:40:26.813] [main/TRACE] [mixin/]: Added class metadata for net/minecraft/world/level/storage/LevelStorageSource$LevelStorageAccess to metadata cache
[30Sep2026 22:40:26.816] [main/TRACE] [mixin/CATCHING]: Catching
java.lang.ClassNotFoundException: org.jetbrains.annotations.ApiStatus$ScheduledForRemoval
	at cpw.mods.securejarhandler/cpw.mods.cl.ModuleClassLoader.getMaybeTransformedClassBytes(ModuleClassLoader.java:334) ~[securejarhandler-3.0.8.jar:?]
	at MC-BOOTSTRAP/cpw.mods.modlauncher@11.0.5/cpw.mods.modlauncher.TransformingClassLoader.buildTransformedClassNodeFor(TransformingClassLoader.java:65) ~[modlauncher-11.0.5.jar%2364!/:?]
	at MC-BOOTSTRAP/cpw.mods.modlauncher@11.0.5/cpw.mods.modlauncher.LaunchPluginHandler.lambda$announceLaunch$10(LaunchPluginHandler.java:106) ~[modlauncher-11.0.5.jar%2364!/:?]
	at MC-BOOTSTRAP/org.spongepowered.mixin/org.spongepowered.asm.launch.MixinLaunchPluginLegacy.getClassNode(MixinLaunchPluginLegacy.java:227) ~[sponge-mixin-0.15.2+mixin.0.8.7.jar%2373!/:0.15.2+mixin.0.8.7]
	at MC-BOOTSTRAP/org.spongepowered.mixin/org.spongepowered.asm.mixin.transformer.ClassInfo.forName(ClassInfo.java:2029) ~[sponge-mixin-0.15.2+mixin.0.8.7.jar%2373!/:0.15.2+mixin.0.8.7]
	at MC-BOOTSTRAP/org.spongepowered.mixin/org.spongepowered.asm.mixin.transformer.MixinInfo$State.readInnerClasses(MixinInfo.java:429) ~[sponge-mixin-0.15.2+mixin.0.8.7.jar%2373!/:0.15.2+mixin.0.8.7]
	at MC-BOOTSTRAP/org.spongepowered.mixin/org.spongepowered.asm.mixin.transformer.MixinInfo$State.validate(MixinInfo.java:339) ~[sponge-mixin-0.15.2+mixin.0.8.7.jar%2373!/:0.15.2+mixin.0.8.7]
	at MC-BOOTSTRAP/org.spongepowered.mixin/org.spongepowered.asm.mixin.transformer.MixinInfo.validate(MixinInfo.java:913) ~[sponge-mixin-0.15.2+mixin.0.8.7.jar%2373!/:0.15.2+mixin.0.8.7]
	at MC-BOOTSTRAP/org.spongepowered.mixin/org.spongepowered.asm.mixin.transformer.MixinConfig.postInitialise(MixinConfig.java:884) ~[sponge-mixin-0.15.2+mixin.0.8.7.jar%2373!/:0.15.2+mixin.0.8.7]
	at MC-BOOTSTRAP/org.spongepowered.mixin/org.spongepowered.asm.mixin.transformer.MixinProcessor.prepareConfigs(MixinProcessor.java:568) ~[sponge-mixin-0.15.2+mixin.0.8.7.jar%2373!/:0.15.2+mixin.0.8.7]
	at MC-BOOTSTRAP/org.spongepowered.mixin/org.spongepowered.asm.mixin.transformer.MixinProcessor.select(MixinProcessor.java:462) ~[sponge-mixin-0.15.2+mixin.0.8.7.jar%2373!/:0.15.2+mixin.0.8.7]
	at MC-BOOTSTRAP/org.spongepowered.mixin/org.spongepowered.asm.mixin.transformer.MixinProcessor.checkSelect(MixinProcessor.java:438) ~[sponge-mixin-0.15.2+mixin.0.8.7.jar%2373!/:0.15.2+mixin.0.8.7]
	at MC-BOOTSTRAP/org.spongepowered.mixin/org.spongepowered.asm.mixin.transformer.MixinProcessor.applyMixins(MixinProcessor.java:290) ~[sponge-mixin-0.15.2+mixin.0.8.7.jar%2373!/:0.15.2+mixin.0.8.7]
	at MC-BOOTSTRAP/org.spongepowered.mixin/org.spongepowered.asm.mixin.transformer.MixinTransformer.transformClass(MixinTransformer.java:250) ~[sponge-mixin-0.15.2+mixin.0.8.7.jar%2373!/:0.15.2+mixin.0.8.7]
	at MC-BOOTSTRAP/org.spongepowered.mixin/org.spongepowered.asm.service.modlauncher.MixinTransformationHandler.processClass(MixinTransformationHandler.java:131) ~[sponge-mixin-0.15.2+mixin.0.8.7.jar%2373!/:0.15.2+mixin.0.8.7]
	at MC-BOOTSTRAP/org.spongepowered.mixin/org.spongepowered.asm.launch.MixinLaunchPluginLegacy.processClass(MixinLaunchPluginLegacy.java:131) ~[sponge-mixin-0.15.2+mixin.0.8.7.jar%2373!/:0.15.2+mixin.0.8.7]
	at MC-BOOTSTRAP/cpw.mods.modlauncher@11.0.5/cpw.mods.modlauncher.serviceapi.ILaunchPluginService.processClassWithFlags(ILaunchPluginService.java:156) ~[modlauncher-11.0.5.jar%2364!/:11.0.5+main.901c6ea8]
	at MC-BOOTSTRAP/cpw.mods.modlauncher@11.0.5/cpw.mods.modlauncher.LaunchPluginHandler.offerClassNodeToPlugins(LaunchPluginHandler.java:94) ~[modlauncher-11.0.5.jar%2364!/:?]
	at MC-BOOTSTRAP/cpw.mods.modlauncher@11.0.5/cpw.mods.modlauncher.ClassTransformer.transform(ClassTransformer.java:120) ~[modlauncher-11.0.5.jar%2364!/:?]
	at MC-BOOTSTRAP/cpw.mods.modlauncher@11.0.5/cpw.mods.modlauncher.TransformingClassLoader.maybeTransformClassBytes(TransformingClassLoader.java:57) ~[modlauncher-11.0.5.jar%2364!/:?]
	at cpw.mods.securejarhandler/cpw.mods.cl.ModuleClassLoader.readerToClass(ModuleClassLoader.java:190) ~[securejarhandler-3.0.8.jar:?]
	at cpw.mods.securejarhandler/cpw.mods.cl.ModuleClassLoader.lambda$findClass$20(ModuleClassLoader.java:298) ~[securejarhandler-3.0.8.jar:?]
	at cpw.mods.securejarhandler/cpw.mods.cl.ModuleClassLoader.loadFromModule(ModuleClassLoader.java:311) ~[securejarhandler-3.0.8.jar:?]
	at cpw.mods.securejarhandler/cpw.mods.cl.ModuleClassLoader.findClass(ModuleClassLoader.java:298) ~[securejarhandler-3.0.8.jar:?]
	at java.base/java.lang.ClassLoader.loadClass(ClassLoader.java:638) ~[?:?]
	at java.base/java.lang.Class.forName(Class.java:627) ~[?:?]
	at java.base/java.lang.Class.forName(Class.java:602) ~[?:?]
	at MC-BOOTSTRAP/fml_loader@4.0.43/net.neoforged.fml.loading.ImmediateWindowHandler$DummyProvider.lambda$updateModuleReads$1(ImmediateWindowHandler.java:173) ~[loader-4.0.43.jar%2359!/:4.0]
	at java.base/java.util.Optional.map(Optional.java:260) [?:?]
	at MC-BOOTSTRAP/fml_loader@4.0.43/net.neoforged.fml.loading.ImmediateWindowHandler$DummyProvider.updateModuleReads(ImmediateWindowHandler.java:173) [loader-4.0.43.jar%2359!/:4.0]
	at MC-BOOTSTRAP/fml_loader@4.0.43/net.neoforged.fml.loading.ImmediateWindowHandler.acceptGameLayer(ImmediateWindowHandler.java:94) [loader-4.0.43.jar%2359!/:4.0]
	at MC-BOOTSTRAP/fml_loader@4.0.43/net.neoforged.fml.loading.FMLLoader.beforeStart(FMLLoader.java:166) [loader-4.0.43.jar%2359!/:4.0]
	at MC-BOOTSTRAP/fml_loader@4.0.43/net.neoforged.fml.loading.targets.CommonLaunchHandler.launchService(CommonLaunchHandler.java:115) [loader-4.0.43.jar%2359!/:4.0]
	at MC-BOOTSTRAP/cpw.mods.modlauncher@11.0.5/cpw.mods.modlauncher.LaunchServiceHandlerDecorator.launch(LaunchServiceHandlerDecorator.java:30) [modlauncher-11.0.5.jar%2364!/:?]
	at MC-BOOTSTRAP/cpw.mods.modlauncher@11.0.5/cpw.mods.modlauncher.LaunchServiceHandler.launch(LaunchServiceHandler.java:53) [modlauncher-11.0.5.jar%2364!/:?]
	at MC-BOOTSTRAP/cpw.mods.modlauncher@11.0.5/cpw.mods.modlauncher.LaunchServiceHandler.launch(LaunchServiceHandler.java:71) [modlauncher-11.0.5.jar%2364!/:?]
	at MC-BOOTSTRAP/cpw.mods.modlauncher@11.0.5/cpw.mods.modlauncher.Launcher.run(Launcher.java:103) [modlauncher-11.0.5.jar%2364!/:?]
	at MC-BOOTSTRAP/cpw.mods.modlauncher@11.0.5/cpw.mods.modlauncher.Launcher.main(Launcher.java:74) [modlauncher-11.0.5.jar%2364!/:?]
	at MC-BOOTSTRAP/cpw.mods.modlauncher@11.0.5/cpw.mods.modlauncher.BootstrapLaunchConsumer.accept(BootstrapLaunchConsumer.java:26) [modlauncher-11.0.5.jar%2364!/:?]
	at MC-BOOTSTRAP/cpw.mods.modlauncher@11.0.5/cpw.mods.modlauncher.BootstrapLaunchConsumer.accept(BootstrapLaunchConsumer.java:23) [modlauncher-11.0.5.jar%2364!/:?]
	at cpw.mods.bootstraplauncher@2.0.2/cpw.mods.bootstraplauncher.BootstrapLauncher.run(BootstrapLauncher.java:210) [bootstraplauncher-2.0.2.jar:?]
	at cpw.mods.bootstraplauncher@2.0.2/cpw.mods.bootstraplauncher.BootstrapLauncher.main(BootstrapLauncher.java:69) [bootstraplauncher-2.0.2.jar:?]
[30Sep2026 22:40:26.817] [main/WARN] [mixin/]: Error loading class: org/jetbrains/annotations/ApiStatus$ScheduledForRemoval (java.lang.ClassNotFoundException: org.jetbrains.annotations.ApiStatus$ScheduledForRemoval)
[30Sep2026 22:40:26.817] [main/TRACE] [mixin/]: Added class metadata for org/jetbrains/annotations/ApiStatus$ScheduledForRemoval to metadata cache
[30Sep2026 22:40:26.817] [main/TRACE] [mixin/]: Added class metadata for com/simibubi/create/content/equipment/clipboard/ClipboardOverrides$ClipboardType to metadata cache
[30Sep2026 22:40:26.818] [main/TRACE] [mixin/]: Added class metadata for net/createmod/catnip/config/ConfigBase$ConfigBool to metadata cache
[30Sep2026 22:40:26.819] [main/TRACE] [mixin/]: Added class metadata for net/minecraft/world/item/enchantment/ItemEnchantments$Mutable to metadata cache
[30Sep2026 22:40:26.819] [main/TRACE] [mixin/]: Added class metadata for net/minecraft/core/Direction$Axis to metadata cache
[30Sep2026 22:40:26.820] [main/TRACE] [mixin/]: Added class metadata for net/minecraft/world/level/storage/loot/predicates/LootItemCondition$Builder to metadata cache
[30Sep2026 22:40:26.820] [main/TRACE] [mixin/]: Added class metadata for net/neoforged/neoforge/fluids/FluidInteractionRegistry$InteractionInformation to metadata cache
[30Sep2026 22:40:26.821] [main/DEBUG] [net.neoforged.accesstransformer.AccessTransformer/AXFORM]: Transforming net.minecraft.data.models.ItemModelGenerators$TrimModelData CLASS to access PUBLIC and LEAVE
[30Sep2026 22:40:26.821] [main/DEBUG] [net.neoforged.accesstransformer.AccessTransformer/AXFORM]: Transforming net.minecraft.data.models.ItemModelGenerators$TrimModelData METHOD <init>(Ljava/lang/String;FLjava/util/Map;)V to access PUBLIC and LEAVE
[30Sep2026 22:40:26.823] [main/TRACE] [mixin/]: Added class metadata for net/minecraft/data/models/ItemModelGenerators$TrimModelData to metadata cache
[30Sep2026 22:40:26.824] [main/TRACE] [mixin/]: Added class metadata for net/minecraft/core/Holder$Reference to metadata cache
[30Sep2026 22:40:26.824] [main/DEBUG] [net.neoforged.accesstransformer.AccessTransformer/AXFORM]: Transforming net.minecraft.world.item.alchemy.PotionBrewing$Mix CLASS to access PUBLIC and LEAVE
[30Sep2026 22:40:26.824] [main/TRACE] [mixin/]: Added class metadata for net/minecraft/world/item/alchemy/PotionBrewing$Mix to metadata cache
[30Sep2026 22:40:26.824] [main/TRACE] [mixin/]: Added class metadata for net/minecraft/world/item/ProjectileItem$DispenseConfig to metadata cache
[30Sep2026 22:40:26.825] [main/TRACE] [mixin/]: Added class metadata for com/simibubi/create/foundation/utility/DataFixerHelper$BlockPosFixer to metadata cache
[30Sep2026 22:40:26.826] [main/TRACE] [mixin/]: Added class metadata for com/mojang/datafixers/DSL$TypeReference to metadata cache
[30Sep2026 22:40:26.827] [main/TRACE] [mixin/]: Added class metadata for com/mojang/datafixers/DataFix to metadata cache
[30Sep2026 22:40:26.828] [main/DEBUG] [net.neoforged.accesstransformer.AccessTransformer/AXFORM]: Transforming net.minecraft.util.datafix.fixes.ItemStackComponentizationFix$ItemStackData CLASS to access PUBLIC and LEAVE
[30Sep2026 22:40:26.828] [main/TRACE] [mixin/]: Added class metadata for net/minecraft/util/datafix/fixes/ItemStackComponentizationFix$ItemStackData to metadata cache
[30Sep2026 22:40:26.829] [main/TRACE] [mixin/]: Added class metadata for java/util/Map$Entry to metadata cache
[30Sep2026 22:40:26.830] [main/TRACE] [mixin/]: Added class metadata for dev/ryanhcode/sable/physics/config/block_properties/PhysicsBlockPropertyTypes$PhysicsBlockPropertyType to metadata cache
[30Sep2026 22:40:26.831] [main/TRACE] [mixin/]: Added class metadata for net/minecraft/core/BlockPos$MutableBlockPos to metadata cache
[30Sep2026 22:40:26.831] [main/TRACE] [mixin/]: Added class metadata for net/minecraft/world/level/ClipContext$Block to metadata cache
[30Sep2026 22:40:26.831] [main/TRACE] [mixin/]: Added class metadata for net/minecraft/world/level/ClipContext$Fluid to metadata cache
[30Sep2026 22:40:26.831] [main/TRACE] [mixin/]: Added class metadata for net/minecraft/world/phys/HitResult$Type to metadata cache
[30Sep2026 22:40:26.833] [main/TRACE] [mixin/]: Added class metadata for dev/ryanhcode/sable/api/command/SubLevelArgumentType$Info to metadata cache
[30Sep2026 22:40:26.833] [main/TRACE] [mixin/]: Added class metadata for net/minecraft/commands/synchronization/ArgumentTypeInfo$Template to metadata cache
[30Sep2026 22:40:26.833] [main/TRACE] [mixin/]: Added class metadata for net/minecraft/server/commands/data/DataCommands$DataProvider to metadata cache
[30Sep2026 22:40:26.838] [main/TRACE] [mixin/]: Added class metadata for net/minecraft/world/level/pathfinder/NodeEvaluator to metadata cache
[30Sep2026 22:40:26.840] [main/TRACE] [mixin/]: Added class metadata for net/minecraft/commands/arguments/EntityAnchorArgument$Anchor to metadata cache
[30Sep2026 22:40:26.841] [main/DEBUG] [net.neoforged.accesstransformer.AccessTransformer/AXFORM]: Transforming net.minecraft.world.entity.vehicle.VehicleEntity METHOD getDropItem()Lnet/minecraft/world/item/Item; to access PROTECTED and LEAVE
[30Sep2026 22:40:26.842] [main/TRACE] [mixin/]: Added class metadata for net/minecraft/world/entity/vehicle/VehicleEntity to metadata cache
[30Sep2026 22:40:26.843] [main/TRACE] [mixin/]: Added class metadata for dev/ryanhcode/sable/sublevel/entity_collision/SubLevelEntityCollision$CollisionInfo to metadata cache
[30Sep2026 22:40:26.843] [main/TRACE] [mixin/]: Added class metadata for net/minecraft/world/entity/Entity$RemovalReason to metadata cache
[30Sep2026 22:40:26.844] [main/TRACE] [mixin/]: Added class metadata for dev/ryanhcode/sable/sublevel/entity_collision/SubLevelEntityCollision$FirstCollisionInfo to metadata cache
[30Sep2026 22:40:26.845] [main/TRACE] [mixin/]: Added class metadata for net/minecraft/world/entity/LivingEntity$Fallsounds to metadata cache
[30Sep2026 22:40:26.846] [main/DEBUG] [net.neoforged.accesstransformer.AccessTransformer/AXFORM]: Transforming net.minecraft.server.level.ChunkMap$DistanceManager CLASS to access PUBLIC and LEAVE
[30Sep2026 22:40:26.846] [main/TRACE] [mixin/]: Added class metadata for net/minecraft/server/level/ChunkMap$DistanceManager to metadata cache
[30Sep2026 22:40:26.847] [main/TRACE] [mixin/]: Added class metadata for net/minecraft/world/level/Level$ExplosionInteraction to metadata cache
[30Sep2026 22:40:26.850] [main/TRACE] [mixin/]: Added class metadata for net/minecraft/BlockUtil$FoundRectangle to metadata cache
[30Sep2026 22:40:26.851] [main/TRACE] [mixin/]: Added class metadata for dev/ryanhcode/sable/sublevel/tracking_points/SubLevelTrackingPointSavedData$TakenLoginPoint to metadata cache
[30Sep2026 22:40:26.851] [main/DEBUG] [net.neoforged.accesstransformer.AccessTransformer/AXFORM]: Transforming net.minecraft.server.level.ServerPlayer$RespawnPosAngle CLASS to access PUBLIC and LEAVE
[30Sep2026 22:40:26.851] [main/DEBUG] [net.neoforged.accesstransformer.AccessTransformer/AXFORM]: Transforming net.minecraft.server.level.ServerPlayer$RespawnPosAngle METHOD <init>(Lnet/minecraft/world/phys/Vec3;F)V to access PUBLIC and LEAVE
[30Sep2026 22:40:26.852] [main/TRACE] [mixin/]: Added class metadata for net/minecraft/server/level/ServerPlayer$RespawnPosAngle to metadata cache
[30Sep2026 22:40:26.852] [main/TRACE] [mixin/]: Added class metadata for net/minecraft/world/level/gameevent/GameEvent$Context to metadata cache
[30Sep2026 22:40:26.853] [main/TRACE] [mixin/]: Added class metadata for net/minecraft/world/level/gameevent/vibrations/VibrationSystem$Data to metadata cache
[30Sep2026 22:40:26.853] [main/TRACE] [mixin/]: Added class metadata for net/minecraft/world/level/gameevent/vibrations/VibrationSystem$User to metadata cache
[30Sep2026 22:40:26.854] [main/TRACE] [mixin/]: Added class metadata for net/minecraft/world/level/block/entity/BlockEntity to metadata cache
[30Sep2026 22:40:26.855] [main/TRACE] [mixin/]: Added class metadata for dev/ryanhcode/sable/mixin/udp/ConnectionMixin$1 to metadata cache
[30Sep2026 22:40:26.855] [main/TRACE] [mixin/]: Added class metadata for dev/ryanhcode/sable/mixin/udp/ConnectionMixin$2 to metadata cache
[30Sep2026 22:40:26.856] [main/DEBUG] [mixin/]: Inner class dev/ryanhcode/sable/mixin/udp/ConnectionMixin$2 in dev/ryanhcode/sable/mixin/udp/ConnectionMixin on net/minecraft/network/Connection gets unique name net/minecraft/network/Connection$Anonymous$74143aee572c44f5a81730de2c672b8c
[30Sep2026 22:40:26.856] [main/DEBUG] [mixin/]: Inner class dev/ryanhcode/sable/mixin/udp/ConnectionMixin$1 in dev/ryanhcode/sable/mixin/udp/ConnectionMixin on net/minecraft/network/Connection gets unique name net/minecraft/network/Connection$Anonymous$cc03b47e677b434f94dbef5e1e6d6a03
[30Sep2026 22:40:26.857] [main/TRACE] [mixin/]: Added class metadata for dev/ryanhcode/sable/mixin/udp/ServerConnectionListenerMixin$1 to metadata cache
[30Sep2026 22:40:26.857] [main/TRACE] [mixin/]: Added class metadata for dev/ryanhcode/sable/mixin/udp/ServerConnectionListenerMixin$2 to metadata cache
[30Sep2026 22:40:26.857] [main/DEBUG] [mixin/]: Inner class dev/ryanhcode/sable/mixin/udp/ServerConnectionListenerMixin$2 in dev/ryanhcode/sable/mixin/udp/ServerConnectionListenerMixin on net/minecraft/server/network/ServerConnectionListener gets unique name net/minecraft/server/network/ServerConnectionListener$Anonymous$cd20c470d35a4f6f8fc6ef4f541a3e0a
[30Sep2026 22:40:26.858] [main/DEBUG] [mixin/]: Inner class dev/ryanhcode/sable/mixin/udp/ServerConnectionListenerMixin$1 in dev/ryanhcode/sable/mixin/udp/ServerConnectionListenerMixin on net/minecraft/server/network/ServerConnectionListener gets unique name net/minecraft/server/network/ServerConnectionListener$Anonymous$67df6336dd7d44498c8948335901f089
[30Sep2026 22:40:26.859] [main/DEBUG] [net.neoforged.fml.common.asm.RuntimeDistCleaner/DISTXFORM]: Removing method: com/simibubi/create/foundation/blockEntity/CachedRenderBBBlockEntity.getRenderBoundingBox()Lnet/minecraft/world/phys/AABB;
[30Sep2026 22:40:26.859] [main/TRACE] [mixin/]: Added class metadata for com/simibubi/create/foundation/blockEntity/CachedRenderBBBlockEntity to metadata cache
[30Sep2026 22:40:26.860] [main/TRACE] [mixin/]: Added class metadata for com/simibubi/create/foundation/blockEntity/SyncedBlockEntity to metadata cache
[30Sep2026 22:40:26.860] [main/TRACE] [mixin/]: Added class metadata for com/simibubi/create/content/processing/burner/BlazeBurnerBlock$HeatLevel to metadata cache
[30Sep2026 22:40:26.860] [main/TRACE] [mixin/]: Added class metadata for net/createmod/catnip/animation/LerpedFloat$Chaser to metadata cache
[30Sep2026 22:40:26.861] [main/TRACE] [mixin/]: Added class metadata for net/minecraft/world/level/block/state/BlockBehaviour$Properties to metadata cache
[30Sep2026 22:40:26.862] [main/TRACE] [mixin/]: Added class metadata for com/simibubi/create/content/contraptions/actors/AttachedActorBlock to metadata cache
[30Sep2026 22:40:26.862] [main/TRACE] [mixin/]: Added class metadata for com/simibubi/create/content/kinetics/belt/transport/BeltMovementHandler$TransportedEntityInfo to metadata cache
[30Sep2026 22:40:26.863] [main/TRACE] [mixin/]: Added class metadata for com/simibubi/create/foundation/utility/RaycastHelper$PredicateTraceResult to metadata cache
[30Sep2026 22:40:26.863] [main/DEBUG] [net.neoforged.accesstransformer.AccessTransformer/AXFORM]: Transforming net.minecraft.world.entity.decoration.HangingEntity METHOD recalculateBoundingBox()V to access PUBLIC and REMOVEFINAL
[30Sep2026 22:40:26.863] [main/DEBUG] [net.neoforged.accesstransformer.AccessTransformer/AXFORM]: Transforming net.minecraft.world.entity.decoration.HangingEntity METHOD calculateSupportBox()Lnet/minecraft/world/phys/AABB; to access PUBLIC and LEAVE
[30Sep2026 22:40:26.864] [main/TRACE] [mixin/]: Added class metadata for net/minecraft/world/entity/decoration/HangingEntity to metadata cache
[30Sep2026 22:40:26.864] [main/TRACE] [mixin/]: Added class metadata for net/minecraft/world/entity/decoration/BlockAttachedEntity to metadata cache
[30Sep2026 22:40:26.865] [main/TRACE] [mixin/]: Added class metadata for com/simibubi/create/content/kinetics/chainConveyor/ChainConveyorBlockEntity$ConnectionStats to metadata cache
[30Sep2026 22:40:26.866] [main/TRACE] [mixin/]: Added class metadata for net/minecraft/world/level/levelgen/structure/templatesystem/StructureTemplate$StructureBlockInfo to metadata cache
[30Sep2026 22:40:26.866] [main/TRACE] [mixin/]: Added class metadata for com/simibubi/create/content/contraptions/AbstractContraptionEntity$ContraptionRotationState to metadata cache
[30Sep2026 22:40:26.867] [main/TRACE] [mixin/]: Added class metadata for com/simibubi/create/content/redstone/displayLink/LinkWithBulbBlockEntity to metadata cache
[30Sep2026 22:40:26.868] [main/TRACE] [mixin/]: Added class metadata for com/simibubi/create/content/logistics/depot/EjectorBlockEntity$State to metadata cache
[30Sep2026 22:40:26.869] [main/TRACE] [mixin/]: Added class metadata for net/minecraft/core/Direction$AxisDirection to metadata cache
[30Sep2026 22:40:26.869] [main/TRACE] [mixin/]: Added class metadata for com/simibubi/create/content/kinetics/chainConveyor/ChainConveyorBlockEntity$ConnectedPort to metadata cache
[30Sep2026 22:40:26.869] [main/TRACE] [mixin/]: Added class metadata for com/simibubi/create/content/kinetics/chainConveyor/ChainConveyorPackage$ChainConveyorPackagePhysicsData to metadata cache
[30Sep2026 22:40:26.871] [main/TRACE] [mixin/]: Added class metadata for net/neoforged/neoforge/fluids/capability/IFluidHandler$FluidAction to metadata cache
[30Sep2026 22:40:26.871] [main/TRACE] [mixin/]: Added class metadata for net/neoforged/neoforge/capabilities/Capabilities$ItemHandler to metadata cache
[30Sep2026 22:40:26.873] [main/TRACE] [mixin/]: Added class metadata for com/tterrag/registrate/builders/BlockEntityBuilder$BlockEntityFactory to metadata cache
[30Sep2026 22:40:26.873] [main/TRACE] [mixin/]: Added class metadata for com/simibubi/create/foundation/block/WrenchableDirectionalBlock to metadata cache
[30Sep2026 22:40:26.873] [main/TRACE] [mixin/]: Added class metadata for com/simibubi/create/content/schematics/client/tools/PlacementToolBase to metadata cache
[30Sep2026 22:40:26.873] [main/TRACE] [mixin/]: Added class metadata for net/createmod/catnip/outliner/Outline$OutlineParams to metadata cache
[30Sep2026 22:40:26.874] [main/TRACE] [mixin/]: Added class metadata for dev/ryanhcode/sable/api/schematic/SubLevelSchematicSerializationContext$Type to metadata cache
[30Sep2026 22:40:26.874] [main/TRACE] [mixin/]: Added class metadata for dev/ryanhcode/sable/api/schematic/SubLevelSchematicSerializationContext$SchematicMapping to metadata cache
[30Sep2026 22:40:26.875] [main/TRACE] [mixin/]: Added class metadata for com/simibubi/create/content/schematics/SchematicExport$SchematicExportResult to metadata cache
[30Sep2026 22:40:26.875] [main/TRACE] [mixin/]: Added class metadata for dev/ryanhcode/sable/neoforge/mixinterface/compatibility/create/schematics/SchematicLevelExtension$SchematicSubLevel to metadata cache
[30Sep2026 22:40:26.876] [main/TRACE] [mixin/]: Added class metadata for dev/ryanhcode/sable/neoforge/mixin/compatibility/create/schematics/SchematicPrinterMixin$1 to metadata cache
[30Sep2026 22:40:26.876] [main/TRACE] [mixin/]: Added class metadata for dev/ryanhcode/sable/neoforge/mixinterface/compatibility/create/schematics/StructureTemplateExtension$SubLevelTemplate to metadata cache
[30Sep2026 22:40:26.877] [main/TRACE] [mixin/]: Added class metadata for net/minecraft/util/AbortableIterationConsumer$Continuation to metadata cache
[30Sep2026 22:40:26.878] [main/TRACE] [mixin/]: Added class metadata for net/minecraft/network/protocol/common/custom/CustomPacketPayload$Type to metadata cache
[30Sep2026 22:40:26.879] [main/TRACE] [mixin/]: Added class metadata for lol/bai/badpackets/impl/registry/ChannelCodecFinder$Holder to metadata cache
[30Sep2026 22:40:26.879] [main/TRACE] [mixin/]: Added class metadata for lol/bai/badpackets/impl/handler/ServerConfigPacketHandler$CallbackTask to metadata cache
[30Sep2026 22:40:26.880] [main/TRACE] [mixin/]: Added class metadata for lol/bai/badpackets/impl/handler/ServerConfigPacketHandler$CustomTask to metadata cache
[30Sep2026 22:40:26.880] [main/TRACE] [mixin/]: Added class metadata for net/minecraft/server/network/ConfigurationTask$Type to metadata cache
[30Sep2026 22:40:26.880] [main/TRACE] [mixin/]: Added class metadata for lol/bai/badpackets/impl/handler/ServerConfigPacketHandler$TaskFinisher to metadata cache
[30Sep2026 22:40:26.881] [main/TRACE] [mixin/]: Added class metadata for foundry/veil/api/network/VeilPacketManager$PacketSink to metadata cache
[30Sep2026 22:40:26.881] [main/DEBUG] [net.neoforged.accesstransformer.AccessTransformer/AXFORM]: Transforming net.minecraft.resources.RegistryDataLoader$Loader CLASS to access PUBLIC and LEAVE
[30Sep2026 22:40:26.882] [main/TRACE] [mixin/]: Added class metadata for net/minecraft/resources/RegistryDataLoader$Loader to metadata cache
[30Sep2026 22:40:26.882] [main/TRACE] [mixin/]: Added class metadata for foundry/veil/mixin/resource/ResourceVanillaPackResourcesMixin$1 to metadata cache
[30Sep2026 22:40:26.882] [main/TRACE] [mixin/]: Added class metadata for foundry/veil/ext/PackResourcesExtension$PackResourceConsumer to metadata cache
[30Sep2026 22:40:26.882] [main/DEBUG] [mixin/]: Inner class foundry/veil/mixin/resource/ResourceVanillaPackResourcesMixin$1 in foundry/veil/mixin/resource/ResourceVanillaPackResourcesMixin on net/minecraft/server/packs/VanillaPackResources gets unique name net/minecraft/server/packs/VanillaPackResources$Anonymous$7031ffb1a34d47c483e117110fb91525
[30Sep2026 22:40:26.882] [main/TRACE] [mixin/]: Added class metadata for foundry/veil/forge/mixin/resources/PathPackResourcesMixin$1 to metadata cache
[30Sep2026 22:40:26.883] [main/DEBUG] [mixin/]: Inner class foundry/veil/forge/mixin/resources/PathPackResourcesMixin$1 in foundry/veil/forge/mixin/resources/PathPackResourcesMixin on net/minecraft/server/packs/PathPackResources gets unique name net/minecraft/server/packs/PathPackResources$Anonymous$67005e9ad9794bd4a2a90d2ef86529d0
[30Sep2026 22:40:26.883] [main/TRACE] [mixin/]: Added class metadata for ewewukek/musketmod/mixin/AbstractSkeletonMixin$1 to metadata cache
[30Sep2026 22:40:26.883] [main/DEBUG] [mixin/]: Inner class ewewukek/musketmod/mixin/AbstractSkeletonMixin$1 in ewewukek/musketmod/mixin/AbstractSkeletonMixin on net/minecraft/world/entity/monster/AbstractSkeleton gets unique name net/minecraft/world/entity/monster/AbstractSkeleton$Anonymous$aa3fa098f9f6464aaf8891b5789bde02
[30Sep2026 22:40:26.884] [main/TRACE] [mixin/]: Added class metadata for ewewukek/musketmod/mixin/PillagerMixin$1 to metadata cache
[30Sep2026 22:40:26.885] [main/TRACE] [mixin/]: Added class metadata for net/minecraft/world/entity/monster/AbstractIllager$IllagerArmPose to metadata cache
[30Sep2026 22:40:26.885] [main/DEBUG] [mixin/]: Inner class ewewukek/musketmod/mixin/PillagerMixin$1 in ewewukek/musketmod/mixin/PillagerMixin on net/minecraft/world/entity/monster/Pillager gets unique name net/minecraft/world/entity/monster/Pillager$Anonymous$0de56354934c4edeb71ec9c5a3af6c53
[30Sep2026 22:40:26.885] [main/TRACE] [mixin/]: Added class metadata for dev/engine_room/flywheel/lib/visualization/SimpleBlockEntityVisualizer$Factory to metadata cache
[30Sep2026 22:40:26.886] [main/TRACE] [mixin/]: Added class metadata for net/minecraft/world/item/CreativeModeTab$ItemDisplayParameters to metadata cache
[30Sep2026 22:40:26.887] [main/TRACE] [mixin/]: Added class metadata for com/simibubi/create/content/kinetics/base/IRotate$StressImpact to metadata cache
[30Sep2026 22:40:26.887] [main/TRACE] [mixin/]: Added class metadata for net/minecraft/world/item/Item$Properties to metadata cache
[30Sep2026 22:40:26.888] [main/TRACE] [mixin/]: Added class metadata for dev/simulated_team/simulated/util/extra_kinetics/ExtraKinetics$ExtraKineticsBlock to metadata cache
[30Sep2026 22:40:26.888] [main/TRACE] [mixin/]: Added class metadata for dev/simulated_team/simulated/util/extra_kinetics/ExtraKinetics$ExtraKineticsBlockEntity to metadata cache
[30Sep2026 22:40:26.888] [main/TRACE] [mixin/]: Added class metadata for dev/simulated_team/simulated/index/SimTags$Misc to metadata cache
[30Sep2026 22:40:26.889] [main/TRACE] [mixin/]: Added class metadata for net/minecraft/world/level/dimension/end/EndDragonFight$Data to metadata cache
[30Sep2026 22:40:26.890] [main/TRACE] [mixin/]: Added class metadata for net/minecraft/world/level/storage/PrimaryLevelData$SpecialWorldProperty to metadata cache
[30Sep2026 22:40:26.895] [main/DEBUG] [mixin/]: Prepared 409 mixins in 1.144 sec (2.8ms avg) (0ms load, 0ms transform, 0ms plugin)
[30Sep2026 22:40:27.016] [main/DEBUG] [io.netty.util.internal.logging.InternalLoggerFactory/]: Using SLF4J as the default logging framework
[30Sep2026 22:40:27.020] [main/DEBUG] [io.netty.util.ResourceLeakDetector/]: -Dio.netty.leakDetection.level: simple
[30Sep2026 22:40:27.020] [main/DEBUG] [io.netty.util.ResourceLeakDetector/]: -Dio.netty.leakDetection.targetRecords: 4
[30Sep2026 22:40:27.146] [main/INFO] [MixinExtras|Service/]: Initializing MixinExtras via com.llamalad7.mixinextras.service.MixinExtrasServiceImpl(version=0.5.3).
[30Sep2026 22:40:27.147] [main/DEBUG] [mixin/]: Registering new injector for @SugarWrapper with com.llamalad7.mixinextras.sugar.impl.SugarWrapperInjectionInfo
[30Sep2026 22:40:27.147] [main/DEBUG] [mixin/]: Registering new injector for @FactoryRedirectWrapper with com.llamalad7.mixinextras.wrapper.factory.FactoryRedirectWrapperInjectionInfo
[30Sep2026 22:40:27.148] [main/DEBUG] [mixin/]: Registering new injector for @ExpressionInjectorWrapper with com.llamalad7.mixinextras.expression.impl.wrapper.ExpressionInjectorWrapperInjectionInfo
[30Sep2026 22:40:27.162] [main/DEBUG] [mixin/]: Mixing accessor.NbtAccounterAccessor from create.mixins.json into net.minecraft.nbt.NbtAccounter
[30Sep2026 22:40:27.247] [main/DEBUG] [mixin/]: Mixing accessor.SystemReportAccessor from create.mixins.json into net.minecraft.SystemReport
[30Sep2026 22:40:27.247] [main/DEBUG] [mixin/]: Renaming @Accessor method getOPERATING_SYSTEM()Ljava/lang/String; to getOPERATING_SYSTEM$create_$md$ed67c0$0 in create.mixins.json:accessor.SystemReportAccessor from mod create
[30Sep2026 22:40:27.248] [main/DEBUG] [mixin/]: Renaming @Accessor method getJAVA_VERSION()Ljava/lang/String; to getJAVA_VERSION$create_$md$ed67c0$1 in create.mixins.json:accessor.SystemReportAccessor from mod create
[30Sep2026 22:40:27.286] [main/DEBUG] [oshi.util.FileUtil/]: No oshi.properties file found from ClassLoader cpw.mods.modlauncher.TransformingClassLoader@26722665
[30Sep2026 22:40:27.286] [main/DEBUG] [oshi.util.FileUtil/]: No oshi.properties file found from ClassLoader jdk.internal.loader.ClassLoaders$AppClassLoader@378fd1ac
[30Sep2026 22:40:27.740] [main/DEBUG] [oshi.util.FileUtil/]: No oshi.architecture.properties file found from ClassLoader cpw.mods.modlauncher.TransformingClassLoader@26722665
[30Sep2026 22:40:27.741] [main/DEBUG] [oshi.util.FileUtil/]: No oshi.architecture.properties file found from ClassLoader jdk.internal.loader.ClassLoaders$AppClassLoader@378fd1ac
[30Sep2026 22:40:28.053] [main/DEBUG] [mixin/]: Mixing server.MixinTracingExecutor from DistantHorizons.neoforge.mixins.json into net.minecraft.Util
[30Sep2026 22:40:28.057] [main/DEBUG] [mixin/]: Mixing server.MixinUtilBackgroundThread from DistantHorizons.neoforge.mixins.json into net.minecraft.Util
[30Sep2026 22:40:28.108] [main/DEBUG] [mixin/]: DistantHorizons.neoforge.mixins.json:server.MixinUtilBackgroundThread from mod distanthorizons->@Inject::overrideUtil$backgroundExecutor(Lorg/spongepowered/asm/mixin/injection/callback/CallbackInfoReturnable;)V does use it's CallbackInfoReturnable
[30Sep2026 22:40:28.108] [main/DEBUG] [mixin/]: DistantHorizons.neoforge.mixins.json:server.MixinUtilBackgroundThread from mod distanthorizons->@Inject::overrideUtil$wrapThreadWithTaskName(Ljava/lang/String;Ljava/lang/Runnable;Lorg/spongepowered/asm/mixin/injection/callback/CallbackInfoReturnable;)V does use it's CallbackInfoReturnable
[30Sep2026 22:40:28.108] [main/DEBUG] [mixin/]: DistantHorizons.neoforge.mixins.json:server.MixinUtilBackgroundThread from mod distanthorizons->@Inject::overrideUtil$wrapThreadWithTaskNameForSupplier(Ljava/lang/String;Ljava/util/function/Supplier;Lorg/spongepowered/asm/mixin/injection/callback/CallbackInfoReturnable;)V does use it's CallbackInfoReturnable
[30Sep2026 22:40:28.201] [main/DEBUG] [mixin/]: Mixing BuiltInRegistriesMixin from create.mixins.json into net.minecraft.core.registries.BuiltInRegistries
[30Sep2026 22:40:28.201] [main/DEBUG] [mixin/]: Renaming synthetic method lambda$create$ourRegistriesAreNotEmpty$0(Ljava/util/function/Consumer;Lnet/minecraft/core/Registry;)V to mded67c0$create$lambda$create$ourRegistriesAreNotEmpty$0$0 in create.mixins.json:BuiltInRegistriesMixin from mod create
[30Sep2026 22:40:28.252] [main/DEBUG] [mixin/]: Mixing accessor.MappedRegistryAccessor from create.mixins.json into net.minecraft.core.MappedRegistry
[30Sep2026 22:40:28.254] [main/DEBUG] [mixin/]: Mixing MappedRegistryAccessor from neoforge.mixins.json into net.minecraft.core.MappedRegistry
[30Sep2026 22:40:28.267] [main/DEBUG] [mixin/]: Mixing RegistriesMixin from veil.neoforge.mixins.json into net.minecraft.core.registries.Registries
[30Sep2026 22:40:28.277] [main/DEBUG] [mixin/]: veil.neoforge.mixins.json:RegistriesMixin from mod veil->@Inject::veilElementsPath(Lnet/minecraft/resources/ResourceKey;Lorg/spongepowered/asm/mixin/injection/callback/CallbackInfoReturnable;)V does use it's CallbackInfoReturnable
[30Sep2026 22:40:28.277] [main/DEBUG] [mixin/]: veil.neoforge.mixins.json:RegistriesMixin from mod veil->@Inject::veilTagsPath(Lnet/minecraft/resources/ResourceKey;Lorg/spongepowered/asm/mixin/injection/callback/CallbackInfoReturnable;)V does use it's CallbackInfoReturnable
[30Sep2026 22:40:28.349] [main/DEBUG] [mixin/]: Mixing command.ArgumentTypeInfosMixin from sable.mixins.json into net.minecraft.commands.synchronization.ArgumentTypeInfos
[30Sep2026 22:40:28.357] [main/DEBUG] [mixin/]: sable.mixins.json:command.ArgumentTypeInfosMixin from mod sable->@Inject::sable$bootstrap(Lnet/minecraft/core/Registry;Lorg/spongepowered/asm/mixin/injection/callback/CallbackInfoReturnable;)V doesn't use it's CallbackInfoReturnable
[30Sep2026 22:40:28.383] [main/DEBUG] [mixin/]: Mixing creative_tab_sections.CreativeModeTabMixin from simulated.mixins.json into net.minecraft.world.item.CreativeModeTab
[30Sep2026 22:40:28.509] [main/DEBUG] [mixin/]: Mixing accessor.CreateBlockEntityBuilderAccessor from simulated.mixins.json into com.simibubi.create.foundation.data.CreateBlockEntityBuilder
[30Sep2026 22:40:28.555] [main/DEBUG] [mixin/]: Mixing levitite.BlockMixin from aeronautics.mixins.json into net.minecraft.world.level.block.Block
[30Sep2026 22:40:28.555] [main/DEBUG] [mixin/]: aeronautics.mixins.json:levitite.BlockMixin from mod aeronautics: Class version 65 required is higher than the class version supported by the current version of Mixin (JAVA_18 supports class version 62)
[30Sep2026 22:40:28.560] [main/DEBUG] [mixin/]: Mixing BlockMixin from create.mixins.json into net.minecraft.world.level.block.Block
[30Sep2026 22:40:28.564] [main/DEBUG] [mixin/]: Mixing entity.entity_kicking.BlockMixin from sable.mixins.json into net.minecraft.world.level.block.Block
[30Sep2026 22:40:28.565] [main/DEBUG] [mixin/]: Renaming synthetic method lambda$sable$popResourceFromFace$0(Lnet/minecraft/world/level/Level;DDDLnet/minecraft/world/item/ItemStack;Ldev/ryanhcode/sable/sublevel/SubLevel;)Lnet/minecraft/world/entity/item/ItemEntity; to mded67c0$sable$lambda$sable$popResourceFromFace$0$0 in sable.mixins.json:entity.entity_kicking.BlockMixin from mod sable
[30Sep2026 22:40:28.577] [main/DEBUG] [mixin/]: Mixing entity.entity_rotations_and_riding.BlockMixin from sable.mixins.json into net.minecraft.world.level.block.Block
[30Sep2026 22:40:28.626] [main/DEBUG] [mixin/]: sable.mixins.json:entity.entity_kicking.BlockMixin from mod sable->@Inject::sable$popResourceFromFace(Lnet/minecraft/world/level/Level;Lnet/minecraft/core/BlockPos;Lnet/minecraft/world/item/ItemStack;Lorg/spongepowered/asm/mixin/injection/callback/CallbackInfo;)V does use it's CallbackInfo
[30Sep2026 22:40:28.645] [main/DEBUG] [mixin/]: Mixing accessor.BlockBehaviourAccessor from create.mixins.json into net.minecraft.world.level.block.state.BlockBehaviour
[30Sep2026 22:40:28.645] [main/DEBUG] [mixin/]: Mixing accessor.BlockBehaviourAccessor from simulated.mixins.json into net.minecraft.world.level.block.state.BlockBehaviour
[30Sep2026 22:40:28.666] [main/DEBUG] [mixin/]: Mixing entity.entity_rotations_and_riding.EntityTypeMixin from sable.mixins.json into net.minecraft.world.entity.EntityType
[30Sep2026 22:40:28.671] [main/DEBUG] [mixin/]: sable.mixins.json:entity.entity_rotations_and_riding.EntityTypeMixin from mod sable->@Inject::sable$startRidingEntity(Lnet/minecraft/nbt/CompoundTag;Lnet/minecraft/world/level/Level;Ljava/util/function/Function;Lnet/minecraft/world/entity/Entity;Lorg/spongepowered/asm/mixin/injection/callback/CallbackInfoReturnable;)V doesn't use it's CallbackInfoReturnable
[30Sep2026 22:40:28.693] [main/DEBUG] [mixin/]: Mixing punching.ItemInvoker from sable.mixins.json into net.minecraft.world.item.Item
[30Sep2026 22:40:28.694] [main/DEBUG] [mixin/]: Renaming @Invoker method sable$getPlayerPOVHitResult(Lnet/minecraft/world/level/Level;Lnet/minecraft/world/entity/player/Player;Lnet/minecraft/world/level/ClipContext$Fluid;)Lnet/minecraft/world/phys/BlockHitResult; to getPlayerPOVHitResult$sable_$md$ed67c0$0 in sable.mixins.json:punching.ItemInvoker from mod sable
[30Sep2026 22:40:28.707] [main/DEBUG] [mixin/]: Mixing PlayerEntityMixin from vc_gliders-common.mixins.json into net.minecraft.world.entity.player.Player
[30Sep2026 22:40:28.708] [main/DEBUG] [mixin/]: vc_gliders-common.mixins.json:PlayerEntityMixin from mod vc_gliders: Class version 65 required is higher than the class version supported by the current version of Mixin (JAVA_17 supports class version 61)
[30Sep2026 22:40:28.713] [main/DEBUG] [mixin/]: Mixing entity.entity_rotations_and_riding.PlayerMixin from sable.mixins.json into net.minecraft.world.entity.player.Player
[30Sep2026 22:40:28.721] [main/DEBUG] [mixin/]: Mixing entity.entity_sublevel_collision.PlayerMixin from sable.mixins.json into net.minecraft.world.entity.player.Player
[30Sep2026 22:40:28.745] [main/DEBUG] [mixin/]: Mixing interaction_distance.PlayerMixin from sable.mixins.json into net.minecraft.world.entity.player.Player
[30Sep2026 22:40:28.748] [main/DEBUG] [mixin/]: Mixing player_freezing.PlayerMixin from sable.mixins.json into net.minecraft.world.entity.player.Player
[30Sep2026 22:40:28.763] [main/DEBUG] [mixin/]: Mixing player.PlayerMixin from simulated.mixins.json into net.minecraft.world.entity.player.Player
[30Sep2026 22:40:28.766] [main/DEBUG] [mixin/]: Mixing PlayerMixin from create.mixins.json into net.minecraft.world.entity.player.Player
[30Sep2026 22:40:28.791] [main/DEBUG] [mixin/]: vc_gliders-common.mixins.json:PlayerEntityMixin from mod vc_gliders->@Inject::tick(Lorg/spongepowered/asm/mixin/injection/callback/CallbackInfo;)V doesn't use it's CallbackInfo
[30Sep2026 22:40:28.791] [main/DEBUG] [mixin/]: vc_gliders-common.mixins.json:PlayerEntityMixin from mod vc_gliders->@Inject::tick(Lorg/spongepowered/asm/mixin/injection/callback/CallbackInfo;)V has 0 override(s) in child classes
[30Sep2026 22:40:28.791] [main/DEBUG] [mixin/]: vc_gliders-common.mixins.json:PlayerEntityMixin from mod vc_gliders->@Inject::tick(Lorg/spongepowered/asm/mixin/injection/callback/CallbackInfo;)V won't be passed a CallbackInfo as a result
[30Sep2026 22:40:28.791] [main/DEBUG] [mixin/]: vc_gliders-common.mixins.json:PlayerEntityMixin from mod vc_gliders->@Inject::livingEntityAttack(Lorg/spongepowered/asm/mixin/injection/callback/CallbackInfo;)V does use it's CallbackInfo
[30Sep2026 22:40:28.791] [main/DEBUG] [mixin/]: vc_gliders-common.mixins.json:PlayerEntityMixin from mod vc_gliders->@Inject::livingEntityHurt(Lnet/minecraft/world/damagesource/DamageSource;FLorg/spongepowered/asm/mixin/injection/callback/CallbackInfoReturnable;)V does use it's CallbackInfoReturnable
[30Sep2026 22:40:28.792] [main/DEBUG] [mixin/]: sable.mixins.json:entity.entity_rotations_and_riding.PlayerMixin from mod sable->@Inject::sable$storeUpDeltaMovement(Lnet/minecraft/world/phys/Vec3;Lorg/spongepowered/asm/mixin/injection/callback/CallbackInfo;)V doesn't use it's CallbackInfo
[30Sep2026 22:40:28.792] [main/DEBUG] [mixin/]: sable.mixins.json:entity.entity_rotations_and_riding.PlayerMixin from mod sable->@Inject::sable$storeUpDeltaMovement(Lnet/minecraft/world/phys/Vec3;Lorg/spongepowered/asm/mixin/injection/callback/CallbackInfo;)V has 0 override(s) in child classes
[30Sep2026 22:40:28.792] [main/DEBUG] [mixin/]: sable.mixins.json:entity.entity_rotations_and_riding.PlayerMixin from mod sable->@Inject::sable$storeUpDeltaMovement(Lnet/minecraft/world/phys/Vec3;Lorg/spongepowered/asm/mixin/injection/callback/CallbackInfo;)V won't be passed a CallbackInfo as a result
[30Sep2026 22:40:28.795] [main/DEBUG] [mixin/]: sable.mixins.json:entity.entity_sublevel_collision.PlayerMixin from mod sable->@Inject::sable$maybeBackOffFromEdge(Lnet/minecraft/world/phys/Vec3;Lnet/minecraft/world/entity/MoverType;Lorg/spongepowered/asm/mixin/injection/callback/CallbackInfoReturnable;)V does use it's CallbackInfoReturnable
[30Sep2026 22:40:28.796] [main/DEBUG] [mixin/]: sable.mixins.json:interaction_distance.PlayerMixin from mod sable->@Inject::sable$canInteractWithBlock(Lnet/minecraft/core/BlockPos;DLorg/spongepowered/asm/mixin/injection/callback/CallbackInfoReturnable;)V does use it's CallbackInfoReturnable
[30Sep2026 22:40:28.796] [main/DEBUG] [mixin/]: sable.mixins.json:interaction_distance.PlayerMixin from mod sable->@Inject::sable$canInteractWithEntity(Lnet/minecraft/world/phys/AABB;DLorg/spongepowered/asm/mixin/injection/callback/CallbackInfoReturnable;)V does use it's CallbackInfoReturnable
[30Sep2026 22:40:28.796] [main/DEBUG] [mixin/]: sable.mixins.json:player_freezing.PlayerMixin from mod sable->@Inject::sable$preFrozenTick(Lorg/spongepowered/asm/mixin/injection/callback/CallbackInfo;)V doesn't use it's CallbackInfo
[30Sep2026 22:40:28.796] [main/DEBUG] [mixin/]: sable.mixins.json:player_freezing.PlayerMixin from mod sable->@Inject::sable$preFrozenTick(Lorg/spongepowered/asm/mixin/injection/callback/CallbackInfo;)V has 0 override(s) in child classes
[30Sep2026 22:40:28.796] [main/DEBUG] [mixin/]: sable.mixins.json:player_freezing.PlayerMixin from mod sable->@Inject::sable$preFrozenTick(Lorg/spongepowered/asm/mixin/injection/callback/CallbackInfo;)V won't be passed a CallbackInfo as a result
[30Sep2026 22:40:28.853] [main/DEBUG] [mixin/]: Mixing CustomItemUseEffectsMixin from create.mixins.json into net.minecraft.world.entity.LivingEntity
[30Sep2026 22:40:28.856] [main/DEBUG] [mixin/]: Mixing LavaSwimmingMixin from create.mixins.json into net.minecraft.world.entity.LivingEntity
[30Sep2026 22:40:28.860] [main/DEBUG] [mixin/]: Mixing accessor.LivingEntityAccessor from create.mixins.json into net.minecraft.world.entity.LivingEntity
[30Sep2026 22:40:28.860] [main/DEBUG] [mixin/]: Mixing climbing_sub_levels.LivingEntityMixin from sable.mixins.json into net.minecraft.world.entity.LivingEntity
[30Sep2026 22:40:28.865] [main/DEBUG] [mixin/]: Mixing entity.entities_stick_sublevels.LivingEntityMixin from sable.mixins.json into net.minecraft.world.entity.LivingEntity
[30Sep2026 22:40:28.876] [main/DEBUG] [mixin/]: Mixing entity.entities_stick_sublevels.effects.LivingEntityMixin from sable.mixins.json into net.minecraft.world.entity.LivingEntity
[30Sep2026 22:40:28.877] [main/DEBUG] [mixin/]: Mixing entity.entity_rotations_and_riding.LivingEntityMixin from sable.mixins.json into net.minecraft.world.entity.LivingEntity
[30Sep2026 22:40:28.882] [main/DEBUG] [mixin/]: Mixing entity.entity_sublevel_collision.LivingEntityMixin from sable.mixins.json into net.minecraft.world.entity.LivingEntity
[30Sep2026 22:40:28.896] [main/DEBUG] [mixin/]: Mixing respawn_point.sleeping.LivingEntityMixin from sable.mixins.json into net.minecraft.world.entity.LivingEntity
[30Sep2026 22:40:28.898] [main/DEBUG] [mixin/]: Mixing entities_stick_sublevels.effects.LivingEntityMixin from sable-neoforge.mixins.json into net.minecraft.world.entity.LivingEntity
[30Sep2026 22:40:28.933] [main/DEBUG] [mixin/]: create.mixins.json:CustomItemUseEffectsMixin from mod create->@Inject::create$onShouldTriggerUseEffects(Lorg/spongepowered/asm/mixin/injection/callback/CallbackInfoReturnable;)V does use it's CallbackInfoReturnable
[30Sep2026 22:40:28.933] [main/DEBUG] [mixin/]: create.mixins.json:CustomItemUseEffectsMixin from mod create->@Inject::create$onTriggerUseEffects(Lnet/minecraft/world/item/ItemStack;ILorg/spongepowered/asm/mixin/injection/callback/CallbackInfo;)V does use it's CallbackInfo
[30Sep2026 22:40:28.934] [main/DEBUG] [mixin/]: create.mixins.json:LavaSwimmingMixin from mod create->@Inject::create$onLavaTravel(Lnet/minecraft/world/phys/Vec3;Lorg/spongepowered/asm/mixin/injection/callback/CallbackInfo;)V doesn't use it's CallbackInfo
[30Sep2026 22:40:28.934] [main/DEBUG] [mixin/]: create.mixins.json:LavaSwimmingMixin from mod create->@Inject::create$onLavaTravel(Lnet/minecraft/world/phys/Vec3;Lorg/spongepowered/asm/mixin/injection/callback/CallbackInfo;)V has 0 override(s) in child classes
[30Sep2026 22:40:28.934] [main/DEBUG] [mixin/]: create.mixins.json:LavaSwimmingMixin from mod create->@Inject::create$onLavaTravel(Lnet/minecraft/world/phys/Vec3;Lorg/spongepowered/asm/mixin/injection/callback/CallbackInfo;)V won't be passed a CallbackInfo as a result
[30Sep2026 22:40:28.934] [main/DEBUG] [mixin/]: sable.mixins.json:entity.entities_stick_sublevels.LivingEntityMixin from mod sable->@Inject::sable$updateRotLerp(Lorg/spongepowered/asm/mixin/injection/callback/CallbackInfo;)V doesn't use it's CallbackInfo
[30Sep2026 22:40:28.934] [main/DEBUG] [mixin/]: sable.mixins.json:entity.entities_stick_sublevels.LivingEntityMixin from mod sable->@Inject::sable$updateRotLerp(Lorg/spongepowered/asm/mixin/injection/callback/CallbackInfo;)V has 0 override(s) in child classes
[30Sep2026 22:40:28.934] [main/DEBUG] [mixin/]: sable.mixins.json:entity.entities_stick_sublevels.LivingEntityMixin from mod sable->@Inject::sable$updateRotLerp(Lorg/spongepowered/asm/mixin/injection/callback/CallbackInfo;)V won't be passed a CallbackInfo as a result
[30Sep2026 22:40:28.934] [main/DEBUG] [mixin/]: sable.mixins.json:entity.entities_stick_sublevels.LivingEntityMixin from mod sable->@Inject::sable$updatePlotPosition(Lorg/spongepowered/asm/mixin/injection/callback/CallbackInfo;)V doesn't use it's CallbackInfo
[30Sep2026 22:40:28.934] [main/DEBUG] [mixin/]: sable.mixins.json:entity.entities_stick_sublevels.LivingEntityMixin from mod sable->@Inject::sable$updatePlotPosition(Lorg/spongepowered/asm/mixin/injection/callback/CallbackInfo;)V has 0 override(s) in child classes
[30Sep2026 22:40:28.934] [main/DEBUG] [mixin/]: sable.mixins.json:entity.entities_stick_sublevels.LivingEntityMixin from mod sable->@Inject::sable$updatePlotPosition(Lorg/spongepowered/asm/mixin/injection/callback/CallbackInfo;)V won't be passed a CallbackInfo as a result
[30Sep2026 22:40:28.935] [main/DEBUG] [mixin/]: sable.mixins.json:entity.entities_stick_sublevels.LivingEntityMixin from mod sable->@Inject::sable$recreateFromPacket(Lnet/minecraft/network/protocol/game/ClientboundAddEntityPacket;Lorg/spongepowered/asm/mixin/injection/callback/CallbackInfo;)V doesn't use it's CallbackInfo
[30Sep2026 22:40:28.935] [main/DEBUG] [mixin/]: sable.mixins.json:entity.entities_stick_sublevels.LivingEntityMixin from mod sable->@Inject::sable$recreateFromPacket(Lnet/minecraft/network/protocol/game/ClientboundAddEntityPacket;Lorg/spongepowered/asm/mixin/injection/callback/CallbackInfo;)V has 0 override(s) in child classes
[30Sep2026 22:40:28.935] [main/DEBUG] [mixin/]: sable.mixins.json:entity.entities_stick_sublevels.LivingEntityMixin from mod sable->@Inject::sable$recreateFromPacket(Lnet/minecraft/network/protocol/game/ClientboundAddEntityPacket;Lorg/spongepowered/asm/mixin/injection/callback/CallbackInfo;)V won't be passed a CallbackInfo as a result
[30Sep2026 22:40:28.935] [main/DEBUG] [mixin/]: sable.mixins.json:entity.entity_rotations_and_riding.LivingEntityMixin from mod sable->@Inject::sable$jumpFromGround(Lorg/spongepowered/asm/mixin/injection/callback/CallbackInfo;)V does use it's CallbackInfo
[30Sep2026 22:40:28.935] [main/DEBUG] [mixin/]: sable.mixins.json:entity.entity_sublevel_collision.LivingEntityMixin from mod sable->@Inject::sable$beforeAnimation(Lnet/minecraft/world/phys/Vec3;Lorg/spongepowered/asm/mixin/injection/callback/CallbackInfo;)V doesn't use it's CallbackInfo
[30Sep2026 22:40:28.935] [main/DEBUG] [mixin/]: sable.mixins.json:entity.entity_sublevel_collision.LivingEntityMixin from mod sable->@Inject::sable$beforeAnimation(Lnet/minecraft/world/phys/Vec3;Lorg/spongepowered/asm/mixin/injection/callback/CallbackInfo;)V has 0 override(s) in child classes
[30Sep2026 22:40:28.935] [main/DEBUG] [mixin/]: sable.mixins.json:entity.entity_sublevel_collision.LivingEntityMixin from mod sable->@Inject::sable$beforeAnimation(Lnet/minecraft/world/phys/Vec3;Lorg/spongepowered/asm/mixin/injection/callback/CallbackInfo;)V won't be passed a CallbackInfo as a result
[30Sep2026 22:40:28.936] [main/DEBUG] [mixin/]: sable-neoforge.mixins.json:entities_stick_sublevels.effects.LivingEntityMixin from mod sable->@Inject::playBlockFallSound(Lorg/spongepowered/asm/mixin/injection/callback/CallbackInfo;)V doesn't use it's CallbackInfo
[30Sep2026 22:40:28.936] [main/DEBUG] [mixin/]: sable-neoforge.mixins.json:entities_stick_sublevels.effects.LivingEntityMixin from mod sable->@Inject::playBlockFallSound(Lorg/spongepowered/asm/mixin/injection/callback/CallbackInfo;)V has 0 override(s) in child classes
[30Sep2026 22:40:28.936] [main/DEBUG] [mixin/]: sable-neoforge.mixins.json:entities_stick_sublevels.effects.LivingEntityMixin from mod sable->@Inject::playBlockFallSound(Lorg/spongepowered/asm/mixin/injection/callback/CallbackInfo;)V won't be passed a CallbackInfo as a result
[30Sep2026 22:40:29.003] [main/DEBUG] [mixin/]: Mixing entity.entity_swimming.EntityMixin from sable-neoforge.mixins.json into net.minecraft.world.entity.Entity
[30Sep2026 22:40:29.004] [main/DEBUG] [mixin/]: Renaming synthetic method lambda$updateFluidHeightAndDoFluidPushing$2(Lnet/neoforged/neoforge/fluids/FluidType;Ldev/ryanhcode/sable/neoforge/mixinhelper/entity/SableInterimCalculation;)V to mded67c0$sable$lambda$updateFluidHeightAndDoFluidPushing$2$0 in sable-neoforge.mixins.json:entity.entity_swimming.EntityMixin from mod sable
[30Sep2026 22:40:29.004] [main/DEBUG] [mixin/]: Renaming synthetic method lambda$updateFluidHeightAndDoFluidPushing$1(Ljava/lang/Object;)Ldev/ryanhcode/sable/neoforge/mixinhelper/entity/SableInterimCalculation; to mded67c0$sable$lambda$updateFluidHeightAndDoFluidPushing$1$1 in sable-neoforge.mixins.json:entity.entity_swimming.EntityMixin from mod sable
[30Sep2026 22:40:29.004] [main/DEBUG] [mixin/]: Renaming synthetic method lambda$updateFluidHeightAndDoFluidPushing$0(Ljava/lang/Object;)Ldev/ryanhcode/sable/neoforge/mixinhelper/entity/SableInterimCalculation; to mded67c0$sable$lambda$updateFluidHeightAndDoFluidPushing$0$2 in sable-neoforge.mixins.json:entity.entity_swimming.EntityMixin from mod sable
[30Sep2026 22:40:29.031] [main/DEBUG] [mixin/]: Mixing EntityAccess from wthit.mixins.json into net.minecraft.world.entity.Entity
[30Sep2026 22:40:29.031] [main/DEBUG] [mixin/]: wthit.mixins.json:EntityAccess from mod wthit: Class version 65 required is higher than the class version supported by the current version of Mixin (JAVA_16 supports class version 60)
[30Sep2026 22:40:29.031] [main/DEBUG] [mixin/]: Mixing accessor.EntityAccessor from ponder-common.mixins.json into net.minecraft.world.entity.Entity
[30Sep2026 22:40:29.031] [main/DEBUG] [mixin/]: ponder-common.mixins.json:accessor.EntityAccessor from mod ponder: Class version 65 required is higher than the class version supported by the current version of Mixin (JAVA_17 supports class version 61)
[30Sep2026 22:40:29.033] [main/DEBUG] [mixin/]: Mixing clip_overwrite.EntityMixin from sable.mixins.json into net.minecraft.world.entity.Entity
[30Sep2026 22:40:29.033] [main/DEBUG] [mixin/]: Mixing death_message.EntityMixin from sable.mixins.json into net.minecraft.world.entity.Entity
[30Sep2026 22:40:29.033] [main/DEBUG] [mixin/]: Mixing entity.entities_in_blocks.EntityMixin from sable.mixins.json into net.minecraft.world.entity.Entity
[30Sep2026 22:40:29.038] [main/DEBUG] [mixin/]: Mixing entity.entities_stick_sublevels.EntityMixin from sable.mixins.json into net.minecraft.world.entity.Entity
[30Sep2026 22:40:29.041] [main/DEBUG] [mixin/]: Mixing entity.entities_stick_sublevels.effects.EntityMixin from sable.mixins.json into net.minecraft.world.entity.Entity
[30Sep2026 22:40:29.047] [main/DEBUG] [mixin/]: Mixing entity.entity_collision.EntityMixin from sable.mixins.json into net.minecraft.world.entity.Entity
[30Sep2026 22:40:29.048] [main/DEBUG] [mixin/]: Mixing entity.entity_rotations_and_riding.EntityMixin from sable.mixins.json into net.minecraft.world.entity.Entity
[30Sep2026 22:40:29.054] [main/DEBUG] [mixin/]: Mixing extension.EntityMixin from sable.mixins.json into net.minecraft.world.entity.Entity
[30Sep2026 22:40:29.055] [main/DEBUG] [mixin/]: Mixing interaction_distance.EntityMixin from sable.mixins.json into net.minecraft.world.entity.Entity
[30Sep2026 22:40:29.056] [main/DEBUG] [mixin/]: Mixing portal.EntityMixin from sable.mixins.json into net.minecraft.world.entity.Entity
[30Sep2026 22:40:29.058] [main/DEBUG] [mixin/]: Mixing tracking_points.EntityMixin from sable.mixins.json into net.minecraft.world.entity.Entity
[30Sep2026 22:40:29.059] [main/DEBUG] [mixin/]: Mixing water_occlusion.EntityMixin from sable.mixins.json into net.minecraft.world.entity.Entity
[30Sep2026 22:40:29.061] [main/DEBUG] [mixin/]: Mixing EntityMixin from musketmod.mixins.json into net.minecraft.world.entity.Entity
[30Sep2026 22:40:29.073] [main/DEBUG] [mixin/]: Mixing spring_item_bounce.EntityMixin from simulated.mixins.json into net.minecraft.world.entity.Entity
[30Sep2026 22:40:29.079] [main/DEBUG] [mixin/]: Mixing server.MixinLevelTicks from DistantHorizons.neoforge.mixins.json into net.minecraft.world.entity.Entity
[30Sep2026 22:40:29.079] [main/DEBUG] [mixin/]: Mixing entity.entity_sublevel_collision.EntityMixin from sable.mixins.json into net.minecraft.world.entity.Entity
[30Sep2026 22:40:29.089] [main/DEBUG] [mixin/]: Mixing EntityMixin from create.mixins.json into net.minecraft.world.entity.Entity
[30Sep2026 22:40:29.140] [main/DEBUG] [mixin/]: sable-neoforge.mixins.json:entity.entity_swimming.EntityMixin from mod sable->@Inject::sable$subLevelFluidOnEyes(Lorg/spongepowered/asm/mixin/injection/callback/CallbackInfo;)V doesn't use it's CallbackInfo
[30Sep2026 22:40:29.140] [main/DEBUG] [mixin/]: sable-neoforge.mixins.json:entity.entity_swimming.EntityMixin from mod sable->@Inject::sable$subLevelFluidOnEyes(Lorg/spongepowered/asm/mixin/injection/callback/CallbackInfo;)V has 0 override(s) in child classes
[30Sep2026 22:40:29.141] [main/DEBUG] [mixin/]: sable-neoforge.mixins.json:entity.entity_swimming.EntityMixin from mod sable->@Inject::sable$subLevelFluidOnEyes(Lorg/spongepowered/asm/mixin/injection/callback/CallbackInfo;)V won't be passed a CallbackInfo as a result
[30Sep2026 22:40:29.141] [main/DEBUG] [mixin/]: sable.mixins.json:death_message.EntityMixin from mod sable->@Inject::sable$updateLastSubLevelId(Lorg/spongepowered/asm/mixin/injection/callback/CallbackInfo;)V doesn't use it's CallbackInfo
[30Sep2026 22:40:29.141] [main/DEBUG] [mixin/]: sable.mixins.json:death_message.EntityMixin from mod sable->@Inject::sable$updateLastSubLevelId(Lorg/spongepowered/asm/mixin/injection/callback/CallbackInfo;)V has 0 override(s) in child classes
[30Sep2026 22:40:29.141] [main/DEBUG] [mixin/]: sable.mixins.json:death_message.EntityMixin from mod sable->@Inject::sable$updateLastSubLevelId(Lorg/spongepowered/asm/mixin/injection/callback/CallbackInfo;)V won't be passed a CallbackInfo as a result
[30Sep2026 22:40:29.141] [main/DEBUG] [mixin/]: sable.mixins.json:entity.entities_in_blocks.EntityMixin from mod sable->@Inject::checkInsideBlocks(Lorg/spongepowered/asm/mixin/injection/callback/CallbackInfo;)V doesn't use it's CallbackInfo
[30Sep2026 22:40:29.141] [main/DEBUG] [mixin/]: sable.mixins.json:entity.entities_in_blocks.EntityMixin from mod sable->@Inject::checkInsideBlocks(Lorg/spongepowered/asm/mixin/injection/callback/CallbackInfo;)V has 0 override(s) in child classes
[30Sep2026 22:40:29.141] [main/DEBUG] [mixin/]: sable.mixins.json:entity.entities_in_blocks.EntityMixin from mod sable->@Inject::checkInsideBlocks(Lorg/spongepowered/asm/mixin/injection/callback/CallbackInfo;)V won't be passed a CallbackInfo as a result
[30Sep2026 22:40:29.141] [main/DEBUG] [mixin/]: sable.mixins.json:entity.entities_stick_sublevels.EntityMixin from mod sable->@Inject::sable$updateSubLevelPosition(Lorg/spongepowered/asm/mixin/injection/callback/CallbackInfo;)V doesn't use it's CallbackInfo
[30Sep2026 22:40:29.141] [main/DEBUG] [mixin/]: sable.mixins.json:entity.entities_stick_sublevels.EntityMixin from mod sable->@Inject::sable$updateSubLevelPosition(Lorg/spongepowered/asm/mixin/injection/callback/CallbackInfo;)V has 0 override(s) in child classes
[30Sep2026 22:40:29.141] [main/DEBUG] [mixin/]: sable.mixins.json:entity.entities_stick_sublevels.EntityMixin from mod sable->@Inject::sable$updateSubLevelPosition(Lorg/spongepowered/asm/mixin/injection/callback/CallbackInfo;)V won't be passed a CallbackInfo as a result
[30Sep2026 22:40:29.141] [main/DEBUG] [mixin/]: sable.mixins.json:entity.entities_stick_sublevels.EntityMixin from mod sable->@Inject::sable$recreateFromPacket(Lnet/minecraft/network/protocol/game/ClientboundAddEntityPacket;Lorg/spongepowered/asm/mixin/injection/callback/CallbackInfo;)V doesn't use it's CallbackInfo
[30Sep2026 22:40:29.141] [main/DEBUG] [mixin/]: sable.mixins.json:entity.entities_stick_sublevels.EntityMixin from mod sable->@Inject::sable$recreateFromPacket(Lnet/minecraft/network/protocol/game/ClientboundAddEntityPacket;Lorg/spongepowered/asm/mixin/injection/callback/CallbackInfo;)V has 0 override(s) in child classes
[30Sep2026 22:40:29.141] [main/DEBUG] [mixin/]: sable.mixins.json:entity.entities_stick_sublevels.EntityMixin from mod sable->@Inject::sable$recreateFromPacket(Lnet/minecraft/network/protocol/game/ClientboundAddEntityPacket;Lorg/spongepowered/asm/mixin/injection/callback/CallbackInfo;)V won't be passed a CallbackInfo as a result
[30Sep2026 22:40:29.141] [main/DEBUG] [mixin/]: sable.mixins.json:entity.entities_stick_sublevels.effects.EntityMixin from mod sable->@Inject::sable$spawnSprintParticle(Lorg/spongepowered/asm/mixin/injection/callback/CallbackInfo;)V doesn't use it's CallbackInfo
[30Sep2026 22:40:29.141] [main/DEBUG] [mixin/]: sable.mixins.json:entity.entities_stick_sublevels.effects.EntityMixin from mod sable->@Inject::sable$spawnSprintParticle(Lorg/spongepowered/asm/mixin/injection/callback/CallbackInfo;)V has 0 override(s) in child classes
[30Sep2026 22:40:29.141] [main/DEBUG] [mixin/]: sable.mixins.json:entity.entities_stick_sublevels.effects.EntityMixin from mod sable->@Inject::sable$spawnSprintParticle(Lorg/spongepowered/asm/mixin/injection/callback/CallbackInfo;)V won't be passed a CallbackInfo as a result
[30Sep2026 22:40:29.141] [main/DEBUG] [mixin/]: sable.mixins.json:entity.entities_stick_sublevels.effects.EntityMixin from mod sable->@Inject::sable$preGetOnPos(FLorg/spongepowered/asm/mixin/injection/callback/CallbackInfoReturnable;)V does use it's CallbackInfoReturnable
[30Sep2026 22:40:29.141] [main/DEBUG] [mixin/]: sable.mixins.json:entity.entity_rotations_and_riding.EntityMixin from mod sable->@Inject::moveRelative(FLnet/minecraft/world/phys/Vec3;Lorg/spongepowered/asm/mixin/injection/callback/CallbackInfo;)V does use it's CallbackInfo
[30Sep2026 22:40:29.141] [main/DEBUG] [mixin/]: sable.mixins.json:entity.entity_rotations_and_riding.EntityMixin from mod sable->@Inject::sable$onRidingTick(Lorg/spongepowered/asm/mixin/injection/callback/CallbackInfo;)V doesn't use it's CallbackInfo
[30Sep2026 22:40:29.141] [main/DEBUG] [mixin/]: sable.mixins.json:entity.entity_rotations_and_riding.EntityMixin from mod sable->@Inject::sable$onRidingTick(Lorg/spongepowered/asm/mixin/injection/callback/CallbackInfo;)V has 0 override(s) in child classes
[30Sep2026 22:40:29.141] [main/DEBUG] [mixin/]: sable.mixins.json:entity.entity_rotations_and_riding.EntityMixin from mod sable->@Inject::sable$onRidingTick(Lorg/spongepowered/asm/mixin/injection/callback/CallbackInfo;)V won't be passed a CallbackInfo as a result
[30Sep2026 22:40:29.141] [main/DEBUG] [mixin/]: sable.mixins.json:entity.entity_rotations_and_riding.EntityMixin from mod sable->@Inject::sable$onPositionRider(Lnet/minecraft/world/entity/Entity;Lorg/spongepowered/asm/mixin/injection/callback/CallbackInfo;)V doesn't use it's CallbackInfo
[30Sep2026 22:40:29.141] [main/DEBUG] [mixin/]: sable.mixins.json:entity.entity_rotations_and_riding.EntityMixin from mod sable->@Inject::sable$onPositionRider(Lnet/minecraft/world/entity/Entity;Lorg/spongepowered/asm/mixin/injection/callback/CallbackInfo;)V has 0 override(s) in child classes
[30Sep2026 22:40:29.141] [main/DEBUG] [mixin/]: sable.mixins.json:entity.entity_rotations_and_riding.EntityMixin from mod sable->@Inject::sable$onPositionRider(Lnet/minecraft/world/entity/Entity;Lorg/spongepowered/asm/mixin/injection/callback/CallbackInfo;)V won't be passed a CallbackInfo as a result
[30Sep2026 22:40:29.141] [main/DEBUG] [mixin/]: sable.mixins.json:tracking_points.EntityMixin from mod sable->@Inject::sable$load(Lnet/minecraft/nbt/CompoundTag;Lorg/spongepowered/asm/mixin/injection/callback/CallbackInfo;)V doesn't use it's CallbackInfo
[30Sep2026 22:40:29.141] [main/DEBUG] [mixin/]: sable.mixins.json:tracking_points.EntityMixin from mod sable->@Inject::sable$load(Lnet/minecraft/nbt/CompoundTag;Lorg/spongepowered/asm/mixin/injection/callback/CallbackInfo;)V has 0 override(s) in child classes
[30Sep2026 22:40:29.141] [main/DEBUG] [mixin/]: sable.mixins.json:tracking_points.EntityMixin from mod sable->@Inject::sable$load(Lnet/minecraft/nbt/CompoundTag;Lorg/spongepowered/asm/mixin/injection/callback/CallbackInfo;)V won't be passed a CallbackInfo as a result
[30Sep2026 22:40:29.141] [main/DEBUG] [mixin/]: sable.mixins.json:water_occlusion.EntityMixin from mod sable->@Inject::sable$updateFluidHeightAndDoFluidPushing(Lnet/minecraft/tags/TagKey;DLorg/spongepowered/asm/mixin/injection/callback/CallbackInfoReturnable;)V does use it's CallbackInfoReturnable
[30Sep2026 22:40:29.141] [main/DEBUG] [mixin/]: musketmod.mixins.json:EntityMixin from mod musketmod->@Inject::spawnAtLocation(Lnet/minecraft/world/item/ItemStack;Lorg/spongepowered/asm/mixin/injection/callback/CallbackInfoReturnable;)V does use it's CallbackInfoReturnable
[30Sep2026 22:40:29.141] [main/DEBUG] [mixin/]: simulated.mixins.json:spring_item_bounce.EntityMixin from mod simulated->@Inject::simulated$bouncyItemAdvancement(DZLnet/minecraft/world/level/block/state/BlockState;Lnet/minecraft/core/BlockPos;Lorg/spongepowered/asm/mixin/injection/callback/CallbackInfo;)V doesn't use it's CallbackInfo
[30Sep2026 22:40:29.142] [main/DEBUG] [mixin/]: simulated.mixins.json:spring_item_bounce.EntityMixin from mod simulated->@Inject::simulated$bouncyItemAdvancement(DZLnet/minecraft/world/level/block/state/BlockState;Lnet/minecraft/core/BlockPos;Lorg/spongepowered/asm/mixin/injection/callback/CallbackInfo;)V has 0 override(s) in child classes
[30Sep2026 22:40:29.142] [main/DEBUG] [mixin/]: simulated.mixins.json:spring_item_bounce.EntityMixin from mod simulated->@Inject::simulated$bouncyItemAdvancement(DZLnet/minecraft/world/level/block/state/BlockState;Lnet/minecraft/core/BlockPos;Lorg/spongepowered/asm/mixin/injection/callback/CallbackInfo;)V won't be passed a CallbackInfo as a result
[30Sep2026 22:40:29.142] [main/DEBUG] [mixin/]: sable.mixins.json:entity.entity_sublevel_collision.EntityMixin from mod sable->@Inject::sable$moveInject(Lnet/minecraft/world/entity/MoverType;Lnet/minecraft/world/phys/Vec3;Lorg/spongepowered/asm/mixin/injection/callback/CallbackInfo;)V doesn't use it's CallbackInfo
[30Sep2026 22:40:29.142] [main/DEBUG] [mixin/]: sable.mixins.json:entity.entity_sublevel_collision.EntityMixin from mod sable->@Inject::sable$moveInject(Lnet/minecraft/world/entity/MoverType;Lnet/minecraft/world/phys/Vec3;Lorg/spongepowered/asm/mixin/injection/callback/CallbackInfo;)V has 0 override(s) in child classes
[30Sep2026 22:40:29.142] [main/DEBUG] [mixin/]: sable.mixins.json:entity.entity_sublevel_collision.EntityMixin from mod sable->@Inject::sable$moveInject(Lnet/minecraft/world/entity/MoverType;Lnet/minecraft/world/phys/Vec3;Lorg/spongepowered/asm/mixin/injection/callback/CallbackInfo;)V won't be passed a CallbackInfo as a result
[30Sep2026 22:40:29.142] [main/DEBUG] [mixin/]: sable.mixins.json:entity.entity_sublevel_collision.EntityMixin from mod sable->@Inject::sable$tickInject(Lorg/spongepowered/asm/mixin/injection/callback/CallbackInfo;)V doesn't use it's CallbackInfo
[30Sep2026 22:40:29.142] [main/DEBUG] [mixin/]: sable.mixins.json:entity.entity_sublevel_collision.EntityMixin from mod sable->@Inject::sable$tickInject(Lorg/spongepowered/asm/mixin/injection/callback/CallbackInfo;)V has 0 override(s) in child classes
[30Sep2026 22:40:29.142] [main/DEBUG] [mixin/]: sable.mixins.json:entity.entity_sublevel_collision.EntityMixin from mod sable->@Inject::sable$tickInject(Lorg/spongepowered/asm/mixin/injection/callback/CallbackInfo;)V won't be passed a CallbackInfo as a result
[30Sep2026 22:40:29.176] [main/DEBUG] [mixin/]: Mixing entity.entities_stick_sublevels.player.ServerPlayerMixin from sable.mixins.json into net.minecraft.server.level.ServerPlayer
[30Sep2026 22:40:29.178] [main/DEBUG] [mixin/]: Mixing entity.entity_rotations_and_riding.ServerPlayerMixin from sable.mixins.json into net.minecraft.server.level.ServerPlayer
[30Sep2026 22:40:29.180] [main/DEBUG] [mixin/]: Mixing entity.teleport_players.ServerPlayerMixin from sable.mixins.json into net.minecraft.server.level.ServerPlayer
[30Sep2026 22:40:29.182] [main/DEBUG] [mixin/]: Mixing player_freezing.ServerPlayerMixin from sable.mixins.json into net.minecraft.server.level.ServerPlayer
[30Sep2026 22:40:29.183] [main/DEBUG] [mixin/]: Mixing respawn_point.ServerPlayerMixin from sable.mixins.json into net.minecraft.server.level.ServerPlayer
[30Sep2026 22:40:29.189] [main/DEBUG] [mixin/]: Mixing respawn_point.sleeping.ServerPlayerMixin from sable.mixins.json into net.minecraft.server.level.ServerPlayer
[30Sep2026 22:40:29.190] [main/DEBUG] [mixin/]: Mixing tracking_points.ServerPlayerMixin from sable.mixins.json into net.minecraft.server.level.ServerPlayer
[30Sep2026 22:40:29.191] [main/DEBUG] [mixin/]: Mixing NetworkServerPlayerMixin from veil.network.mixins.json into net.minecraft.server.level.ServerPlayer
[30Sep2026 22:40:29.191] [main/DEBUG] [mixin/]: Mixing server.MixinServerPlayer from DistantHorizons.neoforge.mixins.json into net.minecraft.server.level.ServerPlayer
[30Sep2026 22:40:29.207] [main/DEBUG] [mixin/]: sable.mixins.json:entity.entities_stick_sublevels.player.ServerPlayerMixin from mod sable->@Inject::tick(Lorg/spongepowered/asm/mixin/injection/callback/CallbackInfo;)V doesn't use it's CallbackInfo
[30Sep2026 22:40:29.207] [main/DEBUG] [mixin/]: sable.mixins.json:entity.entities_stick_sublevels.player.ServerPlayerMixin from mod sable->@Inject::tick(Lorg/spongepowered/asm/mixin/injection/callback/CallbackInfo;)V has 0 override(s) in child classes
[30Sep2026 22:40:29.207] [main/DEBUG] [mixin/]: sable.mixins.json:entity.entities_stick_sublevels.player.ServerPlayerMixin from mod sable->@Inject::tick(Lorg/spongepowered/asm/mixin/injection/callback/CallbackInfo;)V won't be passed a CallbackInfo as a result
[30Sep2026 22:40:29.207] [main/DEBUG] [mixin/]: sable.mixins.json:player_freezing.ServerPlayerMixin from mod sable->@Inject::setSable$frozenToSubLevel(Lorg/spongepowered/asm/mixin/injection/callback/CallbackInfo;)V doesn't use it's CallbackInfo
[30Sep2026 22:40:29.207] [main/DEBUG] [mixin/]: sable.mixins.json:player_freezing.ServerPlayerMixin from mod sable->@Inject::setSable$frozenToSubLevel(Lorg/spongepowered/asm/mixin/injection/callback/CallbackInfo;)V has 0 override(s) in child classes
[30Sep2026 22:40:29.207] [main/DEBUG] [mixin/]: sable.mixins.json:player_freezing.ServerPlayerMixin from mod sable->@Inject::setSable$frozenToSubLevel(Lorg/spongepowered/asm/mixin/injection/callback/CallbackInfo;)V won't be passed a CallbackInfo as a result
[30Sep2026 22:40:29.207] [main/DEBUG] [mixin/]: sable.mixins.json:respawn_point.ServerPlayerMixin from mod sable->@Inject::sable$setRespawnPosition(Lnet/minecraft/resources/ResourceKey;Lnet/minecraft/core/BlockPos;FZZLorg/spongepowered/asm/mixin/injection/callback/CallbackInfo;)V does use it's CallbackInfo
[30Sep2026 22:40:29.207] [main/DEBUG] [mixin/]: sable.mixins.json:respawn_point.ServerPlayerMixin from mod sable->@Inject::sable$addRespawnPoint(Lnet/minecraft/nbt/CompoundTag;Lorg/spongepowered/asm/mixin/injection/callback/CallbackInfo;)V doesn't use it's CallbackInfo
[30Sep2026 22:40:29.207] [main/DEBUG] [mixin/]: sable.mixins.json:respawn_point.ServerPlayerMixin from mod sable->@Inject::sable$addRespawnPoint(Lnet/minecraft/nbt/CompoundTag;Lorg/spongepowered/asm/mixin/injection/callback/CallbackInfo;)V has 0 override(s) in child classes
[30Sep2026 22:40:29.207] [main/DEBUG] [mixin/]: sable.mixins.json:respawn_point.ServerPlayerMixin from mod sable->@Inject::sable$addRespawnPoint(Lnet/minecraft/nbt/CompoundTag;Lorg/spongepowered/asm/mixin/injection/callback/CallbackInfo;)V won't be passed a CallbackInfo as a result
[30Sep2026 22:40:29.207] [main/DEBUG] [mixin/]: sable.mixins.json:respawn_point.ServerPlayerMixin from mod sable->@Inject::sable$readRespawnPoint(Lnet/minecraft/nbt/CompoundTag;Lorg/spongepowered/asm/mixin/injection/callback/CallbackInfo;)V doesn't use it's CallbackInfo
[30Sep2026 22:40:29.207] [main/DEBUG] [mixin/]: sable.mixins.json:respawn_point.ServerPlayerMixin from mod sable->@Inject::sable$readRespawnPoint(Lnet/minecraft/nbt/CompoundTag;Lorg/spongepowered/asm/mixin/injection/callback/CallbackInfo;)V has 0 override(s) in child classes
[30Sep2026 22:40:29.207] [main/DEBUG] [mixin/]: sable.mixins.json:respawn_point.ServerPlayerMixin from mod sable->@Inject::sable$readRespawnPoint(Lnet/minecraft/nbt/CompoundTag;Lorg/spongepowered/asm/mixin/injection/callback/CallbackInfo;)V won't be passed a CallbackInfo as a result
[30Sep2026 22:40:29.207] [main/DEBUG] [mixin/]: sable.mixins.json:tracking_points.ServerPlayerMixin from mod sable->@Inject::addAdditionalSaveData(Lnet/minecraft/nbt/CompoundTag;Lorg/spongepowered/asm/mixin/injection/callback/CallbackInfo;)V doesn't use it's CallbackInfo
[30Sep2026 22:40:29.207] [main/DEBUG] [mixin/]: sable.mixins.json:tracking_points.ServerPlayerMixin from mod sable->@Inject::addAdditionalSaveData(Lnet/minecraft/nbt/CompoundTag;Lorg/spongepowered/asm/mixin/injection/callback/CallbackInfo;)V has 0 override(s) in child classes
[30Sep2026 22:40:29.207] [main/DEBUG] [mixin/]: sable.mixins.json:tracking_points.ServerPlayerMixin from mod sable->@Inject::addAdditionalSaveData(Lnet/minecraft/nbt/CompoundTag;Lorg/spongepowered/asm/mixin/injection/callback/CallbackInfo;)V won't be passed a CallbackInfo as a result
[30Sep2026 22:40:29.207] [main/DEBUG] [mixin/]: DistantHorizons.neoforge.mixins.json:server.MixinServerPlayer from mod distanthorizons->@Inject::changeDimension(Lnet/minecraft/world/level/portal/DimensionTransition;Lorg/spongepowered/asm/mixin/injection/callback/CallbackInfoReturnable;)V doesn't use it's CallbackInfoReturnable
[30Sep2026 22:40:29.207] [main/DEBUG] [mixin/]: DistantHorizons.neoforge.mixins.json:server.MixinServerPlayer from mod distanthorizons->@Inject::changeDimension(Lnet/minecraft/world/level/portal/DimensionTransition;Lorg/spongepowered/asm/mixin/injection/callback/CallbackInfoReturnable;)V has 0 override(s) in child classes
[30Sep2026 22:40:29.207] [main/DEBUG] [mixin/]: DistantHorizons.neoforge.mixins.json:server.MixinServerPlayer from mod distanthorizons->@Inject::changeDimension(Lnet/minecraft/world/level/portal/DimensionTransition;Lorg/spongepowered/asm/mixin/injection/callback/CallbackInfoReturnable;)V won't be passed a CallbackInfoReturnable as a result
[30Sep2026 22:40:29.207] [main/DEBUG] [mixin/]: DistantHorizons.neoforge.mixins.json:server.MixinServerPlayer from mod distanthorizons->@Inject::setServerLevel(Lnet/minecraft/server/level/ServerLevel;Lorg/spongepowered/asm/mixin/injection/callback/CallbackInfo;)V doesn't use it's CallbackInfo
[30Sep2026 22:40:29.207] [main/DEBUG] [mixin/]: DistantHorizons.neoforge.mixins.json:server.MixinServerPlayer from mod distanthorizons->@Inject::setServerLevel(Lnet/minecraft/server/level/ServerLevel;Lorg/spongepowered/asm/mixin/injection/callback/CallbackInfo;)V has 0 override(s) in child classes
[30Sep2026 22:40:29.207] [main/DEBUG] [mixin/]: DistantHorizons.neoforge.mixins.json:server.MixinServerPlayer from mod distanthorizons->@Inject::setServerLevel(Lnet/minecraft/server/level/ServerLevel;Lorg/spongepowered/asm/mixin/injection/callback/CallbackInfo;)V won't be passed a CallbackInfo as a result
[30Sep2026 22:40:29.215] [main/DEBUG] [mixin/]: Mixing compatibility.create.redstone_links.RedstoneLinkNetworkHandlerMixin from sable-neoforge.mixins.json into com.simibubi.create.content.redstone.link.RedstoneLinkNetworkHandler
[30Sep2026 22:40:29.223] [main/DEBUG] [mixin/]: Mixing GlobalRailwayManagerMixin from create_power_loader.mixins.json into com.simibubi.create.content.trains.GlobalRailwayManager
[30Sep2026 22:40:29.228] [main/DEBUG] [mixin/]: create_power_loader.mixins.json:GlobalRailwayManagerMixin from mod create_power_loader->@Inject::cpl$removeTrain(Ljava/util/UUID;Lorg/spongepowered/asm/mixin/injection/callback/CallbackInfo;)V doesn't use it's CallbackInfo
[30Sep2026 22:40:29.228] [main/DEBUG] [mixin/]: create_power_loader.mixins.json:GlobalRailwayManagerMixin from mod create_power_loader->@Inject::cpl$removeTrain(Ljava/util/UUID;Lorg/spongepowered/asm/mixin/injection/callback/CallbackInfo;)V has 0 override(s) in child classes
[30Sep2026 22:40:29.228] [main/DEBUG] [mixin/]: create_power_loader.mixins.json:GlobalRailwayManagerMixin from mod create_power_loader->@Inject::cpl$removeTrain(Ljava/util/UUID;Lorg/spongepowered/asm/mixin/injection/callback/CallbackInfo;)V won't be passed a CallbackInfo as a result
[30Sep2026 22:40:29.228] [main/DEBUG] [mixin/]: create_power_loader.mixins.json:GlobalRailwayManagerMixin from mod create_power_loader->@Inject::cpl$tick$head(Lnet/minecraft/world/level/Level;Lorg/spongepowered/asm/mixin/injection/callback/CallbackInfo;)V doesn't use it's CallbackInfo
[30Sep2026 22:40:29.228] [main/DEBUG] [mixin/]: create_power_loader.mixins.json:GlobalRailwayManagerMixin from mod create_power_loader->@Inject::cpl$tick$head(Lnet/minecraft/world/level/Level;Lorg/spongepowered/asm/mixin/injection/callback/CallbackInfo;)V has 0 override(s) in child classes
[30Sep2026 22:40:29.228] [main/DEBUG] [mixin/]: create_power_loader.mixins.json:GlobalRailwayManagerMixin from mod create_power_loader->@Inject::cpl$tick$head(Lnet/minecraft/world/level/Level;Lorg/spongepowered/asm/mixin/injection/callback/CallbackInfo;)V won't be passed a CallbackInfo as a result
[30Sep2026 22:40:29.228] [main/DEBUG] [mixin/]: create_power_loader.mixins.json:GlobalRailwayManagerMixin from mod create_power_loader->@Inject::cpl$tick$return(Lnet/minecraft/world/level/Level;Lorg/spongepowered/asm/mixin/injection/callback/CallbackInfo;)V doesn't use it's CallbackInfo
[30Sep2026 22:40:29.228] [main/DEBUG] [mixin/]: create_power_loader.mixins.json:GlobalRailwayManagerMixin from mod create_power_loader->@Inject::cpl$tick$return(Lnet/minecraft/world/level/Level;Lorg/spongepowered/asm/mixin/injection/callback/CallbackInfo;)V has 0 override(s) in child classes
[30Sep2026 22:40:29.228] [main/DEBUG] [mixin/]: create_power_loader.mixins.json:GlobalRailwayManagerMixin from mod create_power_loader->@Inject::cpl$tick$return(Lnet/minecraft/world/level/Level;Lorg/spongepowered/asm/mixin/injection/callback/CallbackInfo;)V won't be passed a CallbackInfo as a result
[30Sep2026 22:40:29.229] [main/DEBUG] [mixin/]: create_power_loader.mixins.json:GlobalRailwayManagerMixin from mod create_power_loader->@Inject::cpl$tick$return(Lnet/minecraft/world/level/Level;Lorg/spongepowered/asm/mixin/injection/callback/CallbackInfo;)V doesn't use it's CallbackInfo
[30Sep2026 22:40:29.229] [main/DEBUG] [mixin/]: create_power_loader.mixins.json:GlobalRailwayManagerMixin from mod create_power_loader->@Inject::cpl$tick$return(Lnet/minecraft/world/level/Level;Lorg/spongepowered/asm/mixin/injection/callback/CallbackInfo;)V has 0 override(s) in child classes
[30Sep2026 22:40:29.229] [main/DEBUG] [mixin/]: create_power_loader.mixins.json:GlobalRailwayManagerMixin from mod create_power_loader->@Inject::cpl$tick$return(Lnet/minecraft/world/level/Level;Lorg/spongepowered/asm/mixin/injection/callback/CallbackInfo;)V won't be passed a CallbackInfo as a result
[30Sep2026 22:40:29.253] [main/DEBUG] [io.netty.util.internal.PlatformDependent0/]: -Dio.netty.noUnsafe: false
[30Sep2026 22:40:29.253] [main/DEBUG] [io.netty.util.internal.PlatformDependent0/]: Java version: 21
[30Sep2026 22:40:29.254] [main/DEBUG] [io.netty.util.internal.PlatformDependent0/]: sun.misc.Unsafe.theUnsafe: available
[30Sep2026 22:40:29.254] [main/DEBUG] [io.netty.util.internal.PlatformDependent0/]: sun.misc.Unsafe.copyMemory: available
[30Sep2026 22:40:29.255] [main/DEBUG] [io.netty.util.internal.PlatformDependent0/]: sun.misc.Unsafe.storeFence: available
[30Sep2026 22:40:29.255] [main/DEBUG] [io.netty.util.internal.PlatformDependent0/]: java.nio.Buffer.address: available
[30Sep2026 22:40:29.256] [main/DEBUG] [io.netty.util.internal.PlatformDependent0/]: java.nio.Bits.unaligned: available, true
[30Sep2026 22:40:29.257] [main/DEBUG] [io.netty.util.internal.PlatformDependent0/]: java.nio.DirectByteBuffer.<init>(long, {int,long}): unavailable
[30Sep2026 22:40:29.257] [main/DEBUG] [io.netty.util.internal.PlatformDependent/]: sun.misc.Unsafe: available
[30Sep2026 22:40:29.258] [main/DEBUG] [io.netty.util.internal.PlatformDependent/]: maxDirectMemory: 8589934592 bytes (maybe)
[30Sep2026 22:40:29.258] [main/DEBUG] [io.netty.util.internal.PlatformDependent/]: -Dio.netty.tmpdir: C:\Users\Blaine\AppData\Local\Temp (java.io.tmpdir)
[30Sep2026 22:40:29.258] [main/DEBUG] [io.netty.util.internal.PlatformDependent/]: -Dio.netty.bitMode: 64 (sun.arch.data.model)
[30Sep2026 22:40:29.258] [main/DEBUG] [io.netty.util.internal.PlatformDependent/]: Platform: Windows
[30Sep2026 22:40:29.259] [main/DEBUG] [io.netty.util.internal.PlatformDependent/]: -Dio.netty.maxDirectMemory: -1 bytes
[30Sep2026 22:40:29.259] [main/DEBUG] [io.netty.util.internal.PlatformDependent/]: -Dio.netty.uninitializedArrayAllocationThreshold: -1
[30Sep2026 22:40:29.260] [main/DEBUG] [io.netty.util.internal.CleanerJava9/]: java.nio.ByteBuffer.cleaner(): available
[30Sep2026 22:40:29.260] [main/DEBUG] [io.netty.util.internal.PlatformDependent/]: -Dio.netty.noPreferDirect: false
[30Sep2026 22:40:29.270] [main/DEBUG] [mixin/]: Mixing accessor.StateHolderAccessor from create.mixins.json into net.minecraft.world.level.block.state.StateHolder
[30Sep2026 22:40:29.273] [main/DEBUG] [mixin/]: Mixing block_properties.BlockStateMixin from sable.mixins.json into net.minecraft.world.level.block.state.BlockState
[30Sep2026 22:40:29.282] [main/DEBUG] [mixin/]: Mixing clip_overwrite.BlockGetterMixin from sable.mixins.json into net.minecraft.world.level.BlockGetter
[30Sep2026 22:40:29.282] [main/DEBUG] [mixin/]: Renaming synthetic method lambda$originalClip$1(Lnet/minecraft/world/level/ClipContext;)Lnet/minecraft/world/phys/BlockHitResult; to mded67c0$sable$lambda$originalClip$1$0 in sable.mixins.json:clip_overwrite.BlockGetterMixin from mod sable
[30Sep2026 22:40:29.282] [main/DEBUG] [mixin/]: Renaming synthetic method lambda$originalClip$0(Lnet/minecraft/world/level/BlockGetter;Lnet/minecraft/world/level/ClipContext;Lnet/minecraft/core/BlockPos;)Lnet/minecraft/world/phys/BlockHitResult; to mded67c0$sable$lambda$originalClip$0$1 in sable.mixins.json:clip_overwrite.BlockGetterMixin from mod sable
[30Sep2026 22:40:29.300] [main/DEBUG] [mixin/]: Mixing block_placement.EntityGetterMixin from sable.mixins.json into net.minecraft.world.level.EntityGetter
[30Sep2026 22:40:29.306] [main/DEBUG] [mixin/]: Mixing plot.lighting.BlockAndTintGetterMixin from sable.mixins.json into net.minecraft.world.level.BlockAndTintGetter
[30Sep2026 22:40:29.323] [main/DEBUG] [mixin/]: Mixing entity.entity_sublevel_collision.LevelMixin from sable.mixins.json into net.minecraft.world.level.Level
[30Sep2026 22:40:29.324] [main/DEBUG] [mixin/]: Mixing world_border.LevelMixin from sable.mixins.json into net.minecraft.world.level.Level
[30Sep2026 22:40:29.324] [main/DEBUG] [mixin/]: Mixing compatibility.create.super_glue.LevelAccessor from sable-neoforge.mixins.json into net.minecraft.world.level.Level
[30Sep2026 22:40:29.327] [main/DEBUG] [mixin/]: sable.mixins.json:world_border.LevelMixin from mod sable->@Inject::sable$initializeWorldBorder(Lnet/minecraft/world/level/storage/WritableLevelData;Lnet/minecraft/resources/ResourceKey;Lnet/minecraft/core/RegistryAccess;Lnet/minecraft/core/Holder;Ljava/util/function/Supplier;ZZJILorg/spongepowered/asm/mixin/injection/callback/CallbackInfo;)V doesn't use it's CallbackInfo
[30Sep2026 22:40:29.327] [main/DEBUG] [mixin/]: sable.mixins.json:world_border.LevelMixin from mod sable->@Inject::sable$initializeWorldBorder(Lnet/minecraft/world/level/storage/WritableLevelData;Lnet/minecraft/resources/ResourceKey;Lnet/minecraft/core/RegistryAccess;Lnet/minecraft/core/Holder;Ljava/util/function/Supplier;ZZJILorg/spongepowered/asm/mixin/injection/callback/CallbackInfo;)V has 0 override(s) in child classes
[30Sep2026 22:40:29.327] [main/DEBUG] [mixin/]: sable.mixins.json:world_border.LevelMixin from mod sable->@Inject::sable$initializeWorldBorder(Lnet/minecraft/world/level/storage/WritableLevelData;Lnet/minecraft/resources/ResourceKey;Lnet/minecraft/core/RegistryAccess;Lnet/minecraft/core/Holder;Ljava/util/function/Supplier;ZZJILorg/spongepowered/asm/mixin/injection/callback/CallbackInfo;)V won't be passed a CallbackInfo as a result
[30Sep2026 22:40:29.333] [main/DEBUG] [mixin/]: Mixing accessor.ServerLevelAccessor from create.mixins.json into net.minecraft.server.level.ServerLevel
[30Sep2026 22:40:29.333] [main/DEBUG] [mixin/]: Mixing block_decal_render.ServerLevelMixin from sable.mixins.json into net.minecraft.server.level.ServerLevel
[30Sep2026 22:40:29.334] [main/DEBUG] [mixin/]: Mixing entity.entity_aabb_lookup.ServerLevelMixin from sable.mixins.json into net.minecraft.server.level.ServerLevel
[30Sep2026 22:40:29.335] [main/DEBUG] [mixin/]: Mixing entity.entity_kicking.ServerLevelMixin from sable.mixins.json into net.minecraft.server.level.ServerLevel
[30Sep2026 22:40:29.335] [main/DEBUG] [mixin/]: Mixing entity.server_entities_tick.ServerLevelMixin from sable.mixins.json into net.minecraft.server.level.ServerLevel
[30Sep2026 22:40:29.336] [main/DEBUG] [mixin/]: Mixing explosion.ServerLevelMixin from sable.mixins.json into net.minecraft.server.level.ServerLevel
[30Sep2026 22:40:29.338] [main/DEBUG] [mixin/]: Mixing particle.ServerLevelMixin from sable.mixins.json into net.minecraft.server.level.ServerLevel
[30Sep2026 22:40:29.339] [main/DEBUG] [mixin/]: Mixing physics.ServerLevelMixin from sable.mixins.json into net.minecraft.server.level.ServerLevel
[30Sep2026 22:40:29.339] [main/DEBUG] [mixin/]: Mixing plot.ServerLevelMixin from sable.mixins.json into net.minecraft.server.level.ServerLevel
[30Sep2026 22:40:29.343] [main/DEBUG] [mixin/]: Mixing plot.container.ServerLevelMixin from sable.mixins.json into net.minecraft.server.level.ServerLevel
[30Sep2026 22:40:29.344] [main/DEBUG] [mixin/]: Mixing stop_lightning.ServerLevelMixin from sable.mixins.json into net.minecraft.server.level.ServerLevel
[30Sep2026 22:40:29.346] [main/DEBUG] [mixin/]: Mixing water_occlusion.ServerLevelMixin from sable.mixins.json into net.minecraft.server.level.ServerLevel
[30Sep2026 22:40:29.347] [main/DEBUG] [mixin/]: Mixing NetworkServerLevelMixin from veil.network.mixins.json into net.minecraft.server.level.ServerLevel
[30Sep2026 22:40:29.365] [main/DEBUG] [mixin/]: sable.mixins.json:entity.entity_kicking.ServerLevelMixin from mod sable->@Inject::sable$kickEntity(Lnet/minecraft/world/entity/Entity;Lorg/spongepowered/asm/mixin/injection/callback/CallbackInfoReturnable;)V doesn't use it's CallbackInfoReturnable
[30Sep2026 22:40:29.366] [main/DEBUG] [mixin/]: sable.mixins.json:entity.entity_kicking.ServerLevelMixin from mod sable->@Inject::sable$kickEntity(Lnet/minecraft/world/entity/Entity;Lorg/spongepowered/asm/mixin/injection/callback/CallbackInfoReturnable;)V has 0 override(s) in child classes
[30Sep2026 22:40:29.366] [main/DEBUG] [mixin/]: sable.mixins.json:entity.entity_kicking.ServerLevelMixin from mod sable->@Inject::sable$kickEntity(Lnet/minecraft/world/entity/Entity;Lorg/spongepowered/asm/mixin/injection/callback/CallbackInfoReturnable;)V won't be passed a CallbackInfoReturnable as a result
[30Sep2026 22:40:29.366] [main/DEBUG] [mixin/]: sable.mixins.json:plot.ServerLevelMixin from mod sable->@Inject::sable$init(Lorg/spongepowered/asm/mixin/injection/callback/CallbackInfo;)V doesn't use it's CallbackInfo
[30Sep2026 22:40:29.366] [main/DEBUG] [mixin/]: sable.mixins.json:plot.ServerLevelMixin from mod sable->@Inject::sable$init(Lorg/spongepowered/asm/mixin/injection/callback/CallbackInfo;)V has 0 override(s) in child classes
[30Sep2026 22:40:29.366] [main/DEBUG] [mixin/]: sable.mixins.json:plot.ServerLevelMixin from mod sable->@Inject::sable$init(Lorg/spongepowered/asm/mixin/injection/callback/CallbackInfo;)V won't be passed a CallbackInfo as a result
[30Sep2026 22:40:29.366] [main/DEBUG] [mixin/]: sable.mixins.json:plot.ServerLevelMixin from mod sable->@Inject::sable$saveSubLevels(Lnet/minecraft/util/ProgressListener;ZZLorg/spongepowered/asm/mixin/injection/callback/CallbackInfo;)V doesn't use it's CallbackInfo
[30Sep2026 22:40:29.366] [main/DEBUG] [mixin/]: sable.mixins.json:plot.ServerLevelMixin from mod sable->@Inject::sable$saveSubLevels(Lnet/minecraft/util/ProgressListener;ZZLorg/spongepowered/asm/mixin/injection/callback/CallbackInfo;)V has 0 override(s) in child classes
[30Sep2026 22:40:29.366] [main/DEBUG] [mixin/]: sable.mixins.json:plot.ServerLevelMixin from mod sable->@Inject::sable$saveSubLevels(Lnet/minecraft/util/ProgressListener;ZZLorg/spongepowered/asm/mixin/injection/callback/CallbackInfo;)V won't be passed a CallbackInfo as a result
[30Sep2026 22:40:29.366] [main/DEBUG] [mixin/]: sable.mixins.json:plot.ServerLevelMixin from mod sable->@Inject::sable$tickPlotContainer(Ljava/util/function/BooleanSupplier;Lorg/spongepowered/asm/mixin/injection/callback/CallbackInfo;)V doesn't use it's CallbackInfo
[30Sep2026 22:40:29.366] [main/DEBUG] [mixin/]: sable.mixins.json:plot.ServerLevelMixin from mod sable->@Inject::sable$tickPlotContainer(Ljava/util/function/BooleanSupplier;Lorg/spongepowered/asm/mixin/injection/callback/CallbackInfo;)V has 0 override(s) in child classes
[30Sep2026 22:40:29.366] [main/DEBUG] [mixin/]: sable.mixins.json:plot.ServerLevelMixin from mod sable->@Inject::sable$tickPlotContainer(Ljava/util/function/BooleanSupplier;Lorg/spongepowered/asm/mixin/injection/callback/CallbackInfo;)V won't be passed a CallbackInfo as a result
[30Sep2026 22:40:29.366] [main/DEBUG] [mixin/]: sable.mixins.json:plot.ServerLevelMixin from mod sable->@Inject::sable$close(Lorg/spongepowered/asm/mixin/injection/callback/CallbackInfo;)V doesn't use it's CallbackInfo
[30Sep2026 22:40:29.367] [main/DEBUG] [mixin/]: sable.mixins.json:plot.ServerLevelMixin from mod sable->@Inject::sable$close(Lorg/spongepowered/asm/mixin/injection/callback/CallbackInfo;)V has 0 override(s) in child classes
[30Sep2026 22:40:29.367] [main/DEBUG] [mixin/]: sable.mixins.json:plot.ServerLevelMixin from mod sable->@Inject::sable$close(Lorg/spongepowered/asm/mixin/injection/callback/CallbackInfo;)V won't be passed a CallbackInfo as a result
[30Sep2026 22:40:29.381] [main/DEBUG] [mixin/]: Mixing item_converter.ItemEntityMixin from aeronautics.mixins.json into net.minecraft.world.entity.item.ItemEntity
[30Sep2026 22:40:29.381] [main/DEBUG] [mixin/]: aeronautics.mixins.json:item_converter.ItemEntityMixin from mod aeronautics: Class version 65 required is higher than the class version supported by the current version of Mixin (JAVA_18 supports class version 62)
[30Sep2026 22:40:29.383] [main/DEBUG] [mixin/]: Mixing levitite.ItemEntityMixin from aeronautics.mixins.json into net.minecraft.world.entity.item.ItemEntity
[30Sep2026 22:40:29.383] [main/DEBUG] [mixin/]: aeronautics.mixins.json:levitite.ItemEntityMixin from mod aeronautics: Class version 65 required is higher than the class version supported by the current version of Mixin (JAVA_18 supports class version 62)
[30Sep2026 22:40:29.385] [main/DEBUG] [mixin/]: Mixing entity.entity_sublevel_collision.ItemEntityMixin from sable.mixins.json into net.minecraft.world.entity.item.ItemEntity
[30Sep2026 22:40:29.390] [main/DEBUG] [mixin/]: aeronautics.mixins.json:item_converter.ItemEntityMixin from mod aeronautics->@Inject::aeronautics$tick(Lorg/spongepowered/asm/mixin/injection/callback/CallbackInfo;)V doesn't use it's CallbackInfo
[30Sep2026 22:40:29.390] [main/DEBUG] [mixin/]: aeronautics.mixins.json:item_converter.ItemEntityMixin from mod aeronautics->@Inject::aeronautics$tick(Lorg/spongepowered/asm/mixin/injection/callback/CallbackInfo;)V has 0 override(s) in child classes
[30Sep2026 22:40:29.390] [main/DEBUG] [mixin/]: aeronautics.mixins.json:item_converter.ItemEntityMixin from mod aeronautics->@Inject::aeronautics$tick(Lorg/spongepowered/asm/mixin/injection/callback/CallbackInfo;)V won't be passed a CallbackInfo as a result
[30Sep2026 22:40:29.390] [main/DEBUG] [mixin/]: aeronautics.mixins.json:levitite.ItemEntityMixin from mod aeronautics->@Inject::aeronautics$levitatingGravity(Lorg/spongepowered/asm/mixin/injection/callback/CallbackInfoReturnable;)V does use it's CallbackInfoReturnable
[30Sep2026 22:40:29.390] [main/DEBUG] [mixin/]: aeronautics.mixins.json:levitite.ItemEntityMixin from mod aeronautics->@Inject::aeronautics$levitatingDragAndSparkles(Lorg/spongepowered/asm/mixin/injection/callback/CallbackInfo;)V doesn't use it's CallbackInfo
[30Sep2026 22:40:29.390] [main/DEBUG] [mixin/]: aeronautics.mixins.json:levitite.ItemEntityMixin from mod aeronautics->@Inject::aeronautics$levitatingDragAndSparkles(Lorg/spongepowered/asm/mixin/injection/callback/CallbackInfo;)V has 0 override(s) in child classes
[30Sep2026 22:40:29.390] [main/DEBUG] [mixin/]: aeronautics.mixins.json:levitite.ItemEntityMixin from mod aeronautics->@Inject::aeronautics$levitatingDragAndSparkles(Lorg/spongepowered/asm/mixin/injection/callback/CallbackInfo;)V won't be passed a CallbackInfo as a result
[30Sep2026 22:40:29.450] [main/DEBUG] [mixin/]: Mixing voxel_shape_iteration.DiscreteVoxelShapeAccessor from sable.mixins.json into net.minecraft.world.phys.shapes.DiscreteVoxelShape
[30Sep2026 22:40:29.451] [main/DEBUG] [mixin/]: Mixing voxel_shape_iteration.BitSetDiscreteVoxelShapeAccessor from sable.mixins.json into net.minecraft.world.phys.shapes.BitSetDiscreteVoxelShape
[30Sep2026 22:40:29.454] [main/DEBUG] [mixin/]: Mixing voxel_shape_iteration.VoxelShapeMixin from sable.mixins.json into net.minecraft.world.phys.shapes.VoxelShape
[30Sep2026 22:40:29.665] [main/DEBUG] [mixin/]: Mixing ShearableBlocksMixin from wthit.mixins.json into net.minecraft.world.level.block.CherryLeavesBlock
[30Sep2026 22:40:29.665] [main/DEBUG] [mixin/]: wthit.mixins.json:ShearableBlocksMixin from mod wthit: Class version 65 required is higher than the class version supported by the current version of Mixin (JAVA_16 supports class version 60)
[30Sep2026 22:40:29.666] [main/DEBUG] [mixin/]: Mixing ShearableBlocksMixin from wthit.mixins.json into net.minecraft.world.level.block.LeavesBlock
[30Sep2026 22:40:29.666] [main/DEBUG] [mixin/]: wthit.mixins.json:ShearableBlocksMixin from mod wthit: Class version 65 required is higher than the class version supported by the current version of Mixin (JAVA_16 supports class version 60)
[30Sep2026 22:40:29.668] [main/DEBUG] [mixin/]: Mixing ShearableBlocksMixin from wthit.mixins.json into net.minecraft.world.level.block.MangroveLeavesBlock
[30Sep2026 22:40:29.668] [main/DEBUG] [mixin/]: wthit.mixins.json:ShearableBlocksMixin from mod wthit: Class version 65 required is higher than the class version supported by the current version of Mixin (JAVA_16 supports class version 60)
[30Sep2026 22:40:29.670] [main/DEBUG] [mixin/]: Mixing accessor.DispenserBlockAccessor from create.mixins.json into net.minecraft.world.level.block.DispenserBlock
[30Sep2026 22:40:29.680] [main/DEBUG] [mixin/]: Mixing NoteBlockAccess from wthit.mixins.json into net.minecraft.world.level.block.NoteBlock
[30Sep2026 22:40:29.680] [main/DEBUG] [mixin/]: wthit.mixins.json:NoteBlockAccess from mod wthit: Class version 65 required is higher than the class version supported by the current version of Mixin (JAVA_16 supports class version 60)
[30Sep2026 22:40:29.684] [main/DEBUG] [mixin/]: Mixing ShearableBlocksMixin from wthit.mixins.json into net.minecraft.world.level.block.WebBlock
[30Sep2026 22:40:29.684] [main/DEBUG] [mixin/]: wthit.mixins.json:ShearableBlocksMixin from mod wthit: Class version 65 required is higher than the class version supported by the current version of Mixin (JAVA_16 supports class version 60)
[30Sep2026 22:40:29.685] [main/DEBUG] [mixin/]: Mixing ShearableBlocksMixin from wthit.mixins.json into net.minecraft.world.level.block.TallGrassBlock
[30Sep2026 22:40:29.685] [main/DEBUG] [mixin/]: wthit.mixins.json:ShearableBlocksMixin from mod wthit: Class version 65 required is higher than the class version supported by the current version of Mixin (JAVA_16 supports class version 60)
[30Sep2026 22:40:29.686] [main/DEBUG] [mixin/]: Mixing ShearableBlocksMixin from wthit.mixins.json into net.minecraft.world.level.block.DeadBushBlock
[30Sep2026 22:40:29.686] [main/DEBUG] [mixin/]: wthit.mixins.json:ShearableBlocksMixin from mod wthit: Class version 65 required is higher than the class version supported by the current version of Mixin (JAVA_16 supports class version 60)
[30Sep2026 22:40:29.687] [main/DEBUG] [mixin/]: Mixing ShearableBlocksMixin from wthit.mixins.json into net.minecraft.world.level.block.SeagrassBlock
[30Sep2026 22:40:29.687] [main/DEBUG] [mixin/]: wthit.mixins.json:ShearableBlocksMixin from mod wthit: Class version 65 required is higher than the class version supported by the current version of Mixin (JAVA_16 supports class version 60)
[30Sep2026 22:40:29.692] [main/DEBUG] [mixin/]: Mixing impact.TntBlockMixin from sable.mixins.json into net.minecraft.world.level.block.TntBlock
[30Sep2026 22:40:29.694] [main/DEBUG] [mixin/]: Mixing ChiseledBookShelfBlockAccess from wthit.mixins.json into net.minecraft.world.level.block.ChiseledBookShelfBlock
[30Sep2026 22:40:29.695] [main/DEBUG] [mixin/]: wthit.mixins.json:ChiseledBookShelfBlockAccess from mod wthit: Class version 65 required is higher than the class version supported by the current version of Mixin (JAVA_16 supports class version 60)
[30Sep2026 22:40:29.701] [main/DEBUG] [mixin/]: Mixing accessor.CropBlockAccessor from create.mixins.json into net.minecraft.world.level.block.CropBlock
[30Sep2026 22:40:29.717] [main/DEBUG] [mixin/]: Mixing portal.NetherPortalBlockMixin from sable.mixins.json into net.minecraft.world.level.block.NetherPortalBlock
[30Sep2026 22:40:29.733] [main/DEBUG] [mixin/]: Mixing ShearableBlocksMixin from wthit.mixins.json into net.minecraft.world.level.block.VineBlock
[30Sep2026 22:40:29.733] [main/DEBUG] [mixin/]: wthit.mixins.json:ShearableBlocksMixin from mod wthit: Class version 65 required is higher than the class version supported by the current version of Mixin (JAVA_16 supports class version 60)
[30Sep2026 22:40:29.733] [main/DEBUG] [mixin/]: Mixing prevent_overgrowth.VineBlockMixin from sable.mixins.json into net.minecraft.world.level.block.VineBlock
[30Sep2026 22:40:29.761] [main/DEBUG] [mixin/]: Mixing torsion_spring.ComparatorBlockMixin from simulated.mixins.json into net.minecraft.world.level.block.ComparatorBlock
[30Sep2026 22:40:29.783] [main/DEBUG] [mixin/]: Mixing accessor.ConcretePowderBlockAccessor from create.mixins.json into net.minecraft.world.level.block.ConcretePowderBlock
[30Sep2026 22:40:29.801] [main/DEBUG] [mixin/]: Mixing impact.BellBlockMixin from sable.mixins.json into net.minecraft.world.level.block.BellBlock
[30Sep2026 22:40:29.813] [main/DEBUG] [mixin/]: Mixing BeehiveBlockMixin from create.mixins.json into net.minecraft.world.level.block.BeehiveBlock
[30Sep2026 22:40:29.813] [main/DEBUG] [mixin/]: Mixing impact.BeehiveBlockMixin from sable.mixins.json into net.minecraft.world.level.block.BeehiveBlock
[30Sep2026 22:40:29.924] [main/DEBUG] [mixin/]: Mixing water_occlusion.WaterFluidMixin from sable.mixins.json into net.minecraft.world.level.material.WaterFluid
[30Sep2026 22:40:29.929] [main/DEBUG] [mixin/]: Mixing WaterWheelFluidSpreadMixin from create.mixins.json into net.minecraft.world.level.material.FlowingFluid
[30Sep2026 22:40:29.934] [main/DEBUG] [mixin/]: Mixing accessor.FlowingFluidAccessor from create.mixins.json into net.minecraft.world.level.material.FlowingFluid
[30Sep2026 22:40:29.935] [main/DEBUG] [mixin/]: Mixing fluids_on_sub_levels.FlowingFluidMixin from sable.mixins.json into net.minecraft.world.level.material.FlowingFluid
[30Sep2026 22:40:29.938] [main/DEBUG] [mixin/]: create.mixins.json:WaterWheelFluidSpreadMixin from mod create->@Inject::create$canPassThroughOnWaterWheel(Lnet/minecraft/world/level/BlockGetter;Lnet/minecraft/world/level/material/Fluid;Lnet/minecraft/core/BlockPos;Lnet/minecraft/world/level/block/state/BlockState;Lnet/minecraft/core/Direction;Lnet/minecraft/core/BlockPos;Lnet/minecraft/world/level/block/state/BlockState;Lnet/minecraft/world/level/material/FluidState;Lorg/spongepowered/asm/mixin/injection/callback/CallbackInfoReturnable;)V does use it's CallbackInfoReturnable
[30Sep2026 22:40:29.938] [main/DEBUG] [mixin/]: sable.mixins.json:fluids_on_sub_levels.FlowingFluidMixin from mod sable->@Inject::sable$canSpreadTo(Lnet/minecraft/world/level/BlockGetter;Lnet/minecraft/core/BlockPos;Lnet/minecraft/world/level/block/state/BlockState;Lnet/minecraft/core/Direction;Lnet/minecraft/core/BlockPos;Lnet/minecraft/world/level/block/state/BlockState;Lnet/minecraft/world/level/material/FluidState;Lnet/minecraft/world/level/material/Fluid;Lorg/spongepowered/asm/mixin/injection/callback/CallbackInfoReturnable;)V does use it's CallbackInfoReturnable
[30Sep2026 22:40:30.008] [main/DEBUG] [mixin/]: Mixing accessor.FallingBlockEntityAccessor from create.mixins.json into net.minecraft.world.entity.item.FallingBlockEntity
[30Sep2026 22:40:30.009] [main/DEBUG] [mixin/]: Renaming @Invoker method create$callInit(Lnet/minecraft/world/level/Level;DDDLnet/minecraft/world/level/block/state/BlockState;)Lnet/minecraft/world/entity/item/FallingBlockEntity; to callInit$create_$md$ed67c0$0 in create.mixins.json:accessor.FallingBlockEntityAccessor from mod create
[30Sep2026 22:40:30.009] [main/DEBUG] [mixin/]: Mixing entity.falling_block.FallingBlockEntityMixin from sable.mixins.json into net.minecraft.world.entity.item.FallingBlockEntity
[30Sep2026 22:40:30.020] [main/DEBUG] [mixin/]: sable.mixins.json:entity.falling_block.FallingBlockEntityMixin from mod sable->@Inject::sable$beforeOnGroundCheck(Lorg/spongepowered/asm/mixin/injection/callback/CallbackInfo;)V doesn't use it's CallbackInfo
[30Sep2026 22:40:30.020] [main/DEBUG] [mixin/]: sable.mixins.json:entity.falling_block.FallingBlockEntityMixin from mod sable->@Inject::sable$beforeOnGroundCheck(Lorg/spongepowered/asm/mixin/injection/callback/CallbackInfo;)V has 0 override(s) in child classes
[30Sep2026 22:40:30.020] [main/DEBUG] [mixin/]: sable.mixins.json:entity.falling_block.FallingBlockEntityMixin from mod sable->@Inject::sable$beforeOnGroundCheck(Lorg/spongepowered/asm/mixin/injection/callback/CallbackInfo;)V won't be passed a CallbackInfo as a result
[30Sep2026 22:40:30.064] [main/DEBUG] [mixin/]: Mixing BaseContainerBlockEntityAccess from wthit.mixins.json into net.minecraft.world.level.block.entity.BaseContainerBlockEntity
[30Sep2026 22:40:30.064] [main/DEBUG] [mixin/]: wthit.mixins.json:BaseContainerBlockEntityAccess from mod wthit: Class version 65 required is higher than the class version supported by the current version of Mixin (JAVA_16 supports class version 60)
[30Sep2026 22:40:30.261] [main/DEBUG] [mixin/]: Mixing accessor.MobEffectInstanceAccessor from create.mixins.json into net.minecraft.world.effect.MobEffectInstance
[30Sep2026 22:40:30.286] [main/DEBUG] [mixin/]: Mixing MobMixin from create.mixins.json into net.minecraft.world.entity.Mob
[30Sep2026 22:40:30.287] [main/DEBUG] [mixin/]: Mixing entity.sublevels_block_sky.SubLevelsBlockSkyMixin from sable.mixins.json into net.minecraft.world.entity.Mob
[30Sep2026 22:40:30.297] [main/DEBUG] [mixin/]: Mixing entity.entity_leashing.LeashableMixin from sable.mixins.json into net.minecraft.world.entity.Leashable
[30Sep2026 22:40:30.309] [main/DEBUG] [mixin/]: Mixing entity.tnt_jumps.PrimedTntMixin from sable.mixins.json into net.minecraft.world.entity.item.PrimedTnt
[30Sep2026 22:40:30.311] [main/DEBUG] [mixin/]: sable.mixins.json:entity.tnt_jumps.PrimedTntMixin from mod sable->@Inject::sable$setTntJump(Lnet/minecraft/world/level/Level;DDDLnet/minecraft/world/entity/LivingEntity;Lorg/spongepowered/asm/mixin/injection/callback/CallbackInfo;)V doesn't use it's CallbackInfo
[30Sep2026 22:40:30.311] [main/DEBUG] [mixin/]: sable.mixins.json:entity.tnt_jumps.PrimedTntMixin from mod sable->@Inject::sable$setTntJump(Lnet/minecraft/world/level/Level;DDDLnet/minecraft/world/entity/LivingEntity;Lorg/spongepowered/asm/mixin/injection/callback/CallbackInfo;)V has 0 override(s) in child classes
[30Sep2026 22:40:30.311] [main/DEBUG] [mixin/]: sable.mixins.json:entity.tnt_jumps.PrimedTntMixin from mod sable->@Inject::sable$setTntJump(Lnet/minecraft/world/level/Level;DDDLnet/minecraft/world/entity/LivingEntity;Lorg/spongepowered/asm/mixin/injection/callback/CallbackInfo;)V won't be passed a CallbackInfo as a result
[30Sep2026 22:40:30.313] [main/DEBUG] [mixin/]: Mixing ChiseledBookShelfBlockEntityAccess from wthit.mixins.json into net.minecraft.world.level.block.entity.ChiseledBookShelfBlockEntity
[30Sep2026 22:40:30.313] [main/DEBUG] [mixin/]: wthit.mixins.json:ChiseledBookShelfBlockEntityAccess from mod wthit: Class version 65 required is higher than the class version supported by the current version of Mixin (JAVA_16 supports class version 60)
[30Sep2026 22:40:30.366] [main/DEBUG] [mixin/]: Mixing BlockEntityTypeAccessor from neoforge.mixins.json into net.minecraft.world.level.block.entity.BlockEntityType
[30Sep2026 22:40:30.406] [main/DEBUG] [mixin/]: Mixing AbstractFurnaceBlockEntityAccess from wthit.mixins.json into net.minecraft.world.level.block.entity.AbstractFurnaceBlockEntity
[30Sep2026 22:40:30.406] [main/DEBUG] [mixin/]: wthit.mixins.json:AbstractFurnaceBlockEntityAccess from mod wthit: Class version 65 required is higher than the class version supported by the current version of Mixin (JAVA_16 supports class version 60)
[30Sep2026 22:40:30.407] [main/DEBUG] [mixin/]: Mixing assembly.AbstractFurnaceBlockEntityMixin from sable.mixins.json into net.minecraft.world.level.block.entity.AbstractFurnaceBlockEntity
[30Sep2026 22:40:30.413] [main/DEBUG] [mixin/]: Mixing sign_interaction.SignBlockEntityMixin from sable.mixins.json into net.minecraft.world.level.block.entity.SignBlockEntity
[30Sep2026 22:40:30.452] [main/DEBUG] [mixin/]: Mixing aabb.AABBMixin from simulated.mixins.json into net.minecraft.world.phys.AABB
[30Sep2026 22:40:30.452] [main/DEBUG] [mixin/]: Renaming @Invoker method invokeGetDirection(Lnet/minecraft/world/phys/AABB;Lnet/minecraft/world/phys/Vec3;[DLnet/minecraft/core/Direction;DDD)Lnet/minecraft/core/Direction; to invokeGetDirection$simulated_$md$ed67c0$0 in simulated.mixins.json:aabb.AABBMixin from mod simulated
[30Sep2026 22:40:30.462] [main/DEBUG] [mixin/]: Mixing AbstractArrowMixin from allarrowspickup.mixins.json into net.minecraft.world.entity.projectile.AbstractArrow
[30Sep2026 22:40:30.463] [main/DEBUG] [mixin/]: Mixing entity.arrows_hit_blocks.AbstractArrowMixin from sable.mixins.json into net.minecraft.world.entity.projectile.AbstractArrow
[30Sep2026 22:40:30.469] [main/DEBUG] [mixin/]: allarrowspickup.mixins.json:AbstractArrowMixin from mod allarrowspickup->@Inject::allarrowspickup$forcePickup(Lorg/spongepowered/asm/mixin/injection/callback/CallbackInfo;)V doesn't use it's CallbackInfo
[30Sep2026 22:40:30.469] [main/DEBUG] [mixin/]: allarrowspickup.mixins.json:AbstractArrowMixin from mod allarrowspickup->@Inject::allarrowspickup$forcePickup(Lorg/spongepowered/asm/mixin/injection/callback/CallbackInfo;)V has 0 override(s) in child classes
[30Sep2026 22:40:30.469] [main/DEBUG] [mixin/]: allarrowspickup.mixins.json:AbstractArrowMixin from mod allarrowspickup->@Inject::allarrowspickup$forcePickup(Lorg/spongepowered/asm/mixin/injection/callback/CallbackInfo;)V won't be passed a CallbackInfo as a result
[30Sep2026 22:40:30.469] [main/DEBUG] [mixin/]: sable.mixins.json:entity.arrows_hit_blocks.AbstractArrowMixin from mod sable->@Inject::sable$startFalling(Lorg/spongepowered/asm/mixin/injection/callback/CallbackInfo;)V doesn't use it's CallbackInfo
[30Sep2026 22:40:30.469] [main/DEBUG] [mixin/]: sable.mixins.json:entity.arrows_hit_blocks.AbstractArrowMixin from mod sable->@Inject::sable$startFalling(Lorg/spongepowered/asm/mixin/injection/callback/CallbackInfo;)V has 0 override(s) in child classes
[30Sep2026 22:40:30.469] [main/DEBUG] [mixin/]: sable.mixins.json:entity.arrows_hit_blocks.AbstractArrowMixin from mod sable->@Inject::sable$startFalling(Lorg/spongepowered/asm/mixin/injection/callback/CallbackInfo;)V won't be passed a CallbackInfo as a result
[30Sep2026 22:40:30.473] [main/DEBUG] [mixin/]: Mixing entity.projectile.ProjectileMixin from sable.mixins.json into net.minecraft.world.entity.projectile.Projectile
[30Sep2026 22:40:30.476] [main/DEBUG] [mixin/]: sable.mixins.json:entity.projectile.ProjectileMixin from mod sable->@Inject::sable$shootFromRotation(Lnet/minecraft/world/entity/Entity;FFFFFLorg/spongepowered/asm/mixin/injection/callback/CallbackInfo;)V doesn't use it's CallbackInfo
[30Sep2026 22:40:30.476] [main/DEBUG] [mixin/]: sable.mixins.json:entity.projectile.ProjectileMixin from mod sable->@Inject::sable$shootFromRotation(Lnet/minecraft/world/entity/Entity;FFFFFLorg/spongepowered/asm/mixin/injection/callback/CallbackInfo;)V has 0 override(s) in child classes
[30Sep2026 22:40:30.476] [main/DEBUG] [mixin/]: sable.mixins.json:entity.projectile.ProjectileMixin from mod sable->@Inject::sable$shootFromRotation(Lnet/minecraft/world/entity/Entity;FFFFFLorg/spongepowered/asm/mixin/injection/callback/CallbackInfo;)V won't be passed a CallbackInfo as a result
[30Sep2026 22:40:30.555] [main/DEBUG] [mixin/]: Mixing enchanting_table.EnchantingTableBlockEntityMixin from sable.mixins.json into net.minecraft.world.level.block.entity.EnchantingTableBlockEntity
[30Sep2026 22:40:30.576] [main/DEBUG] [mixin/]: Mixing ItemStackMixin from create.mixins.json into net.minecraft.world.item.ItemStack
[30Sep2026 22:40:30.577] [main/DEBUG] [mixin/]: Renaming synthetic method lambda$create$migrateOldClipboardComponents$0(Lcom/simibubi/create/content/equipment/clipboard/ClipboardContent;Lnet/minecraft/util/Unit;)Lcom/simibubi/create/content/equipment/clipboard/ClipboardContent; to mded67c0$create$lambda$create$migrateOldClipboardComponents$0$0 in create.mixins.json:ItemStackMixin from mod create
[30Sep2026 22:40:30.581] [main/DEBUG] [mixin/]: create.mixins.json:ItemStackMixin from mod create->@Inject::create$migrateOldClipboardComponents(Lnet/minecraft/world/level/ItemLike;ILnet/minecraft/core/component/PatchedDataComponentMap;Lorg/spongepowered/asm/mixin/injection/callback/CallbackInfo;)V doesn't use it's CallbackInfo
[30Sep2026 22:40:30.597] [main/DEBUG] [mixin/]: Mixing prevent_freezing.BiomeMixin from sable.mixins.json into net.minecraft.world.level.biome.Biome
[30Sep2026 22:40:30.598] [main/DEBUG] [mixin/]: Renaming synthetic method lambda$sable$preventFreezing$0(Lnet/minecraft/world/level/Level;Lnet/minecraft/core/BlockPos;)Z to mded67c0$sable$lambda$sable$preventFreezing$0$0 in sable.mixins.json:prevent_freezing.BiomeMixin from mod sable
[30Sep2026 22:40:30.620] [main/DEBUG] [mixin/]: Mixing BeaconBlockEntityAccess from wthit.mixins.json into net.minecraft.world.level.block.entity.BeaconBlockEntity
[30Sep2026 22:40:30.620] [main/DEBUG] [mixin/]: wthit.mixins.json:BeaconBlockEntityAccess from mod wthit: Class version 65 required is higher than the class version supported by the current version of Mixin (JAVA_16 supports class version 60)
[30Sep2026 22:40:30.797] [main/DEBUG] [mixin/]: Mixing conduit.ConduitBlockEntityMixin from sable.mixins.json into net.minecraft.world.level.block.entity.ConduitBlockEntity
[30Sep2026 22:40:30.957] [main/DEBUG] [mixin/]: Mixing LecternBlockEntityAccess from wthit.mixins.json into net.minecraft.world.level.block.entity.LecternBlockEntity
[30Sep2026 22:40:30.957] [main/DEBUG] [mixin/]: wthit.mixins.json:LecternBlockEntityAccess from mod wthit: Class version 65 required is higher than the class version supported by the current version of Mixin (JAVA_16 supports class version 60)
[30Sep2026 22:40:30.960] [main/DEBUG] [mixin/]: Mixing SmithingMenuMixin from create.mixins.json into net.minecraft.world.inventory.SmithingMenu
[30Sep2026 22:40:30.962] [main/DEBUG] [mixin/]: Renaming synthetic method lambda$create$preventUnbreakingOnBacktanks$0(Lnet/minecraft/world/item/ItemStack;Lnet/minecraft/core/Holder;)Z to mded67c0$create$lambda$create$preventUnbreakingOnBacktanks$0$0 in create.mixins.json:SmithingMenuMixin from mod create
[30Sep2026 22:40:30.967] [main/DEBUG] [mixin/]: create.mixins.json:SmithingMenuMixin from mod create->@Inject::create$awardAdvancementWhenTrimmingCardboardArmor(Lnet/minecraft/world/entity/player/Player;Lnet/minecraft/world/item/ItemStack;Lorg/spongepowered/asm/mixin/injection/callback/CallbackInfo;)V doesn't use it's CallbackInfo
[30Sep2026 22:40:30.967] [main/DEBUG] [mixin/]: create.mixins.json:SmithingMenuMixin from mod create->@Inject::create$awardAdvancementWhenTrimmingCardboardArmor(Lnet/minecraft/world/entity/player/Player;Lnet/minecraft/world/item/ItemStack;Lorg/spongepowered/asm/mixin/injection/callback/CallbackInfo;)V has 0 override(s) in child classes
[30Sep2026 22:40:30.967] [main/DEBUG] [mixin/]: create.mixins.json:SmithingMenuMixin from mod create->@Inject::create$awardAdvancementWhenTrimmingCardboardArmor(Lnet/minecraft/world/entity/player/Player;Lnet/minecraft/world/item/ItemStack;Lorg/spongepowered/asm/mixin/injection/callback/CallbackInfo;)V won't be passed a CallbackInfo as a result
[30Sep2026 22:40:31.009] [main/DEBUG] [mixin/]: Mixing BeehiveBlockEntityAccess from wthit.mixins.json into net.minecraft.world.level.block.entity.BeehiveBlockEntity
[30Sep2026 22:40:31.009] [main/DEBUG] [mixin/]: wthit.mixins.json:BeehiveBlockEntityAccess from mod wthit: Class version 65 required is higher than the class version supported by the current version of Mixin (JAVA_16 supports class version 60)
[30Sep2026 22:40:31.216] [main/DEBUG] [mixin/]: Mixing entity.entity_collision.CollisionContextMixin from sable.mixins.json into net.minecraft.world.phys.shapes.CollisionContext
[30Sep2026 22:40:31.936] [main/DEBUG] [mixin/]: Mixing BlockItemMixin from create.mixins.json into net.minecraft.world.item.BlockItem
[30Sep2026 22:40:31.939] [main/DEBUG] [mixin/]: create.mixins.json:BlockItemMixin from mod create->@Inject::create$fixDeployerPlacement(Lnet/minecraft/world/item/context/BlockPlaceContext;Lorg/spongepowered/asm/mixin/injection/callback/CallbackInfoReturnable;)V does use it's CallbackInfoReturnable
[30Sep2026 22:40:31.956] [main/DEBUG] [mixin/]: Mixing lodestone_compat.CompassItemMixin from simulated.mixins.json into net.minecraft.world.item.CompassItem
[30Sep2026 22:40:31.960] [main/DEBUG] [mixin/]: simulated.mixins.json:lodestone_compat.CompassItemMixin from mod simulated->@Inject::simulated$checkID(Lnet/minecraft/world/item/ItemStack;Lnet/minecraft/world/level/Level;Lnet/minecraft/world/entity/Entity;IZLorg/spongepowered/asm/mixin/injection/callback/CallbackInfo;)V doesn't use it's CallbackInfo
[30Sep2026 22:40:31.960] [main/DEBUG] [mixin/]: simulated.mixins.json:lodestone_compat.CompassItemMixin from mod simulated->@Inject::simulated$checkID(Lnet/minecraft/world/item/ItemStack;Lnet/minecraft/world/level/Level;Lnet/minecraft/world/entity/Entity;IZLorg/spongepowered/asm/mixin/injection/callback/CallbackInfo;)V has 0 override(s) in child classes
[30Sep2026 22:40:31.960] [main/DEBUG] [mixin/]: simulated.mixins.json:lodestone_compat.CompassItemMixin from mod simulated->@Inject::simulated$checkID(Lnet/minecraft/world/item/ItemStack;Lnet/minecraft/world/level/Level;Lnet/minecraft/world/entity/Entity;IZLorg/spongepowered/asm/mixin/injection/callback/CallbackInfo;)V won't be passed a CallbackInfo as a result
[30Sep2026 22:40:31.966] [main/DEBUG] [mixin/]: Mixing shears_break_envelopes.ShearsItemMixin from aeronautics.mixins.json into net.minecraft.world.item.ShearsItem
[30Sep2026 22:40:31.966] [main/DEBUG] [mixin/]: aeronautics.mixins.json:shears_break_envelopes.ShearsItemMixin from mod aeronautics: Class version 65 required is higher than the class version supported by the current version of Mixin (JAVA_18 supports class version 62)
[30Sep2026 22:40:31.977] [main/DEBUG] [mixin/]: Mixing honey_glue.ArmorStandItemMixin from simulated.mixins.json into net.minecraft.world.item.ArmorStandItem
[30Sep2026 22:40:31.978] [main/DEBUG] [mixin/]: Renaming synthetic method lambda$ignoreGlues$0(Lnet/minecraft/world/entity/Entity;)Z to mded67c0$simulated$lambda$ignoreGlues$0$0 in simulated.mixins.json:honey_glue.ArmorStandItemMixin from mod simulated
[30Sep2026 22:40:32.167] [main/DEBUG] [mixin/]: Mixing ArmorTrimMixin from create.mixins.json into net.minecraft.world.item.armortrim.ArmorTrim
[30Sep2026 22:40:32.168] [main/DEBUG] [mixin/]: Renaming synthetic method lambda$new$0(Ljava/lang/Boolean;Lnet/minecraft/core/Holder;)Lnet/minecraft/resources/ResourceLocation; to mded67c0$create$lambda$new$0$0 in create.mixins.json:ArmorTrimMixin from mod create
[30Sep2026 22:40:32.174] [main/DEBUG] [mixin/]: create.mixins.json:ArmorTrimMixin from mod create->@Inject::create$swapTexturesForCardboardTrimsInner(Lnet/minecraft/core/Holder;Lorg/spongepowered/asm/mixin/injection/callback/CallbackInfoReturnable;)V does use it's CallbackInfoReturnable
[30Sep2026 22:40:32.174] [main/DEBUG] [mixin/]: create.mixins.json:ArmorTrimMixin from mod create->@Inject::create$swapTexturesForCardboardTrimsOuter(Lnet/minecraft/core/Holder;Lorg/spongepowered/asm/mixin/injection/callback/CallbackInfoReturnable;)V does use it's CallbackInfoReturnable
[30Sep2026 22:40:32.196] [main/DEBUG] [mixin/]: Mixing world_border.WorldBorderMixin from sable.mixins.json into net.minecraft.world.level.border.WorldBorder
[30Sep2026 22:40:32.200] [main/DEBUG] [mixin/]: sable.mixins.json:world_border.WorldBorderMixin from mod sable->@Inject::sable$isInsideCloseToBorder(Lnet/minecraft/world/entity/Entity;Lnet/minecraft/world/phys/AABB;Lorg/spongepowered/asm/mixin/injection/callback/CallbackInfoReturnable;)V does use it's CallbackInfoReturnable
[30Sep2026 22:40:32.206] [main/DEBUG] [mixin/]: Mixing plot.LevelChunkMixin from sable.mixins.json into net.minecraft.world.level.chunk.LevelChunk
[30Sep2026 22:40:32.208] [main/DEBUG] [mixin/]: Mixing plot.lighting.LevelChunkMixin from sable.mixins.json into net.minecraft.world.level.chunk.LevelChunk
[30Sep2026 22:40:32.210] [main/DEBUG] [mixin/]: sable.mixins.json:plot.LevelChunkMixin from mod sable->@Inject::sable$preSetBlockState(Lnet/minecraft/core/BlockPos;Lnet/minecraft/world/level/block/state/BlockState;ZLorg/spongepowered/asm/mixin/injection/callback/CallbackInfoReturnable;)V doesn't use it's CallbackInfoReturnable
[30Sep2026 22:40:32.210] [main/DEBUG] [mixin/]: sable.mixins.json:plot.LevelChunkMixin from mod sable->@Inject::sable$preSetBlockState(Lnet/minecraft/core/BlockPos;Lnet/minecraft/world/level/block/state/BlockState;ZLorg/spongepowered/asm/mixin/injection/callback/CallbackInfoReturnable;)V has 0 override(s) in child classes
[30Sep2026 22:40:32.210] [main/DEBUG] [mixin/]: sable.mixins.json:plot.LevelChunkMixin from mod sable->@Inject::sable$preSetBlockState(Lnet/minecraft/core/BlockPos;Lnet/minecraft/world/level/block/state/BlockState;ZLorg/spongepowered/asm/mixin/injection/callback/CallbackInfoReturnable;)V won't be passed a CallbackInfoReturnable as a result
[30Sep2026 22:40:32.210] [main/DEBUG] [mixin/]: sable.mixins.json:plot.LevelChunkMixin from mod sable->@Inject::sable$postSetBlockState(Lnet/minecraft/core/BlockPos;Lnet/minecraft/world/level/block/state/BlockState;ZLorg/spongepowered/asm/mixin/injection/callback/CallbackInfoReturnable;)V doesn't use it's CallbackInfoReturnable
[30Sep2026 22:40:32.210] [main/DEBUG] [mixin/]: sable.mixins.json:plot.LevelChunkMixin from mod sable->@Inject::sable$postSetBlockState(Lnet/minecraft/core/BlockPos;Lnet/minecraft/world/level/block/state/BlockState;ZLorg/spongepowered/asm/mixin/injection/callback/CallbackInfoReturnable;)V has 0 override(s) in child classes
[30Sep2026 22:40:32.211] [main/DEBUG] [mixin/]: sable.mixins.json:plot.LevelChunkMixin from mod sable->@Inject::sable$postSetBlockState(Lnet/minecraft/core/BlockPos;Lnet/minecraft/world/level/block/state/BlockState;ZLorg/spongepowered/asm/mixin/injection/callback/CallbackInfoReturnable;)V won't be passed a CallbackInfoReturnable as a result
[30Sep2026 22:40:32.211] [main/DEBUG] [mixin/]: sable.mixins.json:plot.LevelChunkMixin from mod sable->@Inject::sable$postSetBlockState(Lnet/minecraft/core/BlockPos;Lnet/minecraft/world/level/block/state/BlockState;ZLorg/spongepowered/asm/mixin/injection/callback/CallbackInfoReturnable;)V doesn't use it's CallbackInfoReturnable
[30Sep2026 22:40:32.211] [main/DEBUG] [mixin/]: sable.mixins.json:plot.LevelChunkMixin from mod sable->@Inject::sable$postSetBlockState(Lnet/minecraft/core/BlockPos;Lnet/minecraft/world/level/block/state/BlockState;ZLorg/spongepowered/asm/mixin/injection/callback/CallbackInfoReturnable;)V has 0 override(s) in child classes
[30Sep2026 22:40:32.211] [main/DEBUG] [mixin/]: sable.mixins.json:plot.LevelChunkMixin from mod sable->@Inject::sable$postSetBlockState(Lnet/minecraft/core/BlockPos;Lnet/minecraft/world/level/block/state/BlockState;ZLorg/spongepowered/asm/mixin/injection/callback/CallbackInfoReturnable;)V won't be passed a CallbackInfoReturnable as a result
[30Sep2026 22:40:32.211] [main/DEBUG] [mixin/]: sable.mixins.json:plot.LevelChunkMixin from mod sable->@Inject::sable$postSetBlockState(Lnet/minecraft/core/BlockPos;Lnet/minecraft/world/level/block/state/BlockState;ZLorg/spongepowered/asm/mixin/injection/callback/CallbackInfoReturnable;)V doesn't use it's CallbackInfoReturnable
[30Sep2026 22:40:32.211] [main/DEBUG] [mixin/]: sable.mixins.json:plot.LevelChunkMixin from mod sable->@Inject::sable$postSetBlockState(Lnet/minecraft/core/BlockPos;Lnet/minecraft/world/level/block/state/BlockState;ZLorg/spongepowered/asm/mixin/injection/callback/CallbackInfoReturnable;)V has 0 override(s) in child classes
[30Sep2026 22:40:32.211] [main/DEBUG] [mixin/]: sable.mixins.json:plot.LevelChunkMixin from mod sable->@Inject::sable$postSetBlockState(Lnet/minecraft/core/BlockPos;Lnet/minecraft/world/level/block/state/BlockState;ZLorg/spongepowered/asm/mixin/injection/callback/CallbackInfoReturnable;)V won't be passed a CallbackInfoReturnable as a result
[30Sep2026 22:40:32.211] [main/DEBUG] [mixin/]: sable.mixins.json:plot.LevelChunkMixin from mod sable->@Inject::sable$postSetBlockState(Lnet/minecraft/core/BlockPos;Lnet/minecraft/world/level/block/state/BlockState;ZLorg/spongepowered/asm/mixin/injection/callback/CallbackInfoReturnable;)V doesn't use it's CallbackInfoReturnable
[30Sep2026 22:40:32.211] [main/DEBUG] [mixin/]: sable.mixins.json:plot.LevelChunkMixin from mod sable->@Inject::sable$postSetBlockState(Lnet/minecraft/core/BlockPos;Lnet/minecraft/world/level/block/state/BlockState;ZLorg/spongepowered/asm/mixin/injection/callback/CallbackInfoReturnable;)V has 0 override(s) in child classes
[30Sep2026 22:40:32.211] [main/DEBUG] [mixin/]: sable.mixins.json:plot.LevelChunkMixin from mod sable->@Inject::sable$postSetBlockState(Lnet/minecraft/core/BlockPos;Lnet/minecraft/world/level/block/state/BlockState;ZLorg/spongepowered/asm/mixin/injection/callback/CallbackInfoReturnable;)V won't be passed a CallbackInfoReturnable as a result
[30Sep2026 22:40:32.271] [main/DEBUG] [mixin/]: Mixing clip_overwrite.HitResultMixin from sable.mixins.json into net.minecraft.world.phys.HitResult
[30Sep2026 22:40:32.271] [main/DEBUG] [mixin/]: Mixing block_placement.BlockPlaceContextMixin from sable.mixins.json into net.minecraft.world.item.context.BlockPlaceContext
[30Sep2026 22:40:32.281] [main/DEBUG] [mixin/]: sable.mixins.json:block_placement.BlockPlaceContextMixin from mod sable->@Inject::sable$canPlace(Lorg/spongepowered/asm/mixin/injection/callback/CallbackInfoReturnable;)V does use it's CallbackInfoReturnable
[30Sep2026 22:40:32.282] [main/DEBUG] [mixin/]: Mixing accessor.UseOnContextAccessor from create.mixins.json into net.minecraft.world.item.context.UseOnContext
[30Sep2026 22:40:32.282] [main/DEBUG] [mixin/]: Mixing block_placement.UseOnContextMixin from sable.mixins.json into net.minecraft.world.item.context.UseOnContext
[30Sep2026 22:40:32.285] [main/DEBUG] [mixin/]: sable.mixins.json:block_placement.UseOnContextMixin from mod sable->@Inject::sable$getHorizontalDirection(Lorg/spongepowered/asm/mixin/injection/callback/CallbackInfoReturnable;)V does use it's CallbackInfoReturnable
[30Sep2026 22:40:32.285] [main/DEBUG] [mixin/]: sable.mixins.json:block_placement.UseOnContextMixin from mod sable->@Inject::sable$getRotation(Lorg/spongepowered/asm/mixin/injection/callback/CallbackInfoReturnable;)V does use it's CallbackInfoReturnable
[30Sep2026 22:40:32.287] [main/DEBUG] [mixin/]: Mixing explosion.ExplosionMixin from sable.mixins.json into net.minecraft.world.level.Explosion
[30Sep2026 22:40:32.298] [main/DEBUG] [mixin/]: sable.mixins.json:explosion.ExplosionMixin from mod sable->@Inject::sable$preExplode(Lorg/spongepowered/asm/mixin/injection/callback/CallbackInfo;)V doesn't use it's CallbackInfo
[30Sep2026 22:40:32.298] [main/DEBUG] [mixin/]: sable.mixins.json:explosion.ExplosionMixin from mod sable->@Inject::sable$preExplode(Lorg/spongepowered/asm/mixin/injection/callback/CallbackInfo;)V has 0 override(s) in child classes
[30Sep2026 22:40:32.299] [main/DEBUG] [mixin/]: sable.mixins.json:explosion.ExplosionMixin from mod sable->@Inject::sable$preExplode(Lorg/spongepowered/asm/mixin/injection/callback/CallbackInfo;)V won't be passed a CallbackInfo as a result
[30Sep2026 22:40:32.300] [main/DEBUG] [mixin/]: sable.mixins.json:explosion.ExplosionMixin from mod sable->@Inject::sable$redirectBlockExplosionResistance(Lorg/spongepowered/asm/mixin/injection/callback/CallbackInfo;Ljava/util/Set;IIIIDDDDFDDDFLnet/minecraft/core/BlockPos;Lnet/minecraft/world/level/block/state/BlockState;Lnet/minecraft/world/level/material/FluidState;)V doesn't use it's CallbackInfo
[30Sep2026 22:40:32.300] [main/DEBUG] [mixin/]: sable.mixins.json:explosion.ExplosionMixin from mod sable->@Inject::sable$redirectBlockExplosionResistance(Lorg/spongepowered/asm/mixin/injection/callback/CallbackInfo;Ljava/util/Set;IIIIDDDDFDDDFLnet/minecraft/core/BlockPos;Lnet/minecraft/world/level/block/state/BlockState;Lnet/minecraft/world/level/material/FluidState;)V has 0 override(s) in child classes
[30Sep2026 22:40:32.300] [main/DEBUG] [mixin/]: sable.mixins.json:explosion.ExplosionMixin from mod sable->@Inject::sable$redirectBlockExplosionResistance(Lorg/spongepowered/asm/mixin/injection/callback/CallbackInfo;Ljava/util/Set;IIIIDDDDFDDDFLnet/minecraft/core/BlockPos;Lnet/minecraft/world/level/block/state/BlockState;Lnet/minecraft/world/level/material/FluidState;)V won't be passed a CallbackInfo as a result
[30Sep2026 22:40:32.356] [main/DEBUG] [mixin/]: Mixing entity.entity_sublevel_collision.AbstractMinecartMixin from sable.mixins.json into net.minecraft.world.entity.vehicle.AbstractMinecart
[30Sep2026 22:40:32.358] [main/DEBUG] [mixin/]: sable.mixins.json:entity.entity_sublevel_collision.AbstractMinecartMixin from mod sable->@Inject::sable$postTick(Lorg/spongepowered/asm/mixin/injection/callback/CallbackInfo;)V doesn't use it's CallbackInfo
[30Sep2026 22:40:32.358] [main/DEBUG] [mixin/]: sable.mixins.json:entity.entity_sublevel_collision.AbstractMinecartMixin from mod sable->@Inject::sable$postTick(Lorg/spongepowered/asm/mixin/injection/callback/CallbackInfo;)V has 0 override(s) in child classes
[30Sep2026 22:40:32.358] [main/DEBUG] [mixin/]: sable.mixins.json:entity.entity_sublevel_collision.AbstractMinecartMixin from mod sable->@Inject::sable$postTick(Lorg/spongepowered/asm/mixin/injection/callback/CallbackInfo;)V won't be passed a CallbackInfo as a result
[30Sep2026 22:40:32.375] [main/DEBUG] [mixin/]: Mixing AbstractSkeletonMixin from musketmod.mixins.json into net.minecraft.world.entity.monster.AbstractSkeleton
[30Sep2026 22:40:32.381] [main/DEBUG] [mixin/]: musketmod.mixins.json:AbstractSkeletonMixin from mod musketmod->@Inject::registerGoals(Lorg/spongepowered/asm/mixin/injection/callback/CallbackInfo;)V doesn't use it's CallbackInfo
[30Sep2026 22:40:32.381] [main/DEBUG] [mixin/]: musketmod.mixins.json:AbstractSkeletonMixin from mod musketmod->@Inject::registerGoals(Lorg/spongepowered/asm/mixin/injection/callback/CallbackInfo;)V has 0 override(s) in child classes
[30Sep2026 22:40:32.382] [main/DEBUG] [mixin/]: musketmod.mixins.json:AbstractSkeletonMixin from mod musketmod->@Inject::registerGoals(Lorg/spongepowered/asm/mixin/injection/callback/CallbackInfo;)V won't be passed a CallbackInfo as a result
[30Sep2026 22:40:32.382] [main/DEBUG] [mixin/]: musketmod.mixins.json:AbstractSkeletonMixin from mod musketmod->@Inject::populateDefaultEquipmentSlots(Lorg/spongepowered/asm/mixin/injection/callback/CallbackInfo;)V doesn't use it's CallbackInfo
[30Sep2026 22:40:32.382] [main/DEBUG] [mixin/]: musketmod.mixins.json:AbstractSkeletonMixin from mod musketmod->@Inject::populateDefaultEquipmentSlots(Lorg/spongepowered/asm/mixin/injection/callback/CallbackInfo;)V has 0 override(s) in child classes
[30Sep2026 22:40:32.382] [main/DEBUG] [mixin/]: musketmod.mixins.json:AbstractSkeletonMixin from mod musketmod->@Inject::populateDefaultEquipmentSlots(Lorg/spongepowered/asm/mixin/injection/callback/CallbackInfo;)V won't be passed a CallbackInfo as a result
[30Sep2026 22:40:32.393] [main/DEBUG] [mixin/]: Mixing entity.entity_pathfinding.PathNavigationMixin from sable.mixins.json into net.minecraft.world.entity.ai.navigation.PathNavigation
[30Sep2026 22:40:32.399] [main/DEBUG] [mixin/]: sable.mixins.json:entity.entity_pathfinding.PathNavigationMixin from mod sable->@Inject::sable$createPath(Ljava/util/Set;IZIFLorg/spongepowered/asm/mixin/injection/callback/CallbackInfoReturnable;)V does use it's CallbackInfoReturnable
[30Sep2026 22:40:32.401] [main/DEBUG] [mixin/]: Mixing entity.entity_pathfinding.GroundPathNavigationMixin from sable.mixins.json into net.minecraft.world.entity.ai.navigation.GroundPathNavigation
[30Sep2026 22:40:32.402] [main/DEBUG] [mixin/]: Mixing entity.sublevels_block_sky.SubLevelsBlockSkyMixin from sable.mixins.json into net.minecraft.world.entity.ai.navigation.GroundPathNavigation
[30Sep2026 22:40:32.404] [main/DEBUG] [mixin/]: sable.mixins.json:entity.entity_pathfinding.GroundPathNavigationMixin from mod sable->@Inject::sable$createPath(Lnet/minecraft/world/entity/Entity;ILorg/spongepowered/asm/mixin/injection/callback/CallbackInfoReturnable;)V does use it's CallbackInfoReturnable
[30Sep2026 22:40:32.417] [main/DEBUG] [mixin/]: Mixing DataFixersMixin from computercraft.mixins.json into net.minecraft.util.datafix.DataFixers
[30Sep2026 22:40:32.521] [main/DEBUG] [mixin/]: Mixing datafixer.BlockPosFormatAndRenamesFixMixin from create.mixins.json into net.minecraft.util.datafix.fixes.BlockPosFormatAndRenamesFix
[30Sep2026 22:40:32.521] [main/DEBUG] [mixin/]: Renaming synthetic method lambda$create$addFixers$2(Lcom/mojang/datafixers/OpticFinder;Lcom/simibubi/create/foundation/utility/DataFixerHelper$BlockPosFixer;Lcom/mojang/datafixers/Typed;)Lcom/mojang/datafixers/Typed; to mded67c0$create$lambda$create$addFixers$2$0 in create.mixins.json:datafixer.BlockPosFormatAndRenamesFixMixin from mod create
[30Sep2026 22:40:32.522] [main/DEBUG] [mixin/]: Renaming synthetic method lambda$create$addFixers$1(Lcom/simibubi/create/foundation/utility/DataFixerHelper$BlockPosFixer;Lcom/mojang/datafixers/Typed;)Lcom/mojang/datafixers/Typed; to mded67c0$create$lambda$create$addFixers$1$1 in create.mixins.json:datafixer.BlockPosFormatAndRenamesFixMixin from mod create
[30Sep2026 22:40:32.522] [main/DEBUG] [mixin/]: Renaming synthetic method lambda$create$addFixers$0(Lcom/simibubi/create/foundation/utility/DataFixerHelper$BlockPosFixer;Lcom/mojang/serialization/Dynamic;)Lcom/mojang/serialization/Dynamic; to mded67c0$create$lambda$create$addFixers$0$2 in create.mixins.json:datafixer.BlockPosFormatAndRenamesFixMixin from mod create
[30Sep2026 22:40:32.531] [main/DEBUG] [mixin/]: create.mixins.json:datafixer.BlockPosFormatAndRenamesFixMixin from mod create->@Inject::create$addFixers(Lorg/spongepowered/asm/mixin/injection/callback/CallbackInfoReturnable;)V doesn't use it's CallbackInfoReturnable
[30Sep2026 22:40:32.531] [main/DEBUG] [mixin/]: create.mixins.json:datafixer.BlockPosFormatAndRenamesFixMixin from mod create->@Inject::create$addFixers(Lorg/spongepowered/asm/mixin/injection/callback/CallbackInfoReturnable;)V has 0 override(s) in child classes
[30Sep2026 22:40:32.531] [main/DEBUG] [mixin/]: create.mixins.json:datafixer.BlockPosFormatAndRenamesFixMixin from mod create->@Inject::create$addFixers(Lorg/spongepowered/asm/mixin/injection/callback/CallbackInfoReturnable;)V won't be passed a CallbackInfoReturnable as a result
[30Sep2026 22:40:32.537] [main/DEBUG] [mixin/]: Mixing datafixer.ItemStackComponentizationFixMixin from create.mixins.json into net.minecraft.util.datafix.fixes.ItemStackComponentizationFix
[30Sep2026 22:40:32.537] [main/DEBUG] [mixin/]: Renaming synthetic method lambda$create$moveItemStackHandlerToItemContainerContents$4(Lcom/mojang/serialization/Dynamic;Lnet/minecraft/util/datafix/fixes/ItemStackComponentizationFix$ItemStackData;Ljava/lang/String;Lcom/mojang/serialization/Dynamic;)V to mded67c0$create$lambda$create$moveItemStackHandlerToItemContainerContents$4$0 in create.mixins.json:datafixer.ItemStackComponentizationFixMixin from mod create
[30Sep2026 22:40:32.537] [main/DEBUG] [mixin/]: Renaming synthetic method lambda$create$moveItemStackHandlerToItemContainerContents$3(Lcom/mojang/serialization/Dynamic;Ljava/util/List;Lcom/mojang/serialization/Dynamic;)V to mded67c0$create$lambda$create$moveItemStackHandlerToItemContainerContents$3$1 in create.mixins.json:datafixer.ItemStackComponentizationFixMixin from mod create
[30Sep2026 22:40:32.537] [main/DEBUG] [mixin/]: Renaming synthetic method lambda$create$moveTagToEnumComponent$2([Ljava/lang/Enum;Lnet/minecraft/util/datafix/fixes/ItemStackComponentizationFix$ItemStackData;Ljava/lang/String;Lcom/mojang/serialization/Dynamic;)V to mded67c0$create$lambda$create$moveTagToEnumComponent$2$2 in create.mixins.json:datafixer.ItemStackComponentizationFixMixin from mod create
[30Sep2026 22:40:32.537] [main/DEBUG] [mixin/]: Renaming synthetic method lambda$create$fixItemsAndTranslateNBTIntoComponents$1(Lnet/minecraft/util/datafix/fixes/ItemStackComponentizationFix$ItemStackData;Lcom/mojang/serialization/Dynamic;)V to mded67c0$create$lambda$create$fixItemsAndTranslateNBTIntoComponents$1$3 in create.mixins.json:datafixer.ItemStackComponentizationFixMixin from mod create
[30Sep2026 22:40:32.537] [main/DEBUG] [mixin/]: Renaming synthetic method lambda$create$fixItemsAndTranslateNBTIntoComponents$0(Lcom/mojang/serialization/Dynamic;Lnet/minecraft/util/datafix/fixes/ItemStackComponentizationFix$ItemStackData;Lcom/mojang/serialization/Dynamic;)V to mded67c0$create$lambda$create$fixItemsAndTranslateNBTIntoComponents$0$4 in create.mixins.json:datafixer.ItemStackComponentizationFixMixin from mod create
[30Sep2026 22:40:32.545] [main/DEBUG] [mixin/]: Mixing ItemStackComponentizationFixMixin from computercraft.mixins.json into net.minecraft.util.datafix.fixes.ItemStackComponentizationFix
[30Sep2026 22:40:32.554] [main/DEBUG] [mixin/]: create.mixins.json:datafixer.ItemStackComponentizationFixMixin from mod create->@Inject::create$fixItemsAndTranslateNBTIntoComponents(Lnet/minecraft/util/datafix/fixes/ItemStackComponentizationFix$ItemStackData;Lcom/mojang/serialization/Dynamic;Lorg/spongepowered/asm/mixin/injection/callback/CallbackInfo;)V doesn't use it's CallbackInfo
[30Sep2026 22:40:32.555] [main/DEBUG] [mixin/]: computercraft.mixins.json:ItemStackComponentizationFixMixin from mod computercraft->@Inject::fixItemStack(Lnet/minecraft/util/datafix/fixes/ItemStackComponentizationFix$ItemStackData;Lcom/mojang/serialization/Dynamic;Lorg/spongepowered/asm/mixin/injection/callback/CallbackInfo;)V doesn't use it's CallbackInfo
[30Sep2026 22:40:32.910] [main/DEBUG] [mixin/]: Mixing datafixer.V1460Mixin from create.mixins.json into net.minecraft.util.datafix.schemas.V1460
[30Sep2026 22:40:32.910] [main/DEBUG] [mixin/]: Mixing V1460Mixin from computercraft.mixins.json into net.minecraft.util.datafix.schemas.V1460
[30Sep2026 22:40:32.911] [main/DEBUG] [mixin/]: Renaming synthetic method lambda$registerTurtle$0(Lcom/mojang/datafixers/schemas/Schema;)Lcom/mojang/datafixers/types/templates/TypeTemplate; to mded67c0$computercraft$lambda$registerTurtle$0$0 in computercraft.mixins.json:V1460Mixin from mod computercraft
[30Sep2026 22:40:32.911] [main/DEBUG] [mixin/]: Renaming synthetic method lambda$registerBlockEntities$0(Lcom/mojang/datafixers/schemas/Schema;)Lcom/mojang/datafixers/types/templates/TypeTemplate; to mded67c0$computercraft$lambda$registerBlockEntities$0$1 in computercraft.mixins.json:V1460Mixin from mod computercraft
[30Sep2026 22:40:32.915] [main/DEBUG] [mixin/]: create.mixins.json:datafixer.V1460Mixin from mod create->@Inject::create$registerEntitiesToBeFixed(Lcom/mojang/datafixers/schemas/Schema;Lorg/spongepowered/asm/mixin/injection/callback/CallbackInfoReturnable;)V does use it's CallbackInfoReturnable
[30Sep2026 22:40:32.916] [main/DEBUG] [mixin/]: create.mixins.json:datafixer.V1460Mixin from mod create->@Inject::create$registerBlockEntitiesToBeFixed(Lcom/mojang/datafixers/schemas/Schema;Lorg/spongepowered/asm/mixin/injection/callback/CallbackInfoReturnable;)V does use it's CallbackInfoReturnable
[30Sep2026 22:40:32.916] [main/DEBUG] [mixin/]: computercraft.mixins.json:V1460Mixin from mod computercraft->@Inject::registerBlockEntities(Lcom/mojang/datafixers/schemas/Schema;Lorg/spongepowered/asm/mixin/injection/callback/CallbackInfoReturnable;)V does use it's CallbackInfoReturnable
[30Sep2026 22:40:33.175] [main/DEBUG] [mixin/]: Mixing V3818_3Mixin from computercraft.forge.mixins.json into net.minecraft.util.datafix.schemas.V3818_3
[30Sep2026 22:40:33.262] [main/DEBUG] [mixin/]: Generating mapped inner class net/minecraft/world/entity/monster/AbstractSkeleton$Anonymous$aa3fa098f9f6464aaf8891b5789bde02 (originally ewewukek/musketmod/mixin/AbstractSkeletonMixin$1)
[30Sep2026 22:40:33.269] [main/DEBUG] [mixin/]: Mixing entity.sublevels_block_sky.SubLevelsBlockSkyMixin from sable.mixins.json into net.minecraft.world.entity.ai.goal.FleeSunGoal
[30Sep2026 22:40:33.293] [main/DEBUG] [mixin/]: Mixing entity.tamed_teleport.TamableAnimalMixin from sable.mixins.json into net.minecraft.world.entity.TamableAnimal
[30Sep2026 22:40:33.317] [main/DEBUG] [mixin/]: Mixing accessor.MinecartFurnaceAccessor from create.mixins.json into net.minecraft.world.entity.vehicle.MinecartFurnace
[30Sep2026 22:40:33.352] [main/DEBUG] [mixin/]: Mixing entity.trident.ThrownTridentMixin from sable.mixins.json into net.minecraft.world.entity.projectile.ThrownTrident
[30Sep2026 22:40:33.353] [main/DEBUG] [mixin/]: sable.mixins.json:entity.trident.ThrownTridentMixin from mod sable->@Inject::sable$startReturning(Lorg/spongepowered/asm/mixin/injection/callback/CallbackInfo;)V doesn't use it's CallbackInfo
[30Sep2026 22:40:33.353] [main/DEBUG] [mixin/]: sable.mixins.json:entity.trident.ThrownTridentMixin from mod sable->@Inject::sable$startReturning(Lorg/spongepowered/asm/mixin/injection/callback/CallbackInfo;)V has 0 override(s) in child classes
[30Sep2026 22:40:33.353] [main/DEBUG] [mixin/]: sable.mixins.json:entity.trident.ThrownTridentMixin from mod sable->@Inject::sable$startReturning(Lorg/spongepowered/asm/mixin/injection/callback/CallbackInfo;)V won't be passed a CallbackInfo as a result
[30Sep2026 22:40:33.408] [main/DEBUG] [mixin/]: Mixing accessor.ItemFrameAccessor from create.mixins.json into net.minecraft.world.entity.decoration.ItemFrame
[30Sep2026 22:40:33.479] [main/DEBUG] [mixin/]: Mixing PillagerMixin from musketmod.mixins.json into net.minecraft.world.entity.monster.Pillager
[30Sep2026 22:40:33.482] [main/DEBUG] [mixin/]: musketmod.mixins.json:PillagerMixin from mod musketmod->@Inject::registerGoals(Lorg/spongepowered/asm/mixin/injection/callback/CallbackInfo;)V doesn't use it's CallbackInfo
[30Sep2026 22:40:33.482] [main/DEBUG] [mixin/]: musketmod.mixins.json:PillagerMixin from mod musketmod->@Inject::registerGoals(Lorg/spongepowered/asm/mixin/injection/callback/CallbackInfo;)V has 0 override(s) in child classes
[30Sep2026 22:40:33.482] [main/DEBUG] [mixin/]: musketmod.mixins.json:PillagerMixin from mod musketmod->@Inject::registerGoals(Lorg/spongepowered/asm/mixin/injection/callback/CallbackInfo;)V won't be passed a CallbackInfo as a result
[30Sep2026 22:40:33.482] [main/DEBUG] [mixin/]: musketmod.mixins.json:PillagerMixin from mod musketmod->@Inject::populateDefaultEquipmentSlots(Lorg/spongepowered/asm/mixin/injection/callback/CallbackInfo;)V doesn't use it's CallbackInfo
[30Sep2026 22:40:33.482] [main/DEBUG] [mixin/]: musketmod.mixins.json:PillagerMixin from mod musketmod->@Inject::populateDefaultEquipmentSlots(Lorg/spongepowered/asm/mixin/injection/callback/CallbackInfo;)V has 0 override(s) in child classes
[30Sep2026 22:40:33.482] [main/DEBUG] [mixin/]: musketmod.mixins.json:PillagerMixin from mod musketmod->@Inject::populateDefaultEquipmentSlots(Lorg/spongepowered/asm/mixin/injection/callback/CallbackInfo;)V won't be passed a CallbackInfo as a result
[30Sep2026 22:40:33.482] [main/DEBUG] [mixin/]: musketmod.mixins.json:PillagerMixin from mod musketmod->@Inject::getArmPose(Lorg/spongepowered/asm/mixin/injection/callback/CallbackInfoReturnable;)V does use it's CallbackInfoReturnable
[30Sep2026 22:40:33.484] [main/DEBUG] [mixin/]: Generating mapped inner class net/minecraft/world/entity/monster/Pillager$Anonymous$0de56354934c4edeb71ec9c5a3af6c53 (originally ewewukek/musketmod/mixin/PillagerMixin$1)
[30Sep2026 22:40:33.500] [main/DEBUG] [mixin/]: Mixing entity.entity_ai.EatBlockGoalMixin from sable.mixins.json into net.minecraft.world.entity.ai.goal.EatBlockGoal
[30Sep2026 22:40:34.082] [main/DEBUG] [mixin/]: Mixing accessor.ProjectileDispenseBehaviorAccessor from create.mixins.json into net.minecraft.core.dispenser.ProjectileDispenseBehavior
[30Sep2026 22:40:34.083] [main/DEBUG] [mixin/]: Mixing recoil.ProjectileDispenseBehaviorMixin from sable.mixins.json into net.minecraft.core.dispenser.ProjectileDispenseBehavior
[30Sep2026 22:40:34.085] [main/DEBUG] [mixin/]: sable.mixins.json:recoil.ProjectileDispenseBehaviorMixin from mod sable->@Inject::sable$applyRecoil(Lnet/minecraft/core/dispenser/BlockSource;Lnet/minecraft/world/item/ItemStack;Lorg/spongepowered/asm/mixin/injection/callback/CallbackInfoReturnable;)V doesn't use it's CallbackInfoReturnable
[30Sep2026 22:40:34.085] [main/DEBUG] [mixin/]: sable.mixins.json:recoil.ProjectileDispenseBehaviorMixin from mod sable->@Inject::sable$applyRecoil(Lnet/minecraft/core/dispenser/BlockSource;Lnet/minecraft/world/item/ItemStack;Lorg/spongepowered/asm/mixin/injection/callback/CallbackInfoReturnable;)V has 0 override(s) in child classes
[30Sep2026 22:40:34.085] [main/DEBUG] [mixin/]: sable.mixins.json:recoil.ProjectileDispenseBehaviorMixin from mod sable->@Inject::sable$applyRecoil(Lnet/minecraft/core/dispenser/BlockSource;Lnet/minecraft/world/item/ItemStack;Lorg/spongepowered/asm/mixin/injection/callback/CallbackInfoReturnable;)V won't be passed a CallbackInfoReturnable as a result
[30Sep2026 22:40:34.164] [main/DEBUG] [mixin/]: Mixing accessor.ShapedRecipeAccessor from create.mixins.json into net.minecraft.world.item.crafting.ShapedRecipe
[30Sep2026 22:40:34.297] [main/DEBUG] [mixin/]: Mixing EnchantedCountIncreaseFunctionMixin from create.mixins.json into net.minecraft.world.level.storage.loot.functions.EnchantedCountIncreaseFunction
[30Sep2026 22:40:34.300] [main/DEBUG] [mixin/]: create.mixins.json:EnchantedCountIncreaseFunctionMixin from mod create->@Inject::create$crushingWheelLooting(Lnet/minecraft/world/item/ItemStack;Lnet/minecraft/world/level/storage/loot/LootContext;Lorg/spongepowered/asm/mixin/injection/callback/CallbackInfoReturnable;)V doesn't use it's CallbackInfoReturnable
[30Sep2026 22:40:34.300] [main/DEBUG] [mixin/]: create.mixins.json:EnchantedCountIncreaseFunctionMixin from mod create->@Inject::create$crushingWheelLooting(Lnet/minecraft/world/item/ItemStack;Lnet/minecraft/world/level/storage/loot/LootContext;Lorg/spongepowered/asm/mixin/injection/callback/CallbackInfoReturnable;)V has 0 override(s) in child classes
[30Sep2026 22:40:34.300] [main/DEBUG] [mixin/]: create.mixins.json:EnchantedCountIncreaseFunctionMixin from mod create->@Inject::create$crushingWheelLooting(Lnet/minecraft/world/item/ItemStack;Lnet/minecraft/world/level/storage/loot/LootContext;Lorg/spongepowered/asm/mixin/injection/callback/CallbackInfoReturnable;)V won't be passed a CallbackInfoReturnable as a result
[30Sep2026 22:40:34.847] [main/DEBUG] [mixin/]: Mixing server.MixinChunkGenerator from DistantHorizons.neoforge.mixins.json into net.minecraft.world.level.chunk.ChunkGenerator
[30Sep2026 22:40:34.847] [main/DEBUG] [mixin/]: Mixing server.MixinTFChunkGenerator from DistantHorizons.neoforge.mixins.json into net.minecraft.world.level.chunk.ChunkGenerator
[30Sep2026 22:40:35.089] [main/DEBUG] [mixin/]: Mixing compatibility.create.airflow.FanProcessingTypeMixin from sable-neoforge.mixins.json into com.simibubi.create.content.kinetics.fan.processing.FanProcessingType
[30Sep2026 22:40:35.090] [main/DEBUG] [mixin/]: Renaming synthetic method lambda$getAt$0(Lcom/llamalad7/mixinextras/injector/wrapoperation/Operation;Lnet/minecraft/world/level/Level;Ldev/ryanhcode/sable/sublevel/SubLevel;Lnet/minecraft/core/BlockPos;)Lcom/simibubi/create/content/kinetics/fan/processing/FanProcessingType; to mded67c0$sable$lambda$getAt$0$0 in sable-neoforge.mixins.json:compatibility.create.airflow.FanProcessingTypeMixin from mod sable
[30Sep2026 22:40:35.093] [main/DEBUG] [mixin/]: Mixing LanguageMixin from wthit.mixins.json into net.minecraft.locale.Language
[30Sep2026 22:40:35.094] [main/DEBUG] [mixin/]: wthit.mixins.json:LanguageMixin from mod wthit: Class version 65 required is higher than the class version supported by the current version of Mixin (JAVA_16 supports class version 60)
[30Sep2026 22:40:35.095] [main/DEBUG] [mixin/]: wthit.mixins.json:LanguageMixin from mod wthit->@Inject::wthit_inject(Lorg/spongepowered/asm/mixin/injection/callback/CallbackInfo;)V doesn't use it's CallbackInfo
[30Sep2026 22:40:35.175] [main/DEBUG] [mixin/]: Mixing accessor.MinecraftServerAccessor from ponder-common.mixins.json into net.minecraft.server.MinecraftServer
[30Sep2026 22:40:35.176] [main/DEBUG] [mixin/]: ponder-common.mixins.json:accessor.MinecraftServerAccessor from mod ponder: Class version 65 required is higher than the class version supported by the current version of Mixin (JAVA_17 supports class version 61)
[30Sep2026 22:40:35.176] [main/DEBUG] [mixin/]: Mixing udp.MinecraftServerMixin from sable.mixins.json into net.minecraft.server.MinecraftServer
[30Sep2026 22:40:35.178] [main/DEBUG] [mixin/]: Mixing NetworkMinecraftServerMixin from veil.network.mixins.json into net.minecraft.server.MinecraftServer
[30Sep2026 22:40:35.178] [main/DEBUG] [mixin/]: Mixing MinecraftServerMixin from veil.scheduler.mixins.json into net.minecraft.server.MinecraftServer
[30Sep2026 22:40:35.184] [main/DEBUG] [mixin/]: sable.mixins.json:udp.MinecraftServerMixin from mod sable->@Inject::sable$keepUdpSocketsAlive(Ljava/util/function/BooleanSupplier;Lorg/spongepowered/asm/mixin/injection/callback/CallbackInfo;)V doesn't use it's CallbackInfo
[30Sep2026 22:40:35.184] [main/DEBUG] [mixin/]: sable.mixins.json:udp.MinecraftServerMixin from mod sable->@Inject::sable$keepUdpSocketsAlive(Ljava/util/function/BooleanSupplier;Lorg/spongepowered/asm/mixin/injection/callback/CallbackInfo;)V has 0 override(s) in child classes
[30Sep2026 22:40:35.184] [main/DEBUG] [mixin/]: sable.mixins.json:udp.MinecraftServerMixin from mod sable->@Inject::sable$keepUdpSocketsAlive(Ljava/util/function/BooleanSupplier;Lorg/spongepowered/asm/mixin/injection/callback/CallbackInfo;)V won't be passed a CallbackInfo as a result
[30Sep2026 22:40:35.185] [main/DEBUG] [mixin/]: veil.scheduler.mixins.json:MinecraftServerMixin from mod veil->@Inject::stopServer(Lorg/spongepowered/asm/mixin/injection/callback/CallbackInfo;)V doesn't use it's CallbackInfo
[30Sep2026 22:40:35.185] [main/DEBUG] [mixin/]: veil.scheduler.mixins.json:MinecraftServerMixin from mod veil->@Inject::stopServer(Lorg/spongepowered/asm/mixin/injection/callback/CallbackInfo;)V has 0 override(s) in child classes
[30Sep2026 22:40:35.185] [main/DEBUG] [mixin/]: veil.scheduler.mixins.json:MinecraftServerMixin from mod veil->@Inject::stopServer(Lorg/spongepowered/asm/mixin/injection/callback/CallbackInfo;)V won't be passed a CallbackInfo as a result
[30Sep2026 22:40:35.235] [main/DEBUG] [net.neoforged.fml.ModWorkManager/LOADING]: Using 24 threads for parallel mod-loading
[30Sep2026 22:40:35.273] [main/DEBUG] [net.neoforged.fml.javafmlmod.FMLModContainer/LOADING]: Creating FMLModContainer instance for [cpw.mods.inventorysorter.InventorySorter]
[30Sep2026 22:40:35.286] [main/DEBUG] [net.neoforged.fml.javafmlmod.FMLModContainer/LOADING]: Creating FMLModContainer instance for [de.maax.paxels.SimplePaxels]
[30Sep2026 22:40:35.287] [main/DEBUG] [net.neoforged.fml.javafmlmod.FMLModContainer/LOADING]: Creating FMLModContainer instance for []
[30Sep2026 22:40:35.287] [main/DEBUG] [net.neoforged.fml.javafmlmod.FMLModContainer/LOADING]: Creating FMLModContainer instance for [mezz.jei.neoforge.JustEnoughItems]
[30Sep2026 22:40:35.288] [main/DEBUG] [net.neoforged.fml.javafmlmod.FMLModContainer/LOADING]: Creating FMLModContainer instance for [dev.eriksonn.aeronautics.neoforge.AeronauticsNeoForge]
[30Sep2026 22:40:35.288] [main/DEBUG] [net.neoforged.fml.javafmlmod.FMLModContainer/LOADING]: Creating FMLModContainer instance for [commonnetwork.CommonNetworkNeoForge]
[30Sep2026 22:40:35.289] [main/DEBUG] [net.neoforged.fml.javafmlmod.FMLModContainer/LOADING]: Creating FMLModContainer instance for [net.venturecraft.gliders.neoforge.VCGlidersNeoForge]
[30Sep2026 22:40:35.290] [main/DEBUG] [net.neoforged.fml.lowcodemod.LowCodeModContainer/LOADING]: Creating LowCodeModContainer for aeronautics_bundled
[30Sep2026 22:40:35.290] [main/DEBUG] [net.neoforged.fml.javafmlmod.FMLModContainer/LOADING]: Creating FMLModContainer instance for [mcp.mobius.waila.neo.NeoWailaClient$HahaBorgeGoBrrrr]
[30Sep2026 22:40:35.291] [main/DEBUG] [net.neoforged.fml.javafmlmod.FMLModContainer/LOADING]: Creating FMLModContainer instance for [mcp.mobius.waila.neo.NeoWaila]
[30Sep2026 22:40:35.292] [main/DEBUG] [net.neoforged.fml.javafmlmod.FMLModContainer/LOADING]: Creating FMLModContainer instance for [io.github.danielhackerxd.allarrowspickup.AllArrowsPickup]
[30Sep2026 22:40:35.293] [main/DEBUG] [net.neoforged.fml.javafmlmod.FMLModContainer/LOADING]: Creating FMLModContainer instance for []
[30Sep2026 22:40:35.293] [main/DEBUG] [net.neoforged.fml.javafmlmod.FMLModContainer/LOADING]: Creating FMLModContainer instance for []
[30Sep2026 22:40:35.293] [main/DEBUG] [net.neoforged.fml.javafmlmod.FMLModContainer/LOADING]: Creating FMLModContainer instance for [net.createmod.ponder.NeoForgePonder]
[30Sep2026 22:40:35.294] [main/DEBUG] [net.neoforged.fml.javafmlmod.FMLModContainer/LOADING]: Creating FMLModContainer instance for [com.simibubi.create.Create]
[30Sep2026 22:40:35.295] [main/DEBUG] [net.neoforged.fml.javafmlmod.FMLModContainer/LOADING]: Creating FMLModContainer instance for [dev.ryanhcode.sable.neoforge.SableNeoForge]
[30Sep2026 22:40:35.296] [main/DEBUG] [net.neoforged.fml.javafmlmod.FMLModContainer/LOADING]: Creating FMLModContainer instance for [journeymap.common.JourneymapNeoForge]
[30Sep2026 22:40:35.296] [main/DEBUG] [net.neoforged.fml.javafmlmod.FMLModContainer/LOADING]: Creating FMLModContainer instance for [net.neoforged.neoforge.common.NeoForgeMod]
[30Sep2026 22:40:35.299] [main/DEBUG] [net.neoforged.fml.javafmlmod.FMLModContainer/LOADING]: Creating FMLModContainer instance for [lol.bai.badpackets.impl.neo.NeoBadPackets]
[30Sep2026 22:40:35.300] [main/DEBUG] [net.neoforged.fml.javafmlmod.FMLModContainer/LOADING]: Creating FMLModContainer instance for [foundry.veil.forge.VeilForge]
[30Sep2026 22:40:35.300] [main/DEBUG] [net.neoforged.fml.javafmlmod.FMLModContainer/LOADING]: Creating FMLModContainer instance for [ewewukek.musketmod.MusketMod]
[30Sep2026 22:40:35.302] [main/DEBUG] [net.neoforged.fml.javafmlmod.FMLModContainer/LOADING]: Creating FMLModContainer instance for [dev.simulated_team.simulated.neoforge.SimulatedNeoForge]
[30Sep2026 22:40:35.303] [main/DEBUG] [net.neoforged.fml.javafmlmod.FMLModContainer/LOADING]: Creating FMLModContainer instance for [dan200.computercraft.ComputerCraft]
[30Sep2026 22:40:35.304] [main/DEBUG] [net.neoforged.fml.javafmlmod.FMLModContainer/LOADING]: Creating FMLModContainer instance for [com.seibel.distanthorizons.neoforge.NeoforgeMain]
[30Sep2026 22:40:35.306] [main/DEBUG] [net.neoforged.fml.javafmlmod.FMLModContainer/LOADING]: Creating FMLModContainer instance for [com.hlysine.create_power_loader.CreatePowerLoader]
[30Sep2026 22:40:35.307] [main/DEBUG] [net.neoforged.fml.javafmlmod.FMLModContainer/LOADING]: Creating FMLModContainer instance for [me.shedaniel.clothconfig.ClothConfigForge]
[30Sep2026 22:40:35.307] [main/DEBUG] [net.neoforged.fml.javafmlmod.FMLModContainer/LOADING]: Creating FMLModContainer instance for [journeymap.JourneyMapAPI]
[30Sep2026 22:40:35.307] [main/DEBUG] [net.neoforged.fml.javafmlmod.FMLModContainer/LOADING]: Creating FMLModContainer instance for [dev.ryanhcode.offroad.neoforge.OffroadNeoForge]
[30Sep2026 22:40:35.317] [modloading-worker-0/DEBUG] [net.neoforged.fml.javafmlmod.AutomaticEventSubscriber/LOADING]: Attempting to inject @EventBusSubscriber classes into the eventbus for playeranimator
[30Sep2026 22:40:35.317] [modloading-worker-0/DEBUG] [mixin/]: Mixing DeferredRegisterMixin from veil.neoforge.mixins.json into net.neoforged.neoforge.registries.DeferredRegister
[30Sep2026 22:40:35.318] [modloading-worker-0/DEBUG] [mixin/]: Renaming synthetic method lambda$register$0(Ljava/util/function/Function;Lnet/minecraft/resources/ResourceLocation;)Ljava/lang/Object; to mded67c0$veil$lambda$register$0$0 in veil.neoforge.mixins.json:DeferredRegisterMixin from mod veil
[30Sep2026 22:40:35.319] [modloading-worker-0/DEBUG] [net.neoforged.fml.javafmlmod.AutomaticEventSubscriber/LOADING]: Attempting to inject @EventBusSubscriber classes into the eventbus for wthit
[30Sep2026 22:40:35.321] [modloading-worker-0/DEBUG] [net.neoforged.fml.javafmlmod.AutomaticEventSubscriber/LOADING]: Attempting to inject @EventBusSubscriber classes into the eventbus for sablecompanion
[30Sep2026 22:40:35.321] [modloading-worker-0/DEBUG] [net.neoforged.fml.javafmlmod.AutomaticEventSubscriber/LOADING]: Attempting to inject @EventBusSubscriber classes into the eventbus for flywheel
[30Sep2026 22:40:35.323] [modloading-worker-0/DEBUG] [net.neoforged.fml.javafmlmod.AutomaticEventSubscriber/LOADING]: Attempting to inject @EventBusSubscriber classes into the eventbus for badpackets
[30Sep2026 22:40:35.324] [modloading-worker-0/INFO] [Veil/]: Veil is initializing.
[30Sep2026 22:40:35.329] [modloading-worker-0/DEBUG] [net.neoforged.fml.javafmlmod.AutomaticEventSubscriber/LOADING]: Attempting to inject @EventBusSubscriber classes into the eventbus for cloth_config
[30Sep2026 22:40:35.330] [modloading-worker-0/DEBUG] [net.neoforged.fml.javafmlmod.AutomaticEventSubscriber/LOADING]: Attempting to inject @EventBusSubscriber classes into the eventbus for journeymap_api
[30Sep2026 22:40:35.367] [modloading-worker-0/DEBUG] [net.neoforged.fml.javafmlmod.AutomaticEventSubscriber/LOADING]: Attempting to inject @EventBusSubscriber classes into the eventbus for paxels
[30Sep2026 22:40:35.369] [modloading-worker-0/DEBUG] [net.neoforged.fml.javafmlmod.AutomaticEventSubscriber/LOADING]: Attempting to inject @EventBusSubscriber classes into the eventbus for distanthorizons
[30Sep2026 22:40:35.376] [modloading-worker-0/DEBUG] [mixin/]: Mixing udp.ConnectionMixin from sable.mixins.json into net.minecraft.network.Connection
[30Sep2026 22:40:35.379] [modloading-worker-0/DEBUG] [mixin/]: Renaming synthetic method lambda$sable$onDisconnect$0(Lio/netty/util/concurrent/Future;)V to mded67c0$sable$lambda$sable$onDisconnect$0$0 in sable.mixins.json:udp.ConnectionMixin from mod sable
[30Sep2026 22:40:35.386] [modloading-worker-0/DEBUG] [mixin/]: Mixing MixinConnection from badpackets.mixins.json into net.minecraft.network.Connection
[30Sep2026 22:40:35.386] [modloading-worker-0/DEBUG] [mixin/]: badpackets.mixins.json:MixinConnection from mod badpackets: Class version 65 required is higher than the class version supported by the current version of Mixin (JAVA_16 supports class version 60)
[30Sep2026 22:40:35.393] [modloading-worker-0/INFO] [ewewukek.musketmod.MusketMod/]: Configuration has been loaded
[30Sep2026 22:40:35.398] [modloading-worker-0/DEBUG] [mixin/]: sable.mixins.json:udp.ConnectionMixin from mod sable->@Inject::sable$onDisconnect(Lnet/minecraft/network/DisconnectionDetails;Lorg/spongepowered/asm/mixin/injection/callback/CallbackInfo;)V doesn't use it's CallbackInfo
[30Sep2026 22:40:35.399] [modloading-worker-0/DEBUG] [mixin/]: sable.mixins.json:udp.ConnectionMixin from mod sable->@Inject::sable$onDisconnect(Lnet/minecraft/network/DisconnectionDetails;Lorg/spongepowered/asm/mixin/injection/callback/CallbackInfo;)V has 0 override(s) in child classes
[30Sep2026 22:40:35.399] [modloading-worker-0/DEBUG] [mixin/]: sable.mixins.json:udp.ConnectionMixin from mod sable->@Inject::sable$onDisconnect(Lnet/minecraft/network/DisconnectionDetails;Lorg/spongepowered/asm/mixin/injection/callback/CallbackInfo;)V won't be passed a CallbackInfo as a result
[30Sep2026 22:40:35.399] [modloading-worker-0/DEBUG] [mixin/]: sable.mixins.json:udp.ConnectionMixin from mod sable->@Inject::sable$connect(Ljava/net/InetSocketAddress;ZLnet/minecraft/network/Connection;Lorg/spongepowered/asm/mixin/injection/callback/CallbackInfoReturnable;)V doesn't use it's CallbackInfoReturnable
[30Sep2026 22:40:35.399] [modloading-worker-0/DEBUG] [mixin/]: sable.mixins.json:udp.ConnectionMixin from mod sable->@Inject::sable$connectToLocalServer(Ljava/net/SocketAddress;Lorg/spongepowered/asm/mixin/injection/callback/CallbackInfoReturnable;)V doesn't use it's CallbackInfoReturnable
[30Sep2026 22:40:35.399] [modloading-worker-0/DEBUG] [mixin/]: badpackets.mixins.json:MixinConnection from mod badpackets->@Inject::badpackets_cleanOldListener(Lnet/minecraft/network/ProtocolInfo;Lnet/minecraft/network/PacketListener;Lorg/spongepowered/asm/mixin/injection/callback/CallbackInfo;)V doesn't use it's CallbackInfo
[30Sep2026 22:40:35.399] [modloading-worker-0/DEBUG] [mixin/]: badpackets.mixins.json:MixinConnection from mod badpackets->@Inject::badpackets_cleanOldListener(Lnet/minecraft/network/ProtocolInfo;Lnet/minecraft/network/PacketListener;Lorg/spongepowered/asm/mixin/injection/callback/CallbackInfo;)V has 0 override(s) in child classes
[30Sep2026 22:40:35.399] [modloading-worker-0/DEBUG] [mixin/]: badpackets.mixins.json:MixinConnection from mod badpackets->@Inject::badpackets_cleanOldListener(Lnet/minecraft/network/ProtocolInfo;Lnet/minecraft/network/PacketListener;Lorg/spongepowered/asm/mixin/injection/callback/CallbackInfo;)V won't be passed a CallbackInfo as a result
[30Sep2026 22:40:35.399] [modloading-worker-0/DEBUG] [mixin/]: badpackets.mixins.json:MixinConnection from mod badpackets->@Inject::badpackets_cleanListener(Lio/netty/channel/ChannelHandlerContext;Lorg/spongepowered/asm/mixin/injection/callback/CallbackInfo;)V doesn't use it's CallbackInfo
[30Sep2026 22:40:35.399] [modloading-worker-0/DEBUG] [mixin/]: badpackets.mixins.json:MixinConnection from mod badpackets->@Inject::badpackets_cleanListener(Lio/netty/channel/ChannelHandlerContext;Lorg/spongepowered/asm/mixin/injection/callback/CallbackInfo;)V has 0 override(s) in child classes
[30Sep2026 22:40:35.399] [modloading-worker-0/DEBUG] [mixin/]: badpackets.mixins.json:MixinConnection from mod badpackets->@Inject::badpackets_cleanListener(Lio/netty/channel/ChannelHandlerContext;Lorg/spongepowered/asm/mixin/injection/callback/CallbackInfo;)V won't be passed a CallbackInfo as a result
[30Sep2026 22:40:35.399] [modloading-worker-0/DEBUG] [mixin/]: badpackets.mixins.json:MixinConnection from mod badpackets->@Inject::badpackets_cleanListener(Lorg/spongepowered/asm/mixin/injection/callback/CallbackInfo;)V doesn't use it's CallbackInfo
[30Sep2026 22:40:35.399] [modloading-worker-0/DEBUG] [mixin/]: badpackets.mixins.json:MixinConnection from mod badpackets->@Inject::badpackets_cleanListener(Lorg/spongepowered/asm/mixin/injection/callback/CallbackInfo;)V has 0 override(s) in child classes
[30Sep2026 22:40:35.399] [modloading-worker-0/DEBUG] [mixin/]: badpackets.mixins.json:MixinConnection from mod badpackets->@Inject::badpackets_cleanListener(Lorg/spongepowered/asm/mixin/injection/callback/CallbackInfo;)V won't be passed a CallbackInfo as a result
[30Sep2026 22:40:35.411] [modloading-worker-0/DEBUG] [mixin/]: Mixing MixinClientboundCustomPayloadPacket from badpackets.mixins.json into net.minecraft.network.protocol.common.ClientboundCustomPayloadPacket
[30Sep2026 22:40:35.411] [modloading-worker-0/DEBUG] [mixin/]: badpackets.mixins.json:MixinClientboundCustomPayloadPacket from mod badpackets: Class version 65 required is higher than the class version supported by the current version of Mixin (JAVA_16 supports class version 60)
[30Sep2026 22:40:35.417] [modloading-worker-0/DEBUG] [mixin/]: badpackets.mixins.json:MixinClientboundCustomPayloadPacket from mod badpackets->@Inject::badpackets_handle(Lnet/minecraft/network/protocol/common/ClientCommonPacketListener;Lorg/spongepowered/asm/mixin/injection/callback/CallbackInfo;)V does use it's CallbackInfo
[30Sep2026 22:40:35.422] [modloading-worker-0/DEBUG] [net.neoforged.fml.javafmlmod.AutomaticEventSubscriber/LOADING]: Attempting to inject @EventBusSubscriber classes into the eventbus for musketmod
[30Sep2026 22:40:35.423] [modloading-worker-0/DEBUG] [mixin/]: Mixing MixinServerboundCustomPayloadPacket from badpackets.mixins.json into net.minecraft.network.protocol.common.ServerboundCustomPayloadPacket
[30Sep2026 22:40:35.423] [modloading-worker-0/DEBUG] [mixin/]: badpackets.mixins.json:MixinServerboundCustomPayloadPacket from mod badpackets: Class version 65 required is higher than the class version supported by the current version of Mixin (JAVA_16 supports class version 60)
[30Sep2026 22:40:35.423] [modloading-worker-0/DEBUG] [mixin/]: Renaming synthetic method lambda$badpackets_attachChannelCodecs$0(Lnet/minecraft/resources/ResourceLocation;Lnet/minecraft/network/FriendlyByteBuf;)Lnet/minecraft/network/codec/StreamCodec; to mded67c0$badpackets$lambda$badpackets_attachChannelCodecs$0$0 in badpackets.mixins.json:MixinServerboundCustomPayloadPacket from mod badpackets
[30Sep2026 22:40:35.427] [modloading-worker-0/DEBUG] [mixin/]: badpackets.mixins.json:MixinServerboundCustomPayloadPacket from mod badpackets->@Inject::badpackets_handle(Lnet/minecraft/network/protocol/common/ServerCommonPacketListener;Lorg/spongepowered/asm/mixin/injection/callback/CallbackInfo;)V does use it's CallbackInfo
[30Sep2026 22:40:35.436] [modloading-worker-0/DEBUG] [net.neoforged.fml.javafmlmod.AutomaticEventSubscriber/LOADING]: Attempting to inject @EventBusSubscriber classes into the eventbus for waila
[30Sep2026 22:40:35.436] [modloading-worker-0/DEBUG] [net.neoforged.fml.javafmlmod.AutomaticEventSubscriber/LOADING]: Scanning class mcp.mobius.waila.neo.NeoWailaDedicatedServer$Subscriber for @SubscribeEvent-annotated methods
[30Sep2026 22:40:35.438] [modloading-worker-0/DEBUG] [net.neoforged.fml.javafmlmod.AutomaticEventSubscriber/]: Subscribing @EventBusSubscriber class Lmcp/mobius/waila/neo/NeoWailaDedicatedServer$Subscriber; to the game event bus
[30Sep2026 22:40:35.440] [modloading-worker-0/DEBUG] [net.neoforged.fml.javafmlmod.AutomaticEventSubscriber/LOADING]: Attempting to inject @EventBusSubscriber classes into the eventbus for veil
[30Sep2026 22:40:35.442] [modloading-worker-0/DEBUG] [net.neoforged.fml.javafmlmod.AutomaticEventSubscriber/LOADING]: Scanning class foundry.veil.forge.VeilForgeEvents for @SubscribeEvent-annotated methods
[30Sep2026 22:40:35.443] [modloading-worker-0/DEBUG] [net.neoforged.fml.javafmlmod.AutomaticEventSubscriber/LOADING]: Scanning class mcp.mobius.waila.neo.NeoWaila for @SubscribeEvent-annotated methods
[30Sep2026 22:40:35.443] [modloading-worker-0/DEBUG] [net.neoforged.fml.javafmlmod.AutomaticEventSubscriber/]: Subscribing @EventBusSubscriber class Lmcp/mobius/waila/neo/NeoWaila; to the mod event bus of mod waila
[30Sep2026 22:40:35.446] [modloading-worker-0/DEBUG] [net.neoforged.fml.javafmlmod.AutomaticEventSubscriber/LOADING]: Attempting to inject @EventBusSubscriber classes into the eventbus for commonnetworking
[30Sep2026 22:40:35.446] [modloading-worker-0/DEBUG] [net.neoforged.fml.javafmlmod.AutomaticEventSubscriber/LOADING]: Scanning class mcp.mobius.waila.neo.NeoWaila$Subscriber for @SubscribeEvent-annotated methods
[30Sep2026 22:40:35.446] [modloading-worker-0/DEBUG] [net.neoforged.fml.javafmlmod.AutomaticEventSubscriber/]: Subscribing @EventBusSubscriber class Lfoundry/veil/forge/VeilForgeEvents; to the game event bus
[30Sep2026 22:40:35.446] [modloading-worker-0/DEBUG] [mixin/]: Mixing extra_kinetics.auto_orientation.FixAutoOrientationMixin from simulated.mixins.json into com.simibubi.create.content.kinetics.base.DirectionalAxisKineticBlock
[30Sep2026 22:40:35.451] [modloading-worker-0/DEBUG] [mixin/]: Mixing extra_kinetics.auto_orientation.FixAutoOrientationMixin from simulated.mixins.json into com.simibubi.create.content.kinetics.base.DirectionalKineticBlock
[30Sep2026 22:40:35.452] [modloading-worker-0/DEBUG] [net.neoforged.fml.config.ConfigTracker/CONFIG]: Config file allarrowspickup-common.toml for allarrowspickup tracking
[30Sep2026 22:40:35.452] [modloading-worker-0/DEBUG] [net.neoforged.fml.config.ConfigTracker/CONFIG]: Config file jei-server.toml for jei tracking
[30Sep2026 22:40:35.452] [modloading-worker-0/DEBUG] [net.neoforged.fml.config.ConfigTracker/CONFIG]: Config file inventorysorter-client.toml for inventorysorter tracking
[30Sep2026 22:40:35.452] [modloading-worker-0/INFO] [AllArrowsPickup/]: All Arrows Pickup loaded - arrows shot by any entity will now be pickable.
[30Sep2026 22:40:35.454] [modloading-worker-0/DEBUG] [net.neoforged.fml.javafmlmod.AutomaticEventSubscriber/LOADING]: Attempting to inject @EventBusSubscriber classes into the eventbus for allarrowspickup
[30Sep2026 22:40:35.457] [modloading-worker-0/DEBUG] [mixin/]: Mixing extra_kinetics.KineticBlockMixin from simulated.mixins.json into com.simibubi.create.content.kinetics.base.KineticBlock
[30Sep2026 22:40:35.457] [modloading-worker-0/DEBUG] [net.neoforged.fml.javafmlmod.AutomaticEventSubscriber/]: Subscribing @EventBusSubscriber class Lmcp/mobius/waila/neo/NeoWaila$Subscriber; to the game event bus
[30Sep2026 22:40:35.459] [modloading-worker-0/DEBUG] [mixin/]: simulated.mixins.json:extra_kinetics.KineticBlockMixin from mod simulated->@Inject::simulated$extraKineticsReset(Lnet/minecraft/world/level/block/state/BlockState;Lnet/minecraft/world/level/LevelAccessor;Lnet/minecraft/core/BlockPos;IILorg/spongepowered/asm/mixin/injection/callback/CallbackInfo;)V doesn't use it's CallbackInfo
[30Sep2026 22:40:35.459] [modloading-worker-0/DEBUG] [mixin/]: simulated.mixins.json:extra_kinetics.KineticBlockMixin from mod simulated->@Inject::simulated$extraKineticsReset(Lnet/minecraft/world/level/block/state/BlockState;Lnet/minecraft/world/level/LevelAccessor;Lnet/minecraft/core/BlockPos;IILorg/spongepowered/asm/mixin/injection/callback/CallbackInfo;)V has 0 override(s) in child classes
[30Sep2026 22:40:35.459] [modloading-worker-0/DEBUG] [mixin/]: simulated.mixins.json:extra_kinetics.KineticBlockMixin from mod simulated->@Inject::simulated$extraKineticsReset(Lnet/minecraft/world/level/block/state/BlockState;Lnet/minecraft/world/level/LevelAccessor;Lnet/minecraft/core/BlockPos;IILorg/spongepowered/asm/mixin/injection/callback/CallbackInfo;)V won't be passed a CallbackInfo as a result
[30Sep2026 22:40:35.465] [modloading-worker-0/DEBUG] [net.neoforged.fml.config.ConfigTracker/CONFIG]: Config file ponder-client.toml for ponder tracking
[30Sep2026 22:40:35.465] [modloading-worker-0/DEBUG] [net.neoforged.fml.javafmlmod.AutomaticEventSubscriber/LOADING]: Attempting to inject @EventBusSubscriber classes into the eventbus for ponder
[30Sep2026 22:40:35.466] [modloading-worker-0/DEBUG] [net.neoforged.fml.config.ConfigTracker/CONFIG]: Config file inventorysorter-server.toml for inventorysorter tracking
[30Sep2026 22:40:35.466] [modloading-worker-0/DEBUG] [net.neoforged.fml.javafmlmod.AutomaticEventSubscriber/LOADING]: Scanning class net.createmod.ponder.NeoForgePonder$ModBusEvents for @SubscribeEvent-annotated methods
[30Sep2026 22:40:35.467] [modloading-worker-0/DEBUG] [net.neoforged.fml.javafmlmod.AutomaticEventSubscriber/]: Subscribing @EventBusSubscriber class Lnet/createmod/ponder/NeoForgePonder$ModBusEvents; to the mod event bus of mod ponder
[30Sep2026 22:40:35.469] [modloading-worker-0/DEBUG] [net.neoforged.fml.javafmlmod.AutomaticEventSubscriber/LOADING]: Scanning class net.createmod.ponder.NeoForgePonder$Events for @SubscribeEvent-annotated methods
[30Sep2026 22:40:35.471] [modloading-worker-0/DEBUG] [net.neoforged.fml.javafmlmod.AutomaticEventSubscriber/]: Subscribing @EventBusSubscriber class Lnet/createmod/ponder/NeoForgePonder$Events; to the game event bus
[30Sep2026 22:40:35.471] [modloading-worker-0/DEBUG] [net.neoforged.neoforge.internal.versions.neoforge.NeoForgeVersion/CORE]: Found NeoForge version 21.1.248
[30Sep2026 22:40:35.471] [modloading-worker-0/DEBUG] [net.neoforged.neoforge.internal.versions.neoforge.NeoForgeVersion/CORE]: Found FML version 4.0.43
[30Sep2026 22:40:35.472] [modloading-worker-0/DEBUG] [net.neoforged.fml.javafmlmod.AutomaticEventSubscriber/LOADING]: Attempting to inject @EventBusSubscriber classes into the eventbus for jei
[30Sep2026 22:40:35.471] [modloading-worker-0/INFO] [net.neoforged.neoforge.common.NeoForgeMod/NEOFORGE-MOD]: NeoForge mod loading, version 21.1.248, for MC 1.21.1
[30Sep2026 22:40:35.473] [modloading-worker-0/INFO] [com.simibubi.create.Create/]: Create 6.0.10 initializing! Commit hash: ac0c444d9828da3453ae8cc65338e8de063286fb
[30Sep2026 22:40:35.474] [modloading-worker-0/DEBUG] [net.neoforged.fml.javafmlmod.AutomaticEventSubscriber/LOADING]: Attempting to inject @EventBusSubscriber classes into the eventbus for inventorysorter
[30Sep2026 22:40:35.496] [modloading-worker-0/DEBUG] [net.neoforged.fml.config.ConfigTracker/CONFIG]: Config file neoforge-client.toml for neoforge tracking
[30Sep2026 22:40:35.496] [modloading-worker-0/DEBUG] [net.neoforged.fml.config.ConfigTracker/CONFIG]: Config file neoforge-server.toml for neoforge tracking
[30Sep2026 22:40:35.496] [modloading-worker-0/DEBUG] [net.neoforged.fml.config.ConfigTracker/CONFIG]: Config file neoforge-common.toml for neoforge tracking
[30Sep2026 22:40:35.500] [modloading-worker-0/DEBUG] [mixin/]: Mixing extra_kinetics.auto_orientation.FixAutoOrientationStaticMixin from simulated.mixins.json into com.simibubi.create.content.kinetics.base.RotatedPillarKineticBlock
[30Sep2026 22:40:35.511] [modloading-worker-0/DEBUG] [net.neoforged.fml.javafmlmod.AutomaticEventSubscriber/LOADING]: Attempting to inject @EventBusSubscriber classes into the eventbus for vc_gliders
[30Sep2026 22:40:35.512] [modloading-worker-0/DEBUG] [net.neoforged.fml.javafmlmod.AutomaticEventSubscriber/LOADING]: Scanning class net.venturecraft.gliders.neoforge.VCGlidersNeoForge for @SubscribeEvent-annotated methods
[30Sep2026 22:40:35.512] [modloading-worker-0/DEBUG] [net.neoforged.fml.javafmlmod.AutomaticEventSubscriber/]: Subscribing @EventBusSubscriber class Lnet/venturecraft/gliders/neoforge/VCGlidersNeoForge; to the mod event bus of mod vc_gliders
[30Sep2026 22:40:35.513] [modloading-worker-0/DEBUG] [net.neoforged.fml.javafmlmod.AutomaticEventSubscriber/LOADING]: Scanning class net.venturecraft.gliders.neoforge.GliderEventsNeoForge for @SubscribeEvent-annotated methods
[30Sep2026 22:40:35.518] [modloading-worker-0/DEBUG] [net.neoforged.fml.javafmlmod.AutomaticEventSubscriber/]: Subscribing @EventBusSubscriber class Lnet/venturecraft/gliders/neoforge/GliderEventsNeoForge; to the game event bus
[30Sep2026 22:40:35.543] [modloading-worker-0/DEBUG] [mixin/]: Mixing accessor.BlockLootSubProviderAccessor from create.mixins.json into net.minecraft.data.loot.BlockLootSubProvider
[30Sep2026 22:40:35.554] [modloading-worker-0/DEBUG] [net.neoforged.fml.config.ConfigTracker/CONFIG]: Config file journeymap-server.toml for journeymap tracking
[30Sep2026 22:40:35.554] [modloading-worker-0/DEBUG] [net.neoforged.fml.javafmlmod.AutomaticEventSubscriber/LOADING]: Attempting to inject @EventBusSubscriber classes into the eventbus for journeymap
[30Sep2026 22:40:35.602] [modloading-worker-0/DEBUG] [net.neoforged.fml.javafmlmod.AutomaticEventSubscriber/LOADING]: Attempting to inject @EventBusSubscriber classes into the eventbus for neoforge
[30Sep2026 22:40:35.603] [modloading-worker-0/DEBUG] [net.neoforged.fml.javafmlmod.AutomaticEventSubscriber/LOADING]: Scanning class net.neoforged.neoforge.network.filters.GenericPacketSplitter for @SubscribeEvent-annotated methods
[30Sep2026 22:40:35.611] [modloading-worker-0/DEBUG] [mixin/]: Mixing extra_kinetics.auto_orientation.FixAutoOrientationMixin from simulated.mixins.json into com.simibubi.create.content.kinetics.base.HorizontalKineticBlock
[30Sep2026 22:40:35.614] [modloading-worker-0/DEBUG] [mixin/]: Mixing extra_kinetics.KineticBlockEntityMixin from simulated.mixins.json into com.simibubi.create.content.kinetics.base.KineticBlockEntity
[30Sep2026 22:40:35.618] [modloading-worker-0/DEBUG] [mixin/]: Mixing extra_kinetics.goggle_tooltips.KineticBlockEntityMixin from simulated.mixins.json into com.simibubi.create.content.kinetics.base.KineticBlockEntity
[30Sep2026 22:40:35.626] [modloading-worker-0/DEBUG] [mixin/]: simulated.mixins.json:extra_kinetics.KineticBlockEntityMixin from mod simulated->@Inject::simulated$switchExtraKinetics(Lnet/minecraft/world/level/Level;Lnet/minecraft/core/BlockPos;Lnet/minecraft/world/level/block/state/BlockState;Lorg/spongepowered/asm/mixin/injection/callback/CallbackInfo;)V doesn't use it's CallbackInfo
[30Sep2026 22:40:35.626] [modloading-worker-0/DEBUG] [mixin/]: simulated.mixins.json:extra_kinetics.KineticBlockEntityMixin from mod simulated->@Inject::simulated$injectRemove(Lorg/spongepowered/asm/mixin/injection/callback/CallbackInfo;)V doesn't use it's CallbackInfo
[30Sep2026 22:40:35.626] [modloading-worker-0/DEBUG] [mixin/]: simulated.mixins.json:extra_kinetics.KineticBlockEntityMixin from mod simulated->@Inject::simulated$injectRemove(Lorg/spongepowered/asm/mixin/injection/callback/CallbackInfo;)V has 0 override(s) in child classes
[30Sep2026 22:40:35.626] [modloading-worker-0/DEBUG] [mixin/]: simulated.mixins.json:extra_kinetics.KineticBlockEntityMixin from mod simulated->@Inject::simulated$injectRemove(Lorg/spongepowered/asm/mixin/injection/callback/CallbackInfo;)V won't be passed a CallbackInfo as a result
[30Sep2026 22:40:35.626] [modloading-worker-0/DEBUG] [mixin/]: simulated.mixins.json:extra_kinetics.KineticBlockEntityMixin from mod simulated->@Inject::simulated$removeConnected(Lorg/spongepowered/asm/mixin/injection/callback/CallbackInfo;)V doesn't use it's CallbackInfo
[30Sep2026 22:40:35.626] [modloading-worker-0/DEBUG] [mixin/]: simulated.mixins.json:extra_kinetics.KineticBlockEntityMixin from mod simulated->@Inject::simulated$removeConnected(Lorg/spongepowered/asm/mixin/injection/callback/CallbackInfo;)V has 0 override(s) in child classes
[30Sep2026 22:40:35.626] [modloading-worker-0/DEBUG] [mixin/]: simulated.mixins.json:extra_kinetics.KineticBlockEntityMixin from mod simulated->@Inject::simulated$removeConnected(Lorg/spongepowered/asm/mixin/injection/callback/CallbackInfo;)V won't be passed a CallbackInfo as a result
[30Sep2026 22:40:35.626] [modloading-worker-0/DEBUG] [mixin/]: simulated.mixins.json:extra_kinetics.KineticBlockEntityMixin from mod simulated->@Inject::simulated$saveConnected(Lnet/minecraft/nbt/CompoundTag;Lnet/minecraft/core/HolderLookup$Provider;ZLorg/spongepowered/asm/mixin/injection/callback/CallbackInfo;)V doesn't use it's CallbackInfo
[30Sep2026 22:40:35.626] [modloading-worker-0/DEBUG] [mixin/]: simulated.mixins.json:extra_kinetics.KineticBlockEntityMixin from mod simulated->@Inject::simulated$saveConnected(Lnet/minecraft/nbt/CompoundTag;Lnet/minecraft/core/HolderLookup$Provider;ZLorg/spongepowered/asm/mixin/injection/callback/CallbackInfo;)V has 0 override(s) in child classes
[30Sep2026 22:40:35.626] [modloading-worker-0/DEBUG] [mixin/]: simulated.mixins.json:extra_kinetics.KineticBlockEntityMixin from mod simulated->@Inject::simulated$saveConnected(Lnet/minecraft/nbt/CompoundTag;Lnet/minecraft/core/HolderLookup$Provider;ZLorg/spongepowered/asm/mixin/injection/callback/CallbackInfo;)V won't be passed a CallbackInfo as a result
[30Sep2026 22:40:35.626] [modloading-worker-0/DEBUG] [mixin/]: simulated.mixins.json:extra_kinetics.KineticBlockEntityMixin from mod simulated->@Inject::simulated$readConnected(Lnet/minecraft/nbt/CompoundTag;Lnet/minecraft/core/HolderLookup$Provider;ZLorg/spongepowered/asm/mixin/injection/callback/CallbackInfo;)V doesn't use it's CallbackInfo
[30Sep2026 22:40:35.626] [modloading-worker-0/DEBUG] [mixin/]: simulated.mixins.json:extra_kinetics.KineticBlockEntityMixin from mod simulated->@Inject::simulated$readConnected(Lnet/minecraft/nbt/CompoundTag;Lnet/minecraft/core/HolderLookup$Provider;ZLorg/spongepowered/asm/mixin/injection/callback/CallbackInfo;)V has 0 override(s) in child classes
[30Sep2026 22:40:35.626] [modloading-worker-0/DEBUG] [mixin/]: simulated.mixins.json:extra_kinetics.KineticBlockEntityMixin from mod simulated->@Inject::simulated$readConnected(Lnet/minecraft/nbt/CompoundTag;Lnet/minecraft/core/HolderLookup$Provider;ZLorg/spongepowered/asm/mixin/injection/callback/CallbackInfo;)V won't be passed a CallbackInfo as a result
[30Sep2026 22:40:35.626] [modloading-worker-0/DEBUG] [mixin/]: simulated.mixins.json:extra_kinetics.goggle_tooltips.KineticBlockEntityMixin from mod simulated->@Inject::simulated$addExtraKineticsInfo(Ljava/util/List;ZLorg/spongepowered/asm/mixin/injection/callback/CallbackInfoReturnable;)V does use it's CallbackInfoReturnable
[30Sep2026 22:40:35.626] [modloading-worker-0/DEBUG] [mixin/]: simulated.mixins.json:extra_kinetics.goggle_tooltips.KineticBlockEntityMixin from mod simulated->@Inject::simulated$addExtraKineticsInfo(Ljava/util/List;ZLorg/spongepowered/asm/mixin/injection/callback/CallbackInfoReturnable;)V does use it's CallbackInfoReturnable
[30Sep2026 22:40:35.626] [modloading-worker-0/DEBUG] [mixin/]: simulated.mixins.json:extra_kinetics.goggle_tooltips.KineticBlockEntityMixin from mod simulated->@Inject::simulated$addExtraKineticsInfo(Ljava/util/List;ZLorg/spongepowered/asm/mixin/injection/callback/CallbackInfoReturnable;)V does use it's CallbackInfoReturnable
[30Sep2026 22:40:35.642] [modloading-worker-0/DEBUG] [mixin/]: Mixing nav_table_compat.NixieTubeBlockMixin from simulated.mixins.json into com.simibubi.create.content.redstone.nixieTube.NixieTubeBlock
[30Sep2026 22:40:35.652] [modloading-worker-0/DEBUG] [mixin/]: Mixing compatibility.create.lectern_controller.LecternControllerBlockMixin from sable-neoforge.mixins.json into com.simibubi.create.content.redstone.link.controller.LecternControllerBlock
[30Sep2026 22:40:35.658] [modloading-worker-0/DEBUG] [mixin/]: Mixing extra_kinetics.auto_orientation.FixAutoOrientationStaticMixin from simulated.mixins.json into com.simibubi.create.content.kinetics.base.HorizontalAxisKineticBlock
[30Sep2026 22:40:35.661] [modloading-worker-0/DEBUG] [mixin/]: Mixing create_assembly.MechanicalBearingBlockEntityMixin from simulated.mixins.json into com.simibubi.create.content.contraptions.bearing.MechanicalBearingBlockEntity
[30Sep2026 22:40:35.661] [modloading-worker-0/DEBUG] [mixin/]: Mixing torsion_spring.MechanicalBearingBlockEntityMixin from simulated.mixins.json into com.simibubi.create.content.contraptions.bearing.MechanicalBearingBlockEntity
[30Sep2026 22:40:35.664] [modloading-worker-0/DEBUG] [mixin/]: Mixing compatibility.create.sails_providing_lift.SailBlockMixin from sable-neoforge.mixins.json into com.simibubi.create.content.contraptions.bearing.SailBlock
[30Sep2026 22:40:35.666] [modloading-worker-0/DEBUG] [io.netty.buffer.AbstractByteBuf/]: -Dio.netty.buffer.checkAccessible: true
[30Sep2026 22:40:35.666] [modloading-worker-0/DEBUG] [io.netty.buffer.AbstractByteBuf/]: -Dio.netty.buffer.checkBounds: true
[30Sep2026 22:40:35.669] [modloading-worker-0/DEBUG] [io.netty.util.ResourceLeakDetectorFactory/]: Loaded default ResourceLeakDetector: io.netty.util.ResourceLeakDetector@13813018
[30Sep2026 22:40:35.670] [modloading-worker-0/DEBUG] [mixin/]: Mixing extra_kinetics.GeneratingKineticBlockEntityMixin from simulated.mixins.json into com.simibubi.create.content.kinetics.base.GeneratingKineticBlockEntity
[30Sep2026 22:40:35.677] [modloading-worker-0/DEBUG] [mixin/]: Mixing compatibility.create.sticker.ContraptionMixin from sable-neoforge.mixins.json into com.simibubi.create.content.contraptions.Contraption
[30Sep2026 22:40:35.677] [modloading-worker-0/DEBUG] [mixin/]: Mixing accessor.ContraptionAccessor from simulated.mixins.json into com.simibubi.create.content.contraptions.Contraption
[30Sep2026 22:40:35.679] [modloading-worker-0/DEBUG] [net.neoforged.fml.config.ConfigTracker/CONFIG]: Config file create_power_loader-server.toml for create_power_loader tracking
[30Sep2026 22:40:35.683] [modloading-worker-0/DEBUG] [mixin/]: Mixing propeller_bearing.BearingContraptionMixin from aeronautics.mixins.json into com.simibubi.create.content.contraptions.bearing.BearingContraption
[30Sep2026 22:40:35.683] [modloading-worker-0/DEBUG] [net.neoforged.fml.javafmlmod.AutomaticEventSubscriber/LOADING]: Attempting to inject @EventBusSubscriber classes into the eventbus for create_power_loader
[30Sep2026 22:40:35.684] [modloading-worker-0/DEBUG] [net.neoforged.fml.javafmlmod.AutomaticEventSubscriber/LOADING]: Scanning class com.hlysine.create_power_loader.config.CPLConfigs for @SubscribeEvent-annotated methods
[30Sep2026 22:40:35.684] [modloading-worker-0/DEBUG] [mixin/]: aeronautics.mixins.json:propeller_bearing.BearingContraptionMixin from mod aeronautics: Class version 65 required is higher than the class version supported by the current version of Mixin (JAVA_18 supports class version 62)
[30Sep2026 22:40:35.684] [modloading-worker-0/DEBUG] [net.neoforged.fml.javafmlmod.AutomaticEventSubscriber/]: Subscribing @EventBusSubscriber class Lcom/hlysine/create_power_loader/config/CPLConfigs; to the mod event bus of mod create_power_loader
[30Sep2026 22:40:35.684] [modloading-worker-0/DEBUG] [io.netty.util.internal.InternalThreadLocalMap/]: -Dio.netty.threadLocalMap.stringBuilder.initialSize: 1024
[30Sep2026 22:40:35.684] [modloading-worker-0/DEBUG] [io.netty.util.internal.InternalThreadLocalMap/]: -Dio.netty.threadLocalMap.stringBuilder.maxSize: 4096
[30Sep2026 22:40:35.687] [modloading-worker-0/DEBUG] [mixin/]: aeronautics.mixins.json:propeller_bearing.BearingContraptionMixin from mod aeronautics->@Inject::aeronautics$addSailsWithTempSails(Lnet/minecraft/world/level/Level;Lnet/minecraft/core/BlockPos;Lorg/spongepowered/asm/mixin/injection/callback/CallbackInfoReturnable;)V doesn't use it's CallbackInfoReturnable
[30Sep2026 22:40:35.687] [modloading-worker-0/DEBUG] [mixin/]: aeronautics.mixins.json:propeller_bearing.BearingContraptionMixin from mod aeronautics->@Inject::aeronautics$addSailsWithTempSails(Lnet/minecraft/world/level/Level;Lnet/minecraft/core/BlockPos;Lorg/spongepowered/asm/mixin/injection/callback/CallbackInfoReturnable;)V has 0 override(s) in child classes
[30Sep2026 22:40:35.687] [modloading-worker-0/DEBUG] [mixin/]: aeronautics.mixins.json:propeller_bearing.BearingContraptionMixin from mod aeronautics->@Inject::aeronautics$addSailsWithTempSails(Lnet/minecraft/world/level/Level;Lnet/minecraft/core/BlockPos;Lorg/spongepowered/asm/mixin/injection/callback/CallbackInfoReturnable;)V won't be passed a CallbackInfoReturnable as a result
[30Sep2026 22:40:35.688] [modloading-worker-0/DEBUG] [io.netty.buffer.PooledByteBufAllocator/]: -Dio.netty.allocator.numHeapArenas: 48
[30Sep2026 22:40:35.688] [modloading-worker-0/DEBUG] [io.netty.buffer.PooledByteBufAllocator/]: -Dio.netty.allocator.numDirectArenas: 48
[30Sep2026 22:40:35.688] [modloading-worker-0/DEBUG] [io.netty.buffer.PooledByteBufAllocator/]: -Dio.netty.allocator.pageSize: 8192
[30Sep2026 22:40:35.688] [modloading-worker-0/DEBUG] [io.netty.buffer.PooledByteBufAllocator/]: -Dio.netty.allocator.maxOrder: 9
[30Sep2026 22:40:35.688] [modloading-worker-0/DEBUG] [io.netty.buffer.PooledByteBufAllocator/]: -Dio.netty.allocator.chunkSize: 4194304
[30Sep2026 22:40:35.688] [modloading-worker-0/DEBUG] [io.netty.buffer.PooledByteBufAllocator/]: -Dio.netty.allocator.smallCacheSize: 256
[30Sep2026 22:40:35.688] [modloading-worker-0/DEBUG] [io.netty.buffer.PooledByteBufAllocator/]: -Dio.netty.allocator.normalCacheSize: 64
[30Sep2026 22:40:35.688] [modloading-worker-0/DEBUG] [io.netty.buffer.PooledByteBufAllocator/]: -Dio.netty.allocator.maxCachedBufferCapacity: 32768
[30Sep2026 22:40:35.688] [modloading-worker-0/DEBUG] [io.netty.buffer.PooledByteBufAllocator/]: -Dio.netty.allocator.cacheTrimInterval: 8192
[30Sep2026 22:40:35.688] [modloading-worker-0/DEBUG] [io.netty.buffer.PooledByteBufAllocator/]: -Dio.netty.allocator.cacheTrimIntervalMillis: 0
[30Sep2026 22:40:35.688] [modloading-worker-0/DEBUG] [io.netty.buffer.PooledByteBufAllocator/]: -Dio.netty.allocator.useCacheForAllThreads: false
[30Sep2026 22:40:35.688] [modloading-worker-0/DEBUG] [io.netty.buffer.PooledByteBufAllocator/]: -Dio.netty.allocator.maxCachedByteBuffersPerChunk: 1023
[30Sep2026 22:40:35.688] [modloading-worker-0/DEBUG] [mixin/]: Mixing accessor.ControlledContraptionEntityAccessor from simulated.mixins.json into com.simibubi.create.content.contraptions.ControlledContraptionEntity
[30Sep2026 22:40:35.691] [modloading-worker-0/DEBUG] [mixin/]: Mixing compatibility.create.contraptions.AbstractContraptionEntityMixin from sable-neoforge.mixins.json into com.simibubi.create.content.contraptions.AbstractContraptionEntity
[30Sep2026 22:40:35.703] [modloading-worker-0/DEBUG] [io.netty.buffer.ByteBufUtil/]: -Dio.netty.allocator.type: pooled
[30Sep2026 22:40:35.703] [modloading-worker-0/DEBUG] [io.netty.buffer.ByteBufUtil/]: -Dio.netty.threadLocalDirectBufferSize: 0
[30Sep2026 22:40:35.703] [modloading-worker-0/DEBUG] [io.netty.buffer.ByteBufUtil/]: -Dio.netty.maxThreadLocalCharBufferSize: 16384
[30Sep2026 22:40:35.710] [modloading-worker-0/DEBUG] [mixin/]: sable-neoforge.mixins.json:compatibility.create.contraptions.AbstractContraptionEntityMixin from mod sable->@Inject::sable$contraptionInitialize(Lorg/spongepowered/asm/mixin/injection/callback/CallbackInfo;)V doesn't use it's CallbackInfo
[30Sep2026 22:40:35.710] [modloading-worker-0/DEBUG] [mixin/]: sable-neoforge.mixins.json:compatibility.create.contraptions.AbstractContraptionEntityMixin from mod sable->@Inject::sable$contraptionInitialize(Lorg/spongepowered/asm/mixin/injection/callback/CallbackInfo;)V has 0 override(s) in child classes
[30Sep2026 22:40:35.710] [modloading-worker-0/DEBUG] [mixin/]: sable-neoforge.mixins.json:compatibility.create.contraptions.AbstractContraptionEntityMixin from mod sable->@Inject::sable$contraptionInitialize(Lorg/spongepowered/asm/mixin/injection/callback/CallbackInfo;)V won't be passed a CallbackInfo as a result
[30Sep2026 22:40:35.714] [modloading-worker-0/DEBUG] [net.neoforged.fml.javafmlmod.AutomaticEventSubscriber/]: Subscribing @EventBusSubscriber class Lnet/neoforged/neoforge/network/filters/GenericPacketSplitter; to the mod event bus of mod neoforge
[30Sep2026 22:40:35.715] [modloading-worker-0/DEBUG] [mixin/]: Mixing borehead_collision.BoreheadContraptionEntityMixin from offroad.mixins.json into dev.ryanhcode.offroad.content.entities.BoreheadContraptionEntity
[30Sep2026 22:40:35.716] [modloading-worker-0/DEBUG] [mixin/]: offroad.mixins.json:borehead_collision.BoreheadContraptionEntityMixin from mod offroad: Class version 65 required is higher than the class version supported by the current version of Mixin (JAVA_18 supports class version 62)
[30Sep2026 22:40:35.718] [modloading-worker-0/DEBUG] [net.neoforged.fml.javafmlmod.AutomaticEventSubscriber/LOADING]: Scanning class net.neoforged.neoforge.network.NetworkInitialization for @SubscribeEvent-annotated methods
[30Sep2026 22:40:35.719] [modloading-worker-0/DEBUG] [net.neoforged.fml.javafmlmod.AutomaticEventSubscriber/]: Subscribing @EventBusSubscriber class Lnet/neoforged/neoforge/network/NetworkInitialization; to the mod event bus of mod neoforge
[30Sep2026 22:40:35.719] [modloading-worker-0/DEBUG] [net.neoforged.fml.javafmlmod.AutomaticEventSubscriber/LOADING]: Scanning class net.neoforged.neoforge.network.ConfigurationInitialization for @SubscribeEvent-annotated methods
[30Sep2026 22:40:35.721] [modloading-worker-0/DEBUG] [Ponder/]: Loaded net.createmod.catnip.platform.NeoForgePlatformHelper@1ebbdaf for service interface net.createmod.catnip.platform.services.PlatformHelper
[30Sep2026 22:40:35.723] [modloading-worker-0/DEBUG] [Ponder/]: Loaded net.createmod.catnip.platform.NeoForgeFluidHelper@49a2c932 for service interface net.createmod.catnip.platform.services.ModFluidHelper
[30Sep2026 22:40:35.724] [modloading-worker-0/DEBUG] [net.neoforged.fml.javafmlmod.AutomaticEventSubscriber/]: Subscribing @EventBusSubscriber class Lnet/neoforged/neoforge/network/ConfigurationInitialization; to the mod event bus of mod neoforge
[30Sep2026 22:40:35.724] [modloading-worker-0/DEBUG] [net.neoforged.fml.javafmlmod.AutomaticEventSubscriber/LOADING]: Scanning class net.neoforged.neoforge.common.MonsterRoomHooks for @SubscribeEvent-annotated methods
[30Sep2026 22:40:35.724] [modloading-worker-0/DEBUG] [mixin/]: Mixing extra_kinetics.EncasedCogwheelBlockMixin from simulated.mixins.json into com.simibubi.create.content.kinetics.simpleRelays.encased.EncasedCogwheelBlock
[30Sep2026 22:40:35.728] [modloading-worker-0/DEBUG] [Ponder/]: Loaded net.createmod.catnip.platform.NeoForgeHooksHelper@44cc9ba0 for service interface net.createmod.catnip.platform.services.ModHooksHelper
[30Sep2026 22:40:35.728] [modloading-worker-0/DEBUG] [mixin/]: Mixing multiloader.CommonRedstoneBlockMixin from simulated-neoforge.mixins.json into dev.simulated_team.simulated.multiloader.CommonRedstoneBlock
[30Sep2026 22:40:35.730] [modloading-worker-0/DEBUG] [net.neoforged.fml.javafmlmod.AutomaticEventSubscriber/]: Subscribing @EventBusSubscriber class Lnet/neoforged/neoforge/common/MonsterRoomHooks; to the game event bus
[30Sep2026 22:40:35.730] [modloading-worker-0/DEBUG] [net.neoforged.fml.javafmlmod.AutomaticEventSubscriber/LOADING]: Scanning class net.neoforged.neoforge.common.DeferredSpawnEggItem$CommonHandler for @SubscribeEvent-annotated methods
[30Sep2026 22:40:35.730] [modloading-worker-0/DEBUG] [Ponder/]: Loaded net.createmod.catnip.platform.NeoForgeNetworkHelper@7fe97eb9 for service interface net.createmod.catnip.platform.services.NetworkHelper
[30Sep2026 22:40:35.731] [modloading-worker-0/DEBUG] [net.neoforged.fml.javafmlmod.AutomaticEventSubscriber/]: Subscribing @EventBusSubscriber class Lnet/neoforged/neoforge/common/DeferredSpawnEggItem$CommonHandler; to the mod event bus of mod neoforge
[30Sep2026 22:40:35.731] [modloading-worker-0/DEBUG] [net.neoforged.fml.javafmlmod.AutomaticEventSubscriber/LOADING]: Scanning class net.neoforged.neoforge.attachment.AttachmentSync for @SubscribeEvent-annotated methods
[30Sep2026 22:40:35.738] [modloading-worker-0/DEBUG] [net.neoforged.fml.javafmlmod.AutomaticEventSubscriber/]: Subscribing @EventBusSubscriber class Lnet/neoforged/neoforge/attachment/AttachmentSync; to the game event bus
[30Sep2026 22:40:35.739] [modloading-worker-0/DEBUG] [net.neoforged.fml.javafmlmod.AutomaticEventSubscriber/LOADING]: Scanning class net.neoforged.neoforge.attachment.AttachmentInternals for @SubscribeEvent-annotated methods
[30Sep2026 22:40:35.743] [modloading-worker-0/DEBUG] [net.neoforged.fml.javafmlmod.AutomaticEventSubscriber/]: Subscribing @EventBusSubscriber class Lnet/neoforged/neoforge/attachment/AttachmentInternals; to the game event bus
[30Sep2026 22:40:35.760] [modloading-worker-0/DEBUG] [mixin/]: Mixing compatibility.create.belt.BeltBlockMixin from sable-neoforge.mixins.json into com.simibubi.create.content.kinetics.belt.BeltBlock
[30Sep2026 22:40:35.760] [modloading-worker-0/DEBUG] [mixin/]: Mixing compatibility.create.entity_falls_on_block.BeltMillstoneBlocksMixin from sable-neoforge.mixins.json into com.simibubi.create.content.kinetics.belt.BeltBlock
[30Sep2026 22:40:35.760] [modloading-worker-0/DEBUG] [mixin/]: Renaming synthetic method lambda$sable$checkForSubLevels$0(Lcom/tterrag/registrate/util/entry/BlockEntry;Lnet/minecraft/world/level/Level;Ldev/ryanhcode/sable/companion/SubLevelAccess;Lnet/minecraft/core/BlockPos;)Lnet/minecraft/core/BlockPos; to mded67c0$sable$lambda$sable$checkForSubLevels$0$0 in sable-neoforge.mixins.json:compatibility.create.entity_falls_on_block.BeltMillstoneBlocksMixin from mod sable
[30Sep2026 22:40:35.763] [modloading-worker-0/DEBUG] [mixin/]: Mixing compatibility.create.super_glue.SuperGlueEntityMixin from sable-neoforge.mixins.json into com.simibubi.create.content.contraptions.glue.SuperGlueEntity
[30Sep2026 22:40:35.763] [modloading-worker-0/DEBUG] [mixin/]: Renaming synthetic method lambda$sable$collectGlueEntities$0(Ljava/util/List;Lnet/minecraft/world/entity/Entity;)Lnet/minecraft/util/AbortableIterationConsumer$Continuation; to mded67c0$sable$lambda$sable$collectGlueEntities$0$0 in sable-neoforge.mixins.json:compatibility.create.super_glue.SuperGlueEntityMixin from mod sable
[30Sep2026 22:40:35.766] [modloading-worker-0/DEBUG] [mixin/]: Mixing compatibility.create.belt.BeltBlockEntityMixin from sable-neoforge.mixins.json into com.simibubi.create.content.kinetics.belt.BeltBlockEntity
[30Sep2026 22:40:35.772] [modloading-worker-0/DEBUG] [mixin/]: Mixing compatibility.create.chain_conveyor.ChainConveyorBlockMixin from sable-neoforge.mixins.json into com.simibubi.create.content.kinetics.chainConveyor.ChainConveyorBlock
[30Sep2026 22:40:35.775] [modloading-worker-0/DEBUG] [net.neoforged.fml.config.ConfigTracker/CONFIG]: Config file computercraft-server.toml for computercraft tracking
[30Sep2026 22:40:35.776] [modloading-worker-0/DEBUG] [net.neoforged.fml.config.ConfigTracker/CONFIG]: Config file computercraft-client.toml for computercraft tracking
[30Sep2026 22:40:35.776] [modloading-worker-0/DEBUG] [net.neoforged.fml.javafmlmod.AutomaticEventSubscriber/LOADING]: Attempting to inject @EventBusSubscriber classes into the eventbus for computercraft
[30Sep2026 22:40:35.776] [modloading-worker-0/DEBUG] [net.neoforged.fml.javafmlmod.AutomaticEventSubscriber/LOADING]: Scanning class dan200.computercraft.shared.ForgeCommonHooks for @SubscribeEvent-annotated methods
[30Sep2026 22:40:35.779] [modloading-worker-0/DEBUG] [net.neoforged.fml.javafmlmod.AutomaticEventSubscriber/]: Subscribing @EventBusSubscriber class Ldan200/computercraft/shared/ForgeCommonHooks; to the game event bus
[30Sep2026 22:40:35.787] [modloading-worker-0/DEBUG] [net.neoforged.fml.javafmlmod.AutomaticEventSubscriber/LOADING]: Scanning class dan200.computercraft.ComputerCraft for @SubscribeEvent-annotated methods
[30Sep2026 22:40:35.789] [modloading-worker-0/DEBUG] [net.neoforged.fml.javafmlmod.AutomaticEventSubscriber/]: Subscribing @EventBusSubscriber class Ldan200/computercraft/ComputerCraft; to the mod event bus of mod computercraft
[30Sep2026 22:40:35.790] [modloading-worker-0/DEBUG] [net.neoforged.fml.ModContainer/]: Attempted to register an empty config for type CLIENT on mod offroad
[30Sep2026 22:40:35.790] [modloading-worker-0/DEBUG] [net.neoforged.fml.config.ConfigTracker/CONFIG]: Config file offroad-server.toml for offroad tracking
[30Sep2026 22:40:35.791] [modloading-worker-0/DEBUG] [net.neoforged.fml.javafmlmod.AutomaticEventSubscriber/LOADING]: Attempting to inject @EventBusSubscriber classes into the eventbus for offroad
[30Sep2026 22:40:35.791] [modloading-worker-0/DEBUG] [net.neoforged.fml.javafmlmod.AutomaticEventSubscriber/LOADING]: Scanning class dev.ryanhcode.offroad.neoforge.service.NeoForgeOffroadConfigService for @SubscribeEvent-annotated methods
[30Sep2026 22:40:35.791] [modloading-worker-0/DEBUG] [net.neoforged.fml.javafmlmod.AutomaticEventSubscriber/]: Subscribing @EventBusSubscriber class Ldev/ryanhcode/offroad/neoforge/service/NeoForgeOffroadConfigService; to the mod event bus of mod offroad
[30Sep2026 22:40:35.799] [modloading-worker-0/DEBUG] [mixin/]: Mixing compatibility.create.turntable.TurntableBlockMixin from sable-neoforge.mixins.json into com.simibubi.create.content.kinetics.turntable.TurntableBlock
[30Sep2026 22:40:35.810] [modloading-worker-0/DEBUG] [mixin/]: Mixing compatibility.create.entity_falls_on_block.BeltMillstoneBlocksMixin from sable-neoforge.mixins.json into com.simibubi.create.content.kinetics.millstone.MillstoneBlock
[30Sep2026 22:40:35.813] [modloading-worker-0/DEBUG] [mixin/]: Mixing self_mixins.DiagramEntityMixin from simulated-neoforge.mixins.json into dev.simulated_team.simulated.content.entities.diagram.DiagramEntity
[30Sep2026 22:40:35.815] [modloading-worker-0/DEBUG] [mixin/]: Mixing compatibility.create.crushing_wheel.CrushingWheelBlockMixin from sable-neoforge.mixins.json into com.simibubi.create.content.kinetics.crusher.CrushingWheelBlock
[30Sep2026 22:40:35.824] [modloading-worker-0/DEBUG] [mixin/]: Mixing item_renderer.PhysicsStaffItemMixin from simulated-neoforge.mixins.json into dev.simulated_team.simulated.content.physics_staff.PhysicsStaffItem
[30Sep2026 22:40:35.825] [modloading-worker-0/DEBUG] [mixin/]: Mixing self_mixins.PlungerLauncherItemMixin from simulated-neoforge.mixins.json into dev.simulated_team.simulated.content.items.plunger_launcher.PlungerLauncherItem
[30Sep2026 22:40:35.827] [modloading-worker-0/DEBUG] [mixin/]: Mixing compatibility.create.entity_falls_on_block.BasinBlockMixin from sable-neoforge.mixins.json into com.simibubi.create.content.processing.basin.BasinBlock
[30Sep2026 22:40:35.830] [modloading-worker-0/DEBUG] [mixin/]: Mixing compatibility.create.basin_interactions.BasinBlockEntityMixin from sable-neoforge.mixins.json into com.simibubi.create.content.processing.basin.BasinBlockEntity
[30Sep2026 22:40:35.830] [modloading-worker-0/DEBUG] [mixin/]: Renaming synthetic method lambda$sable$accountForSubLevels$1(Lcom/llamalad7/mixinextras/injector/wrapoperation/Operation;Lnet/minecraft/world/level/Level;Ldev/ryanhcode/sable/sublevel/SubLevel;Lnet/minecraft/core/BlockPos;)Lnet/minecraft/world/level/block/entity/BlockEntity; to mded67c0$sable$lambda$sable$accountForSubLevels$1$0 in sable-neoforge.mixins.json:compatibility.create.basin_interactions.BasinBlockEntityMixin from mod sable
[30Sep2026 22:40:35.830] [modloading-worker-0/DEBUG] [mixin/]: Renaming synthetic method lambda$sable$accountForSubLevels$0(Lnet/minecraft/world/level/Level;Ldev/ryanhcode/sable/sublevel/SubLevel;Lnet/minecraft/core/BlockPos;)Lcom/simibubi/create/content/processing/burner/BlazeBurnerBlock$HeatLevel; to mded67c0$sable$lambda$sable$accountForSubLevels$0$1 in sable-neoforge.mixins.json:compatibility.create.basin_interactions.BasinBlockEntityMixin from mod sable
[30Sep2026 22:40:35.834] [modloading-worker-0/DEBUG] [mixin/]: sable-neoforge.mixins.json:compatibility.create.basin_interactions.BasinBlockEntityMixin from mod sable->@Inject::sable$accountForSubLevels(Lorg/spongepowered/asm/mixin/injection/callback/CallbackInfoReturnable;)V does use it's CallbackInfoReturnable
[30Sep2026 22:40:35.842] [modloading-worker-0/DEBUG] [mixin/]: Mixing assembly_preventer.ServerSubLevelMixin from simulated.mixins.json into dev.ryanhcode.sable.sublevel.ServerSubLevel
[30Sep2026 22:40:35.846] [modloading-worker-0/DEBUG] [mixin/]: Mixing MountedItemStorageMixin from offroad.neoforge.mixins.json into com.simibubi.create.api.contraption.storage.item.MountedItemStorage
[30Sep2026 22:40:35.860] [modloading-worker-0/DEBUG] [mixin/]: Mixing compatibility.create.ejector.EjectorBlockMixin from sable-neoforge.mixins.json into com.simibubi.create.content.logistics.depot.EjectorBlock
[30Sep2026 22:40:35.884] [modloading-worker-0/DEBUG] [mixin/]: Mixing compatibility.create.behaviour_compatibility.BlockEntityBehaviourMixin from sable-neoforge.mixins.json into com.simibubi.create.foundation.blockEntity.behaviour.BlockEntityBehaviour
[30Sep2026 22:40:35.884] [modloading-worker-0/DEBUG] [mixin/]: Renaming synthetic method lambda$sable$accountForSubLevels$0(Lnet/minecraft/world/level/Level;Ldev/ryanhcode/sable/sublevel/SubLevel;Lnet/minecraft/core/BlockPos;)Lnet/minecraft/world/level/block/entity/BlockEntity; to mded67c0$sable$lambda$sable$accountForSubLevels$0$0 in sable-neoforge.mixins.json:compatibility.create.behaviour_compatibility.BlockEntityBehaviourMixin from mod sable
[30Sep2026 22:40:35.887] [modloading-worker-0/DEBUG] [mixin/]: sable-neoforge.mixins.json:compatibility.create.behaviour_compatibility.BlockEntityBehaviourMixin from mod sable->@Inject::sable$accountForSubLevels(Lnet/minecraft/world/level/BlockGetter;Lnet/minecraft/core/BlockPos;Lcom/simibubi/create/foundation/blockEntity/behaviour/BehaviourType;Lorg/spongepowered/asm/mixin/injection/callback/CallbackInfoReturnable;)V does use it's CallbackInfoReturnable
[30Sep2026 22:40:35.944] [modloading-worker-0/DEBUG] [mixin/]: Mixing compatibility.create.sticker.StickerBlockMixin from sable-neoforge.mixins.json into com.simibubi.create.content.contraptions.chassis.StickerBlock
[30Sep2026 22:40:35.946] [modloading-worker-0/DEBUG] [mixin/]: Mixing self_mixins.HoneyGlueEntityMixin from simulated-neoforge.mixins.json into dev.simulated_team.simulated.content.entities.honey_glue.HoneyGlueEntity
[30Sep2026 22:40:35.952] [modloading-worker-0/DEBUG] [mixin/]: Mixing compatibility.create.block_breakers.BlockBreakingKineticBlockEntityDamageMixin from sable-neoforge.mixins.json into com.simibubi.create.content.kinetics.drill.DrillBlock
[30Sep2026 22:40:35.959] [modloading-worker-0/DEBUG] [mixin/]: Mixing compatibility.create.behaviour_compatibility.block_breaking_behaviour.BlockBreakingMovementBehaviourMixin from sable-neoforge.mixins.json into com.simibubi.create.content.kinetics.base.BlockBreakingMovementBehaviour
[30Sep2026 22:40:35.959] [modloading-worker-0/DEBUG] [mixin/]: Renaming synthetic method lambda$sable$checkPosition$0(Lcom/simibubi/create/content/contraptions/behaviour/MovementContext;Lnet/minecraft/core/BlockPos;Lnet/minecraft/world/level/block/state/BlockState;)Z to mded67c0$sable$lambda$sable$checkPosition$0$0 in sable-neoforge.mixins.json:compatibility.create.behaviour_compatibility.block_breaking_behaviour.BlockBreakingMovementBehaviourMixin from mod sable
[30Sep2026 22:40:35.967] [modloading-worker-0/DEBUG] [mixin/]: sable-neoforge.mixins.json:compatibility.create.behaviour_compatibility.block_breaking_behaviour.BlockBreakingMovementBehaviourMixin from mod sable->@Inject::sable$removeProjected(Lcom/simibubi/create/content/contraptions/behaviour/MovementContext;Lorg/spongepowered/asm/mixin/injection/callback/CallbackInfo;)V doesn't use it's CallbackInfo
[30Sep2026 22:40:35.967] [modloading-worker-0/DEBUG] [mixin/]: sable-neoforge.mixins.json:compatibility.create.behaviour_compatibility.block_breaking_behaviour.BlockBreakingMovementBehaviourMixin from mod sable->@Inject::sable$removeProjected(Lcom/simibubi/create/content/contraptions/behaviour/MovementContext;Lorg/spongepowered/asm/mixin/injection/callback/CallbackInfo;)V has 0 override(s) in child classes
[30Sep2026 22:40:35.967] [modloading-worker-0/DEBUG] [mixin/]: sable-neoforge.mixins.json:compatibility.create.behaviour_compatibility.block_breaking_behaviour.BlockBreakingMovementBehaviourMixin from mod sable->@Inject::sable$removeProjected(Lcom/simibubi/create/content/contraptions/behaviour/MovementContext;Lorg/spongepowered/asm/mixin/injection/callback/CallbackInfo;)V won't be passed a CallbackInfo as a result
[30Sep2026 22:40:35.967] [modloading-worker-0/DEBUG] [mixin/]: sable-neoforge.mixins.json:compatibility.create.behaviour_compatibility.block_breaking_behaviour.BlockBreakingMovementBehaviourMixin from mod sable->@Inject::sable$testProjectedPosDist(Lcom/simibubi/create/content/contraptions/behaviour/MovementContext;Lorg/spongepowered/asm/mixin/injection/callback/CallbackInfo;)V does use it's CallbackInfo
[30Sep2026 22:40:35.969] [modloading-worker-0/DEBUG] [mixin/]: Mixing compatibility.create.block_breakers.BlockBreakingKineticBlockEntityDamageMixin from sable-neoforge.mixins.json into com.simibubi.create.content.kinetics.saw.SawBlock
[30Sep2026 22:40:35.970] [modloading-worker-0/DEBUG] [mixin/]: Mixing compatibility.create.entity_falls_on_block.SawBlockMixin from sable-neoforge.mixins.json into com.simibubi.create.content.kinetics.saw.SawBlock
[30Sep2026 22:40:35.976] [modloading-worker-0/DEBUG] [mixin/]: Mixing compatibility.create.behaviour_compatibility.block_breaking_behaviour.SawMovementBehaviourMixin from sable-neoforge.mixins.json into com.simibubi.create.content.kinetics.saw.SawMovementBehaviour
[30Sep2026 22:40:35.986] [modloading-worker-0/DEBUG] [mixin/]: Mixing compatibility.create.redstone_contacts.RedstoneContactBlockMixin from sable-neoforge.mixins.json into com.simibubi.create.content.redstone.contact.RedstoneContactBlock
[30Sep2026 22:40:35.993] [modloading-worker-0/DEBUG] [mixin/]: Mixing compatibility.create.behaviour_compatibility.harvester_block_entity.HarvesterBlockMixin from sable-neoforge.mixins.json into com.simibubi.create.content.contraptions.actors.harvester.HarvesterBlock
[30Sep2026 22:40:35.996] [modloading-worker-0/DEBUG] [mixin/]: Mixing compatibility.create.behaviour_compatibility.harvester_behaviour.HarvesterMovementBehaviourMixin from sable-neoforge.mixins.json into com.simibubi.create.content.contraptions.actors.harvester.HarvesterMovementBehaviour
[30Sep2026 22:40:35.996] [modloading-worker-0/DEBUG] [mixin/]: Renaming synthetic method lambda$sable$checkAllPositions$0(Lcom/llamalad7/mixinextras/injector/wrapoperation/Operation;Lcom/simibubi/create/content/contraptions/behaviour/MovementContext;Ldev/ryanhcode/sable/sublevel/SubLevel;Lnet/minecraft/core/BlockPos;)Ljava/lang/Object; to mded67c0$sable$lambda$sable$checkAllPositions$0$0 in sable-neoforge.mixins.json:compatibility.create.behaviour_compatibility.harvester_behaviour.HarvesterMovementBehaviourMixin from mod sable
[30Sep2026 22:40:35.997] [modloading-worker-0/DEBUG] [mixin/]: Mixing compatibility.create.behaviour_compatibility.harvester_block_entity.HarvesterBlockEntityUsageMixin from sable-neoforge.mixins.json into com.simibubi.create.content.contraptions.actors.harvester.HarvesterMovementBehaviour
[30Sep2026 22:40:36.017] [modloading-worker-0/DEBUG] [mixin/]: Mixing balloon.SimAssemblyHelperMixin from aeronautics.mixins.json into dev.simulated_team.simulated.util.SimAssemblyHelper
[30Sep2026 22:40:36.017] [modloading-worker-0/DEBUG] [mixin/]: aeronautics.mixins.json:balloon.SimAssemblyHelperMixin from mod aeronautics: Class version 65 required is higher than the class version supported by the current version of Mixin (JAVA_18 supports class version 62)
[30Sep2026 22:40:36.020] [modloading-worker-0/DEBUG] [mixin/]: aeronautics.mixins.json:balloon.SimAssemblyHelperMixin from mod aeronautics->@Inject::aeronautics$needsBitSet(Lnet/minecraft/world/level/Level;Ldev/ryanhcode/sable/sublevel/SubLevel;Lnet/minecraft/core/BlockPos;Lnet/minecraft/core/BlockPos;Lnet/minecraft/world/level/block/Rotation;ZLorg/spongepowered/asm/mixin/injection/callback/CallbackInfo;)V doesn't use it's CallbackInfo
[30Sep2026 22:40:36.038] [modloading-worker-0/DEBUG] [mixin/]: Mixing compatibility.create.tracks.TrackBlockMixin from sable-neoforge.mixins.json into com.simibubi.create.content.trains.track.TrackBlock
[30Sep2026 22:40:36.047] [modloading-worker-0/DEBUG] [mixin/]: Mixing auger_shaft.GirderBlockMixin from simulated.mixins.json into com.simibubi.create.content.decoration.girder.GirderBlock
[30Sep2026 22:40:36.048] [modloading-worker-0/DEBUG] [mixin/]: simulated.mixins.json:auger_shaft.GirderBlockMixin from mod simulated->@Inject::connectToAugers(Lnet/minecraft/world/level/BlockAndTintGetter;Lnet/minecraft/core/BlockPos;Lnet/minecraft/world/level/block/state/BlockState;Lnet/minecraft/core/Direction;Lorg/spongepowered/asm/mixin/injection/callback/CallbackInfoReturnable;)V does use it's CallbackInfoReturnable
[30Sep2026 22:40:36.051] [modloading-worker-0/DEBUG] [net.neoforged.fml.config.ConfigTracker/CONFIG]: Config file simulated-client.toml for simulated tracking
[30Sep2026 22:40:36.051] [modloading-worker-0/DEBUG] [net.neoforged.fml.config.ConfigTracker/CONFIG]: Config file simulated-server.toml for simulated tracking
[30Sep2026 22:40:36.052] [modloading-worker-0/DEBUG] [net.neoforged.fml.javafmlmod.AutomaticEventSubscriber/LOADING]: Attempting to inject @EventBusSubscriber classes into the eventbus for simulated
[30Sep2026 22:40:36.052] [modloading-worker-0/DEBUG] [net.neoforged.fml.javafmlmod.AutomaticEventSubscriber/LOADING]: Scanning class dev.simulated_team.simulated.neoforge.events.SimNeoForgeCommonEvents for @SubscribeEvent-annotated methods
[30Sep2026 22:40:36.052] [modloading-worker-0/DEBUG] [net.neoforged.fml.javafmlmod.AutomaticEventSubscriber/]: Subscribing @EventBusSubscriber class Ldev/simulated_team/simulated/neoforge/events/SimNeoForgeCommonEvents; to the game event bus
[30Sep2026 22:40:36.052] [modloading-worker-0/DEBUG] [net.neoforged.fml.javafmlmod.AutomaticEventSubscriber/LOADING]: Scanning class dev.simulated_team.simulated.neoforge.events.SimNeoForgeCommonEvents$ModBusEvents for @SubscribeEvent-annotated methods
[30Sep2026 22:40:36.052] [modloading-worker-0/DEBUG] [net.neoforged.fml.javafmlmod.AutomaticEventSubscriber/]: Subscribing @EventBusSubscriber class Ldev/simulated_team/simulated/neoforge/events/SimNeoForgeCommonEvents$ModBusEvents; to the mod event bus of mod simulated
[30Sep2026 22:40:36.052] [modloading-worker-0/DEBUG] [mixin/]: Mixing compatibility.create.tracks.TrackBlockItemMixin from sable-neoforge.mixins.json into com.simibubi.create.content.trains.track.TrackBlockItem
[30Sep2026 22:40:36.062] [modloading-worker-0/DEBUG] [mixin/]: Mixing TrackEdgePointMixin from create_power_loader.mixins.json into com.simibubi.create.content.trains.signal.TrackEdgePoint
[30Sep2026 22:40:36.064] [modloading-worker-0/DEBUG] [mixin/]: create_power_loader.mixins.json:TrackEdgePointMixin from mod create_power_loader->@Inject::cpl$tick(Lcom/simibubi/create/content/trains/graph/TrackGraph;ZLorg/spongepowered/asm/mixin/injection/callback/CallbackInfo;)V doesn't use it's CallbackInfo
[30Sep2026 22:40:36.064] [modloading-worker-0/DEBUG] [mixin/]: create_power_loader.mixins.json:TrackEdgePointMixin from mod create_power_loader->@Inject::cpl$tick(Lcom/simibubi/create/content/trains/graph/TrackGraph;ZLorg/spongepowered/asm/mixin/injection/callback/CallbackInfo;)V has 0 override(s) in child classes
[30Sep2026 22:40:36.064] [modloading-worker-0/DEBUG] [mixin/]: create_power_loader.mixins.json:TrackEdgePointMixin from mod create_power_loader->@Inject::cpl$tick(Lcom/simibubi/create/content/trains/graph/TrackGraph;ZLorg/spongepowered/asm/mixin/injection/callback/CallbackInfo;)V won't be passed a CallbackInfo as a result
[30Sep2026 22:40:36.064] [modloading-worker-0/DEBUG] [mixin/]: create_power_loader.mixins.json:TrackEdgePointMixin from mod create_power_loader->@Inject::cpl$remove(Lorg/spongepowered/asm/mixin/injection/callback/CallbackInfo;)V doesn't use it's CallbackInfo
[30Sep2026 22:40:36.064] [modloading-worker-0/DEBUG] [mixin/]: create_power_loader.mixins.json:TrackEdgePointMixin from mod create_power_loader->@Inject::cpl$remove(Lorg/spongepowered/asm/mixin/injection/callback/CallbackInfo;)V has 0 override(s) in child classes
[30Sep2026 22:40:36.064] [modloading-worker-0/DEBUG] [mixin/]: create_power_loader.mixins.json:TrackEdgePointMixin from mod create_power_loader->@Inject::cpl$remove(Lorg/spongepowered/asm/mixin/injection/callback/CallbackInfo;)V won't be passed a CallbackInfo as a result
[30Sep2026 22:40:36.067] [modloading-worker-0/DEBUG] [mixin/]: Mixing GlobalStationMixin from create_power_loader.mixins.json into com.simibubi.create.content.trains.station.GlobalStation
[30Sep2026 22:40:36.070] [modloading-worker-0/DEBUG] [mixin/]: create_power_loader.mixins.json:GlobalStationMixin from mod create_power_loader->@Inject::cpl$read(Lnet/minecraft/nbt/CompoundTag;Lnet/minecraft/core/HolderLookup$Provider;ZLcom/simibubi/create/content/trains/graph/DimensionPalette;Lorg/spongepowered/asm/mixin/injection/callback/CallbackInfo;)V doesn't use it's CallbackInfo
[30Sep2026 22:40:36.070] [modloading-worker-0/DEBUG] [mixin/]: create_power_loader.mixins.json:GlobalStationMixin from mod create_power_loader->@Inject::cpl$read(Lnet/minecraft/nbt/CompoundTag;Lnet/minecraft/core/HolderLookup$Provider;ZLcom/simibubi/create/content/trains/graph/DimensionPalette;Lorg/spongepowered/asm/mixin/injection/callback/CallbackInfo;)V has 0 override(s) in child classes
[30Sep2026 22:40:36.070] [modloading-worker-0/DEBUG] [mixin/]: create_power_loader.mixins.json:GlobalStationMixin from mod create_power_loader->@Inject::cpl$read(Lnet/minecraft/nbt/CompoundTag;Lnet/minecraft/core/HolderLookup$Provider;ZLcom/simibubi/create/content/trains/graph/DimensionPalette;Lorg/spongepowered/asm/mixin/injection/callback/CallbackInfo;)V won't be passed a CallbackInfo as a result
[30Sep2026 22:40:36.070] [modloading-worker-0/DEBUG] [mixin/]: create_power_loader.mixins.json:GlobalStationMixin from mod create_power_loader->@Inject::cpl$read(Lnet/minecraft/network/FriendlyByteBuf;Lcom/simibubi/create/content/trains/graph/DimensionPalette;Lorg/spongepowered/asm/mixin/injection/callback/CallbackInfo;)V doesn't use it's CallbackInfo
[30Sep2026 22:40:36.070] [modloading-worker-0/DEBUG] [mixin/]: create_power_loader.mixins.json:GlobalStationMixin from mod create_power_loader->@Inject::cpl$read(Lnet/minecraft/network/FriendlyByteBuf;Lcom/simibubi/create/content/trains/graph/DimensionPalette;Lorg/spongepowered/asm/mixin/injection/callback/CallbackInfo;)V has 0 override(s) in child classes
[30Sep2026 22:40:36.071] [modloading-worker-0/DEBUG] [mixin/]: create_power_loader.mixins.json:GlobalStationMixin from mod create_power_loader->@Inject::cpl$read(Lnet/minecraft/network/FriendlyByteBuf;Lcom/simibubi/create/content/trains/graph/DimensionPalette;Lorg/spongepowered/asm/mixin/injection/callback/CallbackInfo;)V won't be passed a CallbackInfo as a result
[30Sep2026 22:40:36.071] [modloading-worker-0/DEBUG] [mixin/]: create_power_loader.mixins.json:GlobalStationMixin from mod create_power_loader->@Inject::cpl$write(Lnet/minecraft/nbt/CompoundTag;Lnet/minecraft/core/HolderLookup$Provider;Lcom/simibubi/create/content/trains/graph/DimensionPalette;Lorg/spongepowered/asm/mixin/injection/callback/CallbackInfo;)V doesn't use it's CallbackInfo
[30Sep2026 22:40:36.071] [modloading-worker-0/DEBUG] [mixin/]: create_power_loader.mixins.json:GlobalStationMixin from mod create_power_loader->@Inject::cpl$write(Lnet/minecraft/nbt/CompoundTag;Lnet/minecraft/core/HolderLookup$Provider;Lcom/simibubi/create/content/trains/graph/DimensionPalette;Lorg/spongepowered/asm/mixin/injection/callback/CallbackInfo;)V has 0 override(s) in child classes
[30Sep2026 22:40:36.071] [modloading-worker-0/DEBUG] [mixin/]: create_power_loader.mixins.json:GlobalStationMixin from mod create_power_loader->@Inject::cpl$write(Lnet/minecraft/nbt/CompoundTag;Lnet/minecraft/core/HolderLookup$Provider;Lcom/simibubi/create/content/trains/graph/DimensionPalette;Lorg/spongepowered/asm/mixin/injection/callback/CallbackInfo;)V won't be passed a CallbackInfo as a result
[30Sep2026 22:40:36.071] [modloading-worker-0/DEBUG] [mixin/]: create_power_loader.mixins.json:GlobalStationMixin from mod create_power_loader->@Inject::cpl$write(Lnet/minecraft/network/FriendlyByteBuf;Lcom/simibubi/create/content/trains/graph/DimensionPalette;Lorg/spongepowered/asm/mixin/injection/callback/CallbackInfo;)V doesn't use it's CallbackInfo
[30Sep2026 22:40:36.071] [modloading-worker-0/DEBUG] [mixin/]: create_power_loader.mixins.json:GlobalStationMixin from mod create_power_loader->@Inject::cpl$write(Lnet/minecraft/network/FriendlyByteBuf;Lcom/simibubi/create/content/trains/graph/DimensionPalette;Lorg/spongepowered/asm/mixin/injection/callback/CallbackInfo;)V has 0 override(s) in child classes
[30Sep2026 22:40:36.071] [modloading-worker-0/DEBUG] [mixin/]: create_power_loader.mixins.json:GlobalStationMixin from mod create_power_loader->@Inject::cpl$write(Lnet/minecraft/network/FriendlyByteBuf;Lcom/simibubi/create/content/trains/graph/DimensionPalette;Lorg/spongepowered/asm/mixin/injection/callback/CallbackInfo;)V won't be passed a CallbackInfo as a result
[30Sep2026 22:40:36.076] [modloading-worker-0/DEBUG] [mixin/]: Mixing compatibility.create.tracks.TrackBlockItemMixin from sable-neoforge.mixins.json into com.simibubi.create.content.trains.track.TrackTargetingBlockItem
[30Sep2026 22:40:36.101] [modloading-worker-0/DEBUG] [mixin/]: Mixing compatibility.create.funnels.FunnelBlockMixin from sable-neoforge.mixins.json into com.simibubi.create.content.logistics.funnel.FunnelBlock
[30Sep2026 22:40:36.129] [modloading-worker-0/DEBUG] [mixin/]: Mixing compatibility.create.frogports.FrogportBlockMixin from sable-neoforge.mixins.json into com.simibubi.create.content.logistics.packagePort.frogport.FrogportBlock
[30Sep2026 22:40:36.132] [modloading-worker-0/DEBUG] [mixin/]: Mixing compatibility.create.frogports.FrogportBlockEntityMixin from sable-neoforge.mixins.json into com.simibubi.create.content.logistics.packagePort.frogport.FrogportBlockEntity
[30Sep2026 22:40:36.157] [modloading-worker-0/DEBUG] [mixin/]: Mixing compatibility.create.display_link.DisplayLinkBlockMixin from sable-neoforge.mixins.json into com.simibubi.create.content.redstone.displayLink.DisplayLinkBlock
[30Sep2026 22:40:36.160] [modloading-worker-0/DEBUG] [mixin/]: Mixing compatibility.create.display_link.ClickToLinkBlockItemMixin from sable-neoforge.mixins.json into com.simibubi.create.content.redstone.displayLink.ClickToLinkBlockItem
[30Sep2026 22:40:36.170] [modloading-worker-0/DEBUG] [mixin/]: Mixing nav_table_compat.RedstoneLinkBlockMixin from simulated.mixins.json into com.simibubi.create.content.redstone.link.RedstoneLinkBlock
[30Sep2026 22:40:36.198] [modloading-worker-0/DEBUG] [mixin/]: Mixing compatibility.create.vertical_gearbox.VerticalGearboxItemMixin from sable-neoforge.mixins.json into com.simibubi.create.content.kinetics.gearbox.VerticalGearboxItem
[30Sep2026 22:40:36.204] [modloading-worker-0/DEBUG] [mixin/]: Mixing compatibility.create.blueprint.BlueprintEntityMixin from sable-neoforge.mixins.json into com.simibubi.create.content.equipment.blueprint.BlueprintEntity
[30Sep2026 22:40:36.216] [modloading-worker-0/DEBUG] [mixin/]: Mixing linked_controller_binding.LinkedControllerItemMixin from simulated.mixins.json into com.simibubi.create.content.redstone.link.controller.LinkedControllerItem
[30Sep2026 22:40:36.223] [modloading-worker-0/DEBUG] [mixin/]: Mixing potato_cannon_projectiles.PotatoProjectileEntityMixin from aeronautics.mixins.json into com.simibubi.create.content.equipment.potatoCannon.PotatoProjectileEntity
[30Sep2026 22:40:36.225] [modloading-worker-0/DEBUG] [mixin/]: aeronautics.mixins.json:potato_cannon_projectiles.PotatoProjectileEntityMixin from mod aeronautics: Class version 65 required is higher than the class version supported by the current version of Mixin (JAVA_18 supports class version 62)
[30Sep2026 22:40:36.228] [modloading-worker-0/DEBUG] [mixin/]: aeronautics.mixins.json:potato_cannon_projectiles.PotatoProjectileEntityMixin from mod aeronautics->@Inject::onHitEntity(Lnet/minecraft/world/phys/EntityHitResult;Lorg/spongepowered/asm/mixin/injection/callback/CallbackInfo;)V doesn't use it's CallbackInfo
[30Sep2026 22:40:36.228] [modloading-worker-0/DEBUG] [mixin/]: aeronautics.mixins.json:potato_cannon_projectiles.PotatoProjectileEntityMixin from mod aeronautics->@Inject::onHitEntity(Lnet/minecraft/world/phys/EntityHitResult;Lorg/spongepowered/asm/mixin/injection/callback/CallbackInfo;)V has 0 override(s) in child classes
[30Sep2026 22:40:36.228] [modloading-worker-0/DEBUG] [mixin/]: aeronautics.mixins.json:potato_cannon_projectiles.PotatoProjectileEntityMixin from mod aeronautics->@Inject::onHitEntity(Lnet/minecraft/world/phys/EntityHitResult;Lorg/spongepowered/asm/mixin/injection/callback/CallbackInfo;)V won't be passed a CallbackInfo as a result
[30Sep2026 22:40:36.230] [modloading-worker-0/DEBUG] [mixin/]: Mixing extendo_grip.ExtendoGripItemMixin from simulated.mixins.json into com.simibubi.create.content.equipment.extendoGrip.ExtendoGripItem
[30Sep2026 22:40:36.236] [modloading-worker-0/DEBUG] [mixin/]: Mixing compatibility.create.zapper.ZapperItemMixin from sable-neoforge.mixins.json into com.simibubi.create.content.equipment.zapper.ZapperItem
[30Sep2026 22:40:36.237] [modloading-worker-0/DEBUG] [mixin/]: sable-neoforge.mixins.json:compatibility.create.zapper.ZapperItemMixin from mod sable->@Inject::sable$projectTargetPos(Lnet/minecraft/world/level/Level;Lnet/minecraft/world/entity/player/Player;Lnet/minecraft/world/InteractionHand;Lorg/spongepowered/asm/mixin/injection/callback/CallbackInfoReturnable;)V doesn't use it's CallbackInfoReturnable
[30Sep2026 22:40:36.237] [modloading-worker-0/DEBUG] [mixin/]: sable-neoforge.mixins.json:compatibility.create.zapper.ZapperItemMixin from mod sable->@Inject::sable$projectTargetPos(Lnet/minecraft/world/level/Level;Lnet/minecraft/world/entity/player/Player;Lnet/minecraft/world/InteractionHand;Lorg/spongepowered/asm/mixin/injection/callback/CallbackInfoReturnable;)V has 0 override(s) in child classes
[30Sep2026 22:40:36.237] [modloading-worker-0/DEBUG] [mixin/]: sable-neoforge.mixins.json:compatibility.create.zapper.ZapperItemMixin from mod sable->@Inject::sable$projectTargetPos(Lnet/minecraft/world/level/Level;Lnet/minecraft/world/entity/player/Player;Lnet/minecraft/world/InteractionHand;Lorg/spongepowered/asm/mixin/injection/callback/CallbackInfoReturnable;)V won't be passed a CallbackInfoReturnable as a result
[30Sep2026 22:40:36.237] [modloading-worker-0/DEBUG] [mixin/]: sable-neoforge.mixins.json:compatibility.create.zapper.ZapperItemMixin from mod sable->@Inject::sable$projectTargetPos(Lnet/minecraft/world/level/Level;Lnet/minecraft/world/entity/player/Player;Lnet/minecraft/world/InteractionHand;Lorg/spongepowered/asm/mixin/injection/callback/CallbackInfoReturnable;)V doesn't use it's CallbackInfoReturnable
[30Sep2026 22:40:36.237] [modloading-worker-0/DEBUG] [mixin/]: sable-neoforge.mixins.json:compatibility.create.zapper.ZapperItemMixin from mod sable->@Inject::sable$projectTargetPos(Lnet/minecraft/world/level/Level;Lnet/minecraft/world/entity/player/Player;Lnet/minecraft/world/InteractionHand;Lorg/spongepowered/asm/mixin/injection/callback/CallbackInfoReturnable;)V has 0 override(s) in child classes
[30Sep2026 22:40:36.237] [modloading-worker-0/DEBUG] [mixin/]: sable-neoforge.mixins.json:compatibility.create.zapper.ZapperItemMixin from mod sable->@Inject::sable$projectTargetPos(Lnet/minecraft/world/level/Level;Lnet/minecraft/world/entity/player/Player;Lnet/minecraft/world/InteractionHand;Lorg/spongepowered/asm/mixin/injection/callback/CallbackInfoReturnable;)V won't be passed a CallbackInfoReturnable as a result
[30Sep2026 22:40:36.254] [modloading-worker-0/DEBUG] [mixin/]: Mixing compatibility.create.impact.AbstractBellBlockAccessor from sable-neoforge.mixins.json into com.simibubi.create.content.equipment.bell.AbstractBellBlock
[30Sep2026 22:40:36.254] [modloading-worker-0/DEBUG] [mixin/]: Mixing compatibility.create.impact.AbstractBellBlockMixin from sable-neoforge.mixins.json into com.simibubi.create.content.equipment.bell.AbstractBellBlock
[30Sep2026 22:40:36.291] [modloading-worker-0/DEBUG] [mixin/]: Mixing compatibility.create.entity_falls_on_block.SeatBlockMixin from sable-neoforge.mixins.json into com.simibubi.create.content.contraptions.actors.seat.SeatBlock
[30Sep2026 22:40:36.358] [modloading-worker-0/DEBUG] [mixin/]: Mixing propeller_bearing.PropellerBearingContraptionEntityMixin from aeronautics.mixins.json into dev.eriksonn.aeronautics.content.blocks.propeller.bearing.contraption.PropellerBearingContraptionEntity
[30Sep2026 22:40:36.359] [modloading-worker-0/DEBUG] [mixin/]: aeronautics.mixins.json:propeller_bearing.PropellerBearingContraptionEntityMixin from mod aeronautics: Class version 65 required is higher than the class version supported by the current version of Mixin (JAVA_18 supports class version 62)
[30Sep2026 22:40:36.427] [modloading-worker-0/DEBUG] [net.neoforged.fml.ModContainer/]: Attempted to register an empty config for type CLIENT on mod aeronautics
[30Sep2026 22:40:36.427] [modloading-worker-0/DEBUG] [net.neoforged.fml.config.ConfigTracker/CONFIG]: Config file aeronautics-server.toml for aeronautics tracking
[30Sep2026 22:40:36.427] [modloading-worker-0/DEBUG] [net.neoforged.fml.javafmlmod.AutomaticEventSubscriber/LOADING]: Attempting to inject @EventBusSubscriber classes into the eventbus for aeronautics
[30Sep2026 22:40:36.428] [modloading-worker-0/DEBUG] [net.neoforged.fml.javafmlmod.AutomaticEventSubscriber/LOADING]: Scanning class dev.eriksonn.aeronautics.neoforge.events.AeroNeoForgeCommonEvents for @SubscribeEvent-annotated methods
[30Sep2026 22:40:36.428] [modloading-worker-0/DEBUG] [net.neoforged.fml.javafmlmod.AutomaticEventSubscriber/]: Subscribing @EventBusSubscriber class Ldev/eriksonn/aeronautics/neoforge/events/AeroNeoForgeCommonEvents; to the game event bus
[30Sep2026 22:40:36.428] [modloading-worker-0/DEBUG] [net.neoforged.fml.javafmlmod.AutomaticEventSubscriber/LOADING]: Scanning class dev.eriksonn.aeronautics.neoforge.events.AeroNeoForgeCommonEvents$ModBusEvents for @SubscribeEvent-annotated methods
[30Sep2026 22:40:36.428] [modloading-worker-0/DEBUG] [net.neoforged.fml.javafmlmod.AutomaticEventSubscriber/]: Subscribing @EventBusSubscriber class Ldev/eriksonn/aeronautics/neoforge/events/AeroNeoForgeCommonEvents$ModBusEvents; to the mod event bus of mod aeronautics
[30Sep2026 22:40:36.432] [modloading-worker-0/DEBUG] [mixin/]: Mixing compatibility.create.redstone_contacts.AllBlockEntityTypesMixin from sable-neoforge.mixins.json into com.simibubi.create.AllBlockEntityTypes
[30Sep2026 22:40:36.449] [modloading-worker-0/DEBUG] [mixin/]: Mixing compatibility.create.fans_provide_force.EncasedFanBlockEntityMixin from sable-neoforge.mixins.json into com.simibubi.create.content.kinetics.fan.EncasedFanBlockEntity
[30Sep2026 22:40:36.454] [modloading-worker-0/DEBUG] [mixin/]: Mixing compatibility.create.nozzle.NozzleBlockEntityAccessor from sable-neoforge.mixins.json into com.simibubi.create.content.kinetics.fan.NozzleBlockEntity
[30Sep2026 22:40:36.454] [modloading-worker-0/DEBUG] [mixin/]: Mixing compatibility.create.nozzle.block_entity.NozzleBEFixesMixin from sable-neoforge.mixins.json into com.simibubi.create.content.kinetics.fan.NozzleBlockEntity
[30Sep2026 22:40:36.455] [modloading-worker-0/DEBUG] [mixin/]: Mixing compatibility.create.nozzle.block_entity.NozzleHoveringMixin from sable-neoforge.mixins.json into com.simibubi.create.content.kinetics.fan.NozzleBlockEntity
[30Sep2026 22:40:36.458] [modloading-worker-0/DEBUG] [mixin/]: Mixing compatibility.create.nozzle.block_entity.ValidNozzledirectionMixin from sable-neoforge.mixins.json into com.simibubi.create.content.kinetics.fan.NozzleBlockEntity
[30Sep2026 22:40:36.464] [modloading-worker-0/DEBUG] [mixin/]: sable-neoforge.mixins.json:compatibility.create.nozzle.block_entity.NozzleHoveringMixin from mod sable->@Inject::sable$generateRays(Lnet/minecraft/world/level/block/entity/BlockEntityType;Lnet/minecraft/core/BlockPos;Lnet/minecraft/world/level/block/state/BlockState;Lorg/spongepowered/asm/mixin/injection/callback/CallbackInfo;)V doesn't use it's CallbackInfo
[30Sep2026 22:40:36.464] [modloading-worker-0/DEBUG] [mixin/]: sable-neoforge.mixins.json:compatibility.create.nozzle.block_entity.NozzleHoveringMixin from mod sable->@Inject::sable$generateRays(Lnet/minecraft/world/level/block/entity/BlockEntityType;Lnet/minecraft/core/BlockPos;Lnet/minecraft/world/level/block/state/BlockState;Lorg/spongepowered/asm/mixin/injection/callback/CallbackInfo;)V has 0 override(s) in child classes
[30Sep2026 22:40:36.464] [modloading-worker-0/DEBUG] [mixin/]: sable-neoforge.mixins.json:compatibility.create.nozzle.block_entity.NozzleHoveringMixin from mod sable->@Inject::sable$generateRays(Lnet/minecraft/world/level/block/entity/BlockEntityType;Lnet/minecraft/core/BlockPos;Lnet/minecraft/world/level/block/state/BlockState;Lorg/spongepowered/asm/mixin/injection/callback/CallbackInfo;)V won't be passed a CallbackInfo as a result
[30Sep2026 22:40:36.464] [modloading-worker-0/DEBUG] [mixin/]: sable-neoforge.mixins.json:compatibility.create.nozzle.block_entity.NozzleHoveringMixin from mod sable->@Inject::addPhysicsParticles(Lorg/spongepowered/asm/mixin/injection/callback/CallbackInfo;)V doesn't use it's CallbackInfo
[30Sep2026 22:40:36.464] [modloading-worker-0/DEBUG] [mixin/]: sable-neoforge.mixins.json:compatibility.create.nozzle.block_entity.NozzleHoveringMixin from mod sable->@Inject::addPhysicsParticles(Lorg/spongepowered/asm/mixin/injection/callback/CallbackInfo;)V has 0 override(s) in child classes
[30Sep2026 22:40:36.464] [modloading-worker-0/DEBUG] [mixin/]: sable-neoforge.mixins.json:compatibility.create.nozzle.block_entity.NozzleHoveringMixin from mod sable->@Inject::addPhysicsParticles(Lorg/spongepowered/asm/mixin/injection/callback/CallbackInfo;)V won't be passed a CallbackInfo as a result
[30Sep2026 22:40:36.464] [modloading-worker-0/DEBUG] [mixin/]: sable-neoforge.mixins.json:compatibility.create.nozzle.block_entity.ValidNozzledirectionMixin from mod sable->@Inject::sable$updateValidDirections(Lorg/spongepowered/asm/mixin/injection/callback/CallbackInfo;)V doesn't use it's CallbackInfo
[30Sep2026 22:40:36.464] [modloading-worker-0/DEBUG] [mixin/]: sable-neoforge.mixins.json:compatibility.create.nozzle.block_entity.ValidNozzledirectionMixin from mod sable->@Inject::sable$updateValidDirections(Lorg/spongepowered/asm/mixin/injection/callback/CallbackInfo;)V has 0 override(s) in child classes
[30Sep2026 22:40:36.464] [modloading-worker-0/DEBUG] [mixin/]: sable-neoforge.mixins.json:compatibility.create.nozzle.block_entity.ValidNozzledirectionMixin from mod sable->@Inject::sable$updateValidDirections(Lorg/spongepowered/asm/mixin/injection/callback/CallbackInfo;)V won't be passed a CallbackInfo as a result
[30Sep2026 22:40:36.475] [modloading-worker-0/DEBUG] [mixin/]: Mixing compatibility.create.chain_conveyor.ChainConveyorBlockEntityMixin from sable-neoforge.mixins.json into com.simibubi.create.content.kinetics.chainConveyor.ChainConveyorBlockEntity
[30Sep2026 22:40:36.476] [modloading-worker-0/DEBUG] [mixin/]: Mixing compatibility.create.frogports.ChainConveyorBlockEntityMixin from sable-neoforge.mixins.json into com.simibubi.create.content.kinetics.chainConveyor.ChainConveyorBlockEntity
[30Sep2026 22:40:36.497] [modloading-worker-0/DEBUG] [mixin/]: sable-neoforge.mixins.json:compatibility.create.chain_conveyor.ChainConveyorBlockEntityMixin from mod sable->@Inject::dropInvalidPackages(Lorg/spongepowered/asm/mixin/injection/callback/CallbackInfo;)V doesn't use it's CallbackInfo
[30Sep2026 22:40:36.497] [modloading-worker-0/DEBUG] [mixin/]: sable-neoforge.mixins.json:compatibility.create.chain_conveyor.ChainConveyorBlockEntityMixin from mod sable->@Inject::dropInvalidPackages(Lorg/spongepowered/asm/mixin/injection/callback/CallbackInfo;)V has 0 override(s) in child classes
[30Sep2026 22:40:36.497] [modloading-worker-0/DEBUG] [mixin/]: sable-neoforge.mixins.json:compatibility.create.chain_conveyor.ChainConveyorBlockEntityMixin from mod sable->@Inject::dropInvalidPackages(Lorg/spongepowered/asm/mixin/injection/callback/CallbackInfo;)V won't be passed a CallbackInfo as a result
[30Sep2026 22:40:36.511] [modloading-worker-0/DEBUG] [mixin/]: Mixing compatibility.create.hose_pulley.HosePulleyBlockEntityMixin from sable-neoforge.mixins.json into com.simibubi.create.content.fluids.hosePulley.HosePulleyBlockEntity
[30Sep2026 22:40:36.512] [modloading-worker-0/DEBUG] [mixin/]: Renaming synthetic method lambda$sable$getBlockState$0(Lcom/llamalad7/mixinextras/injector/wrapoperation/Operation;Lnet/minecraft/world/level/Level;ZLdev/ryanhcode/sable/sublevel/SubLevel;Lnet/minecraft/core/BlockPos;)Lnet/minecraft/world/level/block/state/BlockState; to mded67c0$sable$lambda$sable$getBlockState$0$0 in sable-neoforge.mixins.json:compatibility.create.hose_pulley.HosePulleyBlockEntityMixin from mod sable
[30Sep2026 22:40:36.519] [modloading-worker-0/DEBUG] [mixin/]: Mixing compatibility.create.inventory_manipulation.ChuteBlockEntityMixin from sable-neoforge.mixins.json into com.simibubi.create.content.logistics.chute.ChuteBlockEntity
[30Sep2026 22:40:36.519] [modloading-worker-0/DEBUG] [mixin/]: Renaming synthetic method lambda$sable$grabCap$0(Lorg/joml/Vector3d;Lorg/joml/Vector3d;Lnet/minecraft/world/level/Level;Ldev/ryanhcode/sable/sublevel/SubLevel;Lnet/minecraft/core/BlockPos;)Lnet/neoforged/neoforge/items/IItemHandler; to mded67c0$sable$lambda$sable$grabCap$0$0 in sable-neoforge.mixins.json:compatibility.create.inventory_manipulation.ChuteBlockEntityMixin from mod sable
[30Sep2026 22:40:36.531] [modloading-worker-0/DEBUG] [mixin/]: Mixing compatibility.create.mechnical_arm.MechanicalArmBlockEntity from sable-neoforge.mixins.json into com.simibubi.create.content.kinetics.mechanicalArm.ArmBlockEntity
[30Sep2026 22:40:36.532] [modloading-worker-0/DEBUG] [mixin/]: sable-neoforge.mixins.json:compatibility.create.mechnical_arm.MechanicalArmBlockEntity from mod sable->@Inject::sable$forceMechArmsLoad(Lnet/minecraft/core/BlockPos;ILorg/spongepowered/asm/mixin/injection/callback/CallbackInfoReturnable;)V does use it's CallbackInfoReturnable
[30Sep2026 22:40:36.534] [modloading-worker-0/DEBUG] [mixin/]: Mixing accessor.ItemStackHandlerAccessor from create.mixins.json into net.neoforged.neoforge.items.ItemStackHandler
[30Sep2026 22:40:36.549] [modloading-worker-0/DEBUG] [mixin/]: Mixing create_assembly.LinearActuatorBlockEntityMixin from simulated.mixins.json into com.simibubi.create.content.contraptions.piston.LinearActuatorBlockEntity
[30Sep2026 22:40:36.553] [modloading-worker-0/DEBUG] [mixin/]: Mixing create_assembly.ClockworkBearingBlockEntityMixin from simulated.mixins.json into com.simibubi.create.content.contraptions.bearing.ClockworkBearingBlockEntity
[30Sep2026 22:40:36.556] [modloading-worker-0/DEBUG] [mixin/]: Mixing create_assembly.ElevatorPulleyBlockEntityMixin from simulated.mixins.json into com.simibubi.create.content.contraptions.elevator.ElevatorPulleyBlockEntity
[30Sep2026 22:40:36.561] [modloading-worker-0/DEBUG] [mixin/]: Mixing compatibility.create.sticker.StickerBlockEntityMixin from sable-neoforge.mixins.json into com.simibubi.create.content.contraptions.chassis.StickerBlockEntity
[30Sep2026 22:40:36.561] [modloading-worker-0/DEBUG] [mixin/]: Renaming synthetic method lambda$tick$3()Ljava/lang/Runnable; to mded67c0$sable$lambda$tick$3$0 in sable-neoforge.mixins.json:compatibility.create.sticker.StickerBlockEntityMixin from mod sable
[30Sep2026 22:40:36.561] [modloading-worker-0/DEBUG] [mixin/]: Renaming synthetic method lambda$tick$2()V to mded67c0$sable$lambda$tick$2$1 in sable-neoforge.mixins.json:compatibility.create.sticker.StickerBlockEntityMixin from mod sable
[30Sep2026 22:40:36.561] [modloading-worker-0/DEBUG] [mixin/]: Renaming synthetic method lambda$tick$1()Ljava/lang/Runnable; to mded67c0$sable$lambda$tick$1$2 in sable-neoforge.mixins.json:compatibility.create.sticker.StickerBlockEntityMixin from mod sable
[30Sep2026 22:40:36.561] [modloading-worker-0/DEBUG] [mixin/]: Renaming synthetic method lambda$tick$0()V to mded67c0$sable$lambda$tick$0$3 in sable-neoforge.mixins.json:compatibility.create.sticker.StickerBlockEntityMixin from mod sable
[30Sep2026 22:40:36.579] [modloading-worker-0/DEBUG] [mixin/]: sable-neoforge.mixins.json:compatibility.create.sticker.StickerBlockEntityMixin from mod sable->@Inject::tick(Lorg/spongepowered/asm/mixin/injection/callback/CallbackInfo;)V doesn't use it's CallbackInfo
[30Sep2026 22:40:36.580] [modloading-worker-0/DEBUG] [mixin/]: sable-neoforge.mixins.json:compatibility.create.sticker.StickerBlockEntityMixin from mod sable->@Inject::tick(Lorg/spongepowered/asm/mixin/injection/callback/CallbackInfo;)V has 0 override(s) in child classes
[30Sep2026 22:40:36.580] [modloading-worker-0/DEBUG] [mixin/]: sable-neoforge.mixins.json:compatibility.create.sticker.StickerBlockEntityMixin from mod sable->@Inject::tick(Lorg/spongepowered/asm/mixin/injection/callback/CallbackInfo;)V won't be passed a CallbackInfo as a result
[30Sep2026 22:40:36.580] [modloading-worker-0/DEBUG] [mixin/]: sable-neoforge.mixins.json:compatibility.create.sticker.StickerBlockEntityMixin from mod sable->@Inject::write(Lnet/minecraft/nbt/CompoundTag;Lnet/minecraft/core/HolderLookup$Provider;ZLorg/spongepowered/asm/mixin/injection/callback/CallbackInfo;)V doesn't use it's CallbackInfo
[30Sep2026 22:40:36.580] [modloading-worker-0/DEBUG] [mixin/]: sable-neoforge.mixins.json:compatibility.create.sticker.StickerBlockEntityMixin from mod sable->@Inject::write(Lnet/minecraft/nbt/CompoundTag;Lnet/minecraft/core/HolderLookup$Provider;ZLorg/spongepowered/asm/mixin/injection/callback/CallbackInfo;)V has 0 override(s) in child classes
[30Sep2026 22:40:36.580] [modloading-worker-0/DEBUG] [mixin/]: sable-neoforge.mixins.json:compatibility.create.sticker.StickerBlockEntityMixin from mod sable->@Inject::write(Lnet/minecraft/nbt/CompoundTag;Lnet/minecraft/core/HolderLookup$Provider;ZLorg/spongepowered/asm/mixin/injection/callback/CallbackInfo;)V won't be passed a CallbackInfo as a result
[30Sep2026 22:40:36.580] [modloading-worker-0/DEBUG] [mixin/]: sable-neoforge.mixins.json:compatibility.create.sticker.StickerBlockEntityMixin from mod sable->@Inject::read(Lnet/minecraft/nbt/CompoundTag;Lnet/minecraft/core/HolderLookup$Provider;ZLorg/spongepowered/asm/mixin/injection/callback/CallbackInfo;)V doesn't use it's CallbackInfo
[30Sep2026 22:40:36.580] [modloading-worker-0/DEBUG] [mixin/]: sable-neoforge.mixins.json:compatibility.create.sticker.StickerBlockEntityMixin from mod sable->@Inject::read(Lnet/minecraft/nbt/CompoundTag;Lnet/minecraft/core/HolderLookup$Provider;ZLorg/spongepowered/asm/mixin/injection/callback/CallbackInfo;)V has 0 override(s) in child classes
[30Sep2026 22:40:36.580] [modloading-worker-0/DEBUG] [mixin/]: sable-neoforge.mixins.json:compatibility.create.sticker.StickerBlockEntityMixin from mod sable->@Inject::read(Lnet/minecraft/nbt/CompoundTag;Lnet/minecraft/core/HolderLookup$Provider;ZLorg/spongepowered/asm/mixin/injection/callback/CallbackInfo;)V won't be passed a CallbackInfo as a result
[30Sep2026 22:40:36.585] [modloading-worker-0/DEBUG] [mixin/]: Mixing compatibility.create.block_breakers.BlockBreakingKineticBlockEntityMixin from sable-neoforge.mixins.json into com.simibubi.create.content.kinetics.base.BlockBreakingKineticBlockEntity
[30Sep2026 22:40:36.585] [modloading-worker-0/DEBUG] [mixin/]: Renaming synthetic method lambda$sable$preGetBlockToBreak$0(Lnet/minecraft/core/BlockPos;Lnet/minecraft/world/level/block/state/BlockState;)Z to mded67c0$sable$lambda$sable$preGetBlockToBreak$0$0 in sable-neoforge.mixins.json:compatibility.create.block_breakers.BlockBreakingKineticBlockEntityMixin from mod sable
[30Sep2026 22:40:36.586] [modloading-worker-0/DEBUG] [mixin/]: Mixing harvesters.BlockBreakingTileEntityMixin from simulated-neoforge.mixins.json into com.simibubi.create.content.kinetics.base.BlockBreakingKineticBlockEntity
[30Sep2026 22:40:36.589] [modloading-worker-0/DEBUG] [mixin/]: simulated-neoforge.mixins.json:harvesters.BlockBreakingTileEntityMixin from mod simulated->@Inject::checkIfDepositable(Lnet/minecraft/world/phys/Vec3;Lnet/minecraft/world/item/ItemStack;Lorg/spongepowered/asm/mixin/injection/callback/CallbackInfo;)V does use it's CallbackInfo
[30Sep2026 22:40:36.591] [modloading-worker-0/DEBUG] [mixin/]: Mixing compatibility.create.saw.SawBlockEntityMixin from sable-neoforge.mixins.json into com.simibubi.create.content.kinetics.saw.SawBlockEntity
[30Sep2026 22:40:36.591] [modloading-worker-0/DEBUG] [mixin/]: Mixing harvesters.SawTileEntityMixin from simulated-neoforge.mixins.json into com.simibubi.create.content.kinetics.saw.SawBlockEntity
[30Sep2026 22:40:36.593] [modloading-worker-0/DEBUG] [mixin/]: simulated-neoforge.mixins.json:harvesters.SawTileEntityMixin from mod simulated->@Inject::checkDeposit(Lnet/minecraft/core/BlockPos;Lnet/minecraft/world/item/ItemStack;Lorg/spongepowered/asm/mixin/injection/callback/CallbackInfo;)V does use it's CallbackInfo
[30Sep2026 22:40:36.596] [modloading-worker-0/DEBUG] [mixin/]: Mixing compatibility.create.behaviour_compatibility.harvester_block_entity.HarvesterBlockEntityMixin from sable-neoforge.mixins.json into com.simibubi.create.content.contraptions.actors.harvester.HarvesterBlockEntity
[30Sep2026 22:40:36.596] [modloading-worker-0/DEBUG] [mixin/]: Renaming synthetic method lambda$sable$tick$0(Ldev/ryanhcode/sable/sublevel/SubLevel;Lnet/minecraft/core/BlockPos;)Lnet/minecraft/core/BlockPos; to mded67c0$sable$lambda$sable$tick$0$0 in sable-neoforge.mixins.json:compatibility.create.behaviour_compatibility.harvester_block_entity.HarvesterBlockEntityMixin from mod sable
[30Sep2026 22:40:36.599] [modloading-worker-0/DEBUG] [mixin/]: Mixing harvesters.SableHarvesterMixin from simulated-neoforge.mixins.json into com.simibubi.create.content.contraptions.actors.harvester.HarvesterBlockEntity
[30Sep2026 22:40:36.608] [modloading-worker-0/DEBUG] [mixin/]: Mixing flywheel_block_entity.FlywheelBlockEntityMixin from aeronautics.mixins.json into com.simibubi.create.content.kinetics.flywheel.FlywheelBlockEntity
[30Sep2026 22:40:36.608] [modloading-worker-0/DEBUG] [mixin/]: aeronautics.mixins.json:flywheel_block_entity.FlywheelBlockEntityMixin from mod aeronautics: Class version 65 required is higher than the class version supported by the current version of Mixin (JAVA_18 supports class version 62)
[30Sep2026 22:40:36.609] [modloading-worker-0/DEBUG] [mixin/]: Mixing compatibility.create.flywheel.FlywheelBlockEntityMixin from sable-neoforge.mixins.json into com.simibubi.create.content.kinetics.flywheel.FlywheelBlockEntity
[30Sep2026 22:40:36.611] [modloading-worker-0/DEBUG] [mixin/]: aeronautics.mixins.json:flywheel_block_entity.FlywheelBlockEntityMixin from mod aeronautics->@Inject::read(Lnet/minecraft/nbt/CompoundTag;Lnet/minecraft/core/HolderLookup$Provider;ZLorg/spongepowered/asm/mixin/injection/callback/CallbackInfo;)V doesn't use it's CallbackInfo
[30Sep2026 22:40:36.611] [modloading-worker-0/DEBUG] [mixin/]: aeronautics.mixins.json:flywheel_block_entity.FlywheelBlockEntityMixin from mod aeronautics->@Inject::read(Lnet/minecraft/nbt/CompoundTag;Lnet/minecraft/core/HolderLookup$Provider;ZLorg/spongepowered/asm/mixin/injection/callback/CallbackInfo;)V has 0 override(s) in child classes
[30Sep2026 22:40:36.611] [modloading-worker-0/DEBUG] [mixin/]: aeronautics.mixins.json:flywheel_block_entity.FlywheelBlockEntityMixin from mod aeronautics->@Inject::read(Lnet/minecraft/nbt/CompoundTag;Lnet/minecraft/core/HolderLookup$Provider;ZLorg/spongepowered/asm/mixin/injection/callback/CallbackInfo;)V won't be passed a CallbackInfo as a result
[30Sep2026 22:40:36.612] [modloading-worker-0/DEBUG] [mixin/]: sable-neoforge.mixins.json:compatibility.create.flywheel.FlywheelBlockEntityMixin from mod sable->@Inject::sable$tick(Lorg/spongepowered/asm/mixin/injection/callback/CallbackInfo;)V doesn't use it's CallbackInfo
[30Sep2026 22:40:36.612] [modloading-worker-0/DEBUG] [mixin/]: sable-neoforge.mixins.json:compatibility.create.flywheel.FlywheelBlockEntityMixin from mod sable->@Inject::sable$tick(Lorg/spongepowered/asm/mixin/injection/callback/CallbackInfo;)V has 0 override(s) in child classes
[30Sep2026 22:40:36.612] [modloading-worker-0/DEBUG] [mixin/]: sable-neoforge.mixins.json:compatibility.create.flywheel.FlywheelBlockEntityMixin from mod sable->@Inject::sable$tick(Lorg/spongepowered/asm/mixin/injection/callback/CallbackInfo;)V won't be passed a CallbackInfo as a result
[30Sep2026 22:40:36.612] [modloading-worker-0/DEBUG] [mixin/]: sable-neoforge.mixins.json:compatibility.create.flywheel.FlywheelBlockEntityMixin from mod sable->@Inject::sable$write(Lnet/minecraft/nbt/CompoundTag;Lnet/minecraft/core/HolderLookup$Provider;ZLorg/spongepowered/asm/mixin/injection/callback/CallbackInfo;)V doesn't use it's CallbackInfo
[30Sep2026 22:40:36.612] [modloading-worker-0/DEBUG] [mixin/]: sable-neoforge.mixins.json:compatibility.create.flywheel.FlywheelBlockEntityMixin from mod sable->@Inject::sable$write(Lnet/minecraft/nbt/CompoundTag;Lnet/minecraft/core/HolderLookup$Provider;ZLorg/spongepowered/asm/mixin/injection/callback/CallbackInfo;)V has 0 override(s) in child classes
[30Sep2026 22:40:36.612] [modloading-worker-0/DEBUG] [mixin/]: sable-neoforge.mixins.json:compatibility.create.flywheel.FlywheelBlockEntityMixin from mod sable->@Inject::sable$write(Lnet/minecraft/nbt/CompoundTag;Lnet/minecraft/core/HolderLookup$Provider;ZLorg/spongepowered/asm/mixin/injection/callback/CallbackInfo;)V won't be passed a CallbackInfo as a result
[30Sep2026 22:40:36.612] [modloading-worker-0/DEBUG] [mixin/]: sable-neoforge.mixins.json:compatibility.create.flywheel.FlywheelBlockEntityMixin from mod sable->@Inject::sable$read(Lnet/minecraft/nbt/CompoundTag;Lnet/minecraft/core/HolderLookup$Provider;ZLorg/spongepowered/asm/mixin/injection/callback/CallbackInfo;)V doesn't use it's CallbackInfo
[30Sep2026 22:40:36.612] [modloading-worker-0/DEBUG] [mixin/]: sable-neoforge.mixins.json:compatibility.create.flywheel.FlywheelBlockEntityMixin from mod sable->@Inject::sable$read(Lnet/minecraft/nbt/CompoundTag;Lnet/minecraft/core/HolderLookup$Provider;ZLorg/spongepowered/asm/mixin/injection/callback/CallbackInfo;)V has 0 override(s) in child classes
[30Sep2026 22:40:36.612] [modloading-worker-0/DEBUG] [mixin/]: sable-neoforge.mixins.json:compatibility.create.flywheel.FlywheelBlockEntityMixin from mod sable->@Inject::sable$read(Lnet/minecraft/nbt/CompoundTag;Lnet/minecraft/core/HolderLookup$Provider;ZLorg/spongepowered/asm/mixin/injection/callback/CallbackInfo;)V won't be passed a CallbackInfo as a result
[30Sep2026 22:40:36.616] [modloading-worker-0/DEBUG] [mixin/]: Mixing compatibility.create.crushing_wheel_entity_processing.CrushingWheelControllerBlockEntityMixin from sable-neoforge.mixins.json into com.simibubi.create.content.kinetics.crusher.CrushingWheelControllerBlockEntity
[30Sep2026 22:40:36.621] [modloading-worker-0/DEBUG] [mixin/]: sable-neoforge.mixins.json:compatibility.create.crushing_wheel_entity_processing.CrushingWheelControllerBlockEntityMixin from mod sable->@Inject::sable$initSublevel(Lorg/spongepowered/asm/mixin/injection/callback/CallbackInfo;)V doesn't use it's CallbackInfo
[30Sep2026 22:40:36.621] [modloading-worker-0/DEBUG] [mixin/]: sable-neoforge.mixins.json:compatibility.create.crushing_wheel_entity_processing.CrushingWheelControllerBlockEntityMixin from mod sable->@Inject::sable$initSublevel(Lorg/spongepowered/asm/mixin/injection/callback/CallbackInfo;)V has 0 override(s) in child classes
[30Sep2026 22:40:36.621] [modloading-worker-0/DEBUG] [mixin/]: sable-neoforge.mixins.json:compatibility.create.crushing_wheel_entity_processing.CrushingWheelControllerBlockEntityMixin from mod sable->@Inject::sable$initSublevel(Lorg/spongepowered/asm/mixin/injection/callback/CallbackInfo;)V won't be passed a CallbackInfo as a result
[30Sep2026 22:40:36.625] [modloading-worker-0/DEBUG] [mixin/]: Mixing levitite.WaterWheelBlockEntityMixin from aeronautics.mixins.json into com.simibubi.create.content.kinetics.waterwheel.WaterWheelBlockEntity
[30Sep2026 22:40:36.625] [modloading-worker-0/DEBUG] [mixin/]: aeronautics.mixins.json:levitite.WaterWheelBlockEntityMixin from mod aeronautics: Class version 65 required is higher than the class version supported by the current version of Mixin (JAVA_18 supports class version 62)
[30Sep2026 22:40:36.631] [modloading-worker-0/DEBUG] [mixin/]: Mixing compatibility.create.basin_interactions.BasinOperatingBlockEntityMixin from sable-neoforge.mixins.json into com.simibubi.create.content.processing.basin.BasinOperatingBlockEntity
[30Sep2026 22:40:36.631] [modloading-worker-0/DEBUG] [mixin/]: Renaming synthetic method lambda$sable$accountForSubLevels$0(Lnet/minecraft/world/level/Level;Ldev/ryanhcode/sable/sublevel/SubLevel;Lnet/minecraft/core/BlockPos;)Lnet/minecraft/world/level/block/entity/BlockEntity; to mded67c0$sable$lambda$sable$accountForSubLevels$0$0 in sable-neoforge.mixins.json:compatibility.create.basin_interactions.BasinOperatingBlockEntityMixin from mod sable
[30Sep2026 22:40:36.633] [modloading-worker-0/DEBUG] [mixin/]: sable-neoforge.mixins.json:compatibility.create.basin_interactions.BasinOperatingBlockEntityMixin from mod sable->@Inject::sable$forceUpdate(Lorg/spongepowered/asm/mixin/injection/callback/CallbackInfo;)V doesn't use it's CallbackInfo
[30Sep2026 22:40:36.633] [modloading-worker-0/DEBUG] [mixin/]: sable-neoforge.mixins.json:compatibility.create.basin_interactions.BasinOperatingBlockEntityMixin from mod sable->@Inject::sable$forceUpdate(Lorg/spongepowered/asm/mixin/injection/callback/CallbackInfo;)V has 0 override(s) in child classes
[30Sep2026 22:40:36.633] [modloading-worker-0/DEBUG] [mixin/]: sable-neoforge.mixins.json:compatibility.create.basin_interactions.BasinOperatingBlockEntityMixin from mod sable->@Inject::sable$forceUpdate(Lorg/spongepowered/asm/mixin/injection/callback/CallbackInfo;)V won't be passed a CallbackInfo as a result
[30Sep2026 22:40:36.638] [modloading-worker-0/DEBUG] [mixin/]: Mixing compatibility.create.deployer.DeployerBlockEntityMixin from sable-neoforge.mixins.json into com.simibubi.create.content.kinetics.deployer.DeployerBlockEntity
[30Sep2026 22:40:36.655] [modloading-worker-0/DEBUG] [mixin/]: Mixing compatibility.create.inventory_manipulation.CapManipulationBehaviourBaseMixin from sable-neoforge.mixins.json into com.simibubi.create.foundation.blockEntity.behaviour.inventory.CapManipulationBehaviourBase
[30Sep2026 22:40:36.655] [modloading-worker-0/DEBUG] [mixin/]: Renaming synthetic method lambda$sable$findNewCapOnSubLevel$0(Lnet/minecraft/world/level/Level;Ldev/ryanhcode/sable/sublevel/SubLevel;Lnet/minecraft/core/BlockPos;)Lnet/minecraft/world/level/block/entity/BlockEntity; to mded67c0$sable$lambda$sable$findNewCapOnSubLevel$0$0 in sable-neoforge.mixins.json:compatibility.create.inventory_manipulation.CapManipulationBehaviourBaseMixin from mod sable
[30Sep2026 22:40:36.674] [modloading-worker-0/DEBUG] [mixin/]: Mixing accessor.RedstoneLinkBlockEntityAccessor from simulated.mixins.json into com.simibubi.create.content.redstone.link.RedstoneLinkBlockEntity
[30Sep2026 22:40:36.679] [modloading-worker-0/DEBUG] [mixin/]: Mixing compatibility.create.display_link.DisplayLinkBlockEntityMixin from sable-neoforge.mixins.json into com.simibubi.create.content.redstone.displayLink.DisplayLinkBlockEntity
[30Sep2026 22:40:36.680] [modloading-worker-0/DEBUG] [mixin/]: Mixing conditional_display_target.DisplayLinkBlockEntityMixin from simulated.mixins.json into com.simibubi.create.content.redstone.displayLink.DisplayLinkBlockEntity
[30Sep2026 22:40:36.683] [modloading-worker-0/DEBUG] [mixin/]: sable-neoforge.mixins.json:compatibility.create.display_link.DisplayLinkBlockEntityMixin from mod sable->@Inject::sable$accountForSubLevels(Lorg/spongepowered/asm/mixin/injection/callback/CallbackInfoReturnable;)V does use it's CallbackInfoReturnable
[30Sep2026 22:40:36.683] [modloading-worker-0/DEBUG] [mixin/]: simulated.mixins.json:conditional_display_target.DisplayLinkBlockEntityMixin from mod simulated->@Inject::simulated$stopConditionalTransfer(Lorg/spongepowered/asm/mixin/injection/callback/CallbackInfo;)V does use it's CallbackInfo
[30Sep2026 22:40:36.690] [modloading-worker-0/DEBUG] [mixin/]: Mixing compatibility.create.ejector.EjectorBlockEntityMixin from sable-neoforge.mixins.json into com.simibubi.create.content.logistics.depot.EjectorBlockEntity
[30Sep2026 22:40:36.700] [modloading-worker-0/DEBUG] [mixin/]: sable-neoforge.mixins.json:compatibility.create.ejector.EjectorBlockEntityMixin from mod sable->@Inject::sable$launchSubLevels(Lorg/spongepowered/asm/mixin/injection/callback/CallbackInfo;)V doesn't use it's CallbackInfo
[30Sep2026 22:40:36.700] [modloading-worker-0/DEBUG] [mixin/]: sable-neoforge.mixins.json:compatibility.create.ejector.EjectorBlockEntityMixin from mod sable->@Inject::sable$launchSubLevels(Lorg/spongepowered/asm/mixin/injection/callback/CallbackInfo;)V has 0 override(s) in child classes
[30Sep2026 22:40:36.700] [modloading-worker-0/DEBUG] [mixin/]: sable-neoforge.mixins.json:compatibility.create.ejector.EjectorBlockEntityMixin from mod sable->@Inject::sable$launchSubLevels(Lorg/spongepowered/asm/mixin/injection/callback/CallbackInfo;)V won't be passed a CallbackInfo as a result
[30Sep2026 22:40:36.700] [modloading-worker-0/DEBUG] [mixin/]: sable-neoforge.mixins.json:compatibility.create.ejector.EjectorBlockEntityMixin from mod sable->@Inject::sable$tick(Lorg/spongepowered/asm/mixin/injection/callback/CallbackInfo;)V doesn't use it's CallbackInfo
[30Sep2026 22:40:36.700] [modloading-worker-0/DEBUG] [mixin/]: sable-neoforge.mixins.json:compatibility.create.ejector.EjectorBlockEntityMixin from mod sable->@Inject::sable$tick(Lorg/spongepowered/asm/mixin/injection/callback/CallbackInfo;)V has 0 override(s) in child classes
[30Sep2026 22:40:36.700] [modloading-worker-0/DEBUG] [mixin/]: sable-neoforge.mixins.json:compatibility.create.ejector.EjectorBlockEntityMixin from mod sable->@Inject::sable$tick(Lorg/spongepowered/asm/mixin/injection/callback/CallbackInfo;)V won't be passed a CallbackInfo as a result
[30Sep2026 22:40:36.713] [modloading-worker-0/DEBUG] [mixin/]: Mixing compatibility.create.lectern_controller.LecternControllerBlockEntityMixin from sable-neoforge.mixins.json into com.simibubi.create.content.redstone.link.controller.LecternControllerBlockEntity
[30Sep2026 22:40:36.715] [modloading-worker-0/DEBUG] [mixin/]: sable-neoforge.mixins.json:compatibility.create.lectern_controller.LecternControllerBlockEntityMixin from mod sable->@Inject::sable$dropController(Lnet/minecraft/world/level/block/state/BlockState;Lorg/spongepowered/asm/mixin/injection/callback/CallbackInfo;)V does use it's CallbackInfo
[30Sep2026 22:40:36.779] [modloading-worker-0/DEBUG] [mixin/]: Mixing compatibility.create.schematics.SchematicPlacePacketMixin from sable-neoforge.mixins.json into com.simibubi.create.content.schematics.packet.SchematicPlacePacket
[30Sep2026 22:40:36.780] [modloading-worker-0/DEBUG] [mixin/]: Renaming synthetic method lambda$sable$handle$3(Lnet/createmod/catnip/levelWrappers/SchematicLevel;Lnet/minecraft/world/level/Level;Lnet/minecraft/core/BlockPos;Lnet/minecraft/core/BlockPos;)V to mded67c0$sable$lambda$sable$handle$3$0 in sable-neoforge.mixins.json:compatibility.create.schematics.SchematicPlacePacketMixin from mod sable
[30Sep2026 22:40:36.780] [modloading-worker-0/DEBUG] [mixin/]: Renaming synthetic method lambda$sable$handle$2(Ldev/ryanhcode/sable/sublevel/SubLevel;Ljava/lang/Object;)Lnet/minecraft/core/BlockPos; to mded67c0$sable$lambda$sable$handle$2$1 in sable-neoforge.mixins.json:compatibility.create.schematics.SchematicPlacePacketMixin from mod sable
[30Sep2026 22:40:36.780] [modloading-worker-0/DEBUG] [mixin/]: Renaming synthetic method lambda$sable$handle$1(Lnet/minecraft/core/BlockPos;Ljava/lang/Object;)Lnet/minecraft/core/BlockPos; to mded67c0$sable$lambda$sable$handle$1$2 in sable-neoforge.mixins.json:compatibility.create.schematics.SchematicPlacePacketMixin from mod sable
[30Sep2026 22:40:36.780] [modloading-worker-0/DEBUG] [mixin/]: Renaming synthetic method lambda$sable$handle$0(Lcom/simibubi/create/content/contraptions/StructureTransform;Ljava/lang/Object;)Lnet/minecraft/core/BlockPos; to mded67c0$sable$lambda$sable$handle$0$3 in sable-neoforge.mixins.json:compatibility.create.schematics.SchematicPlacePacketMixin from mod sable
[30Sep2026 22:40:36.793] [modloading-worker-0/DEBUG] [mixin/]: sable-neoforge.mixins.json:compatibility.create.schematics.SchematicPlacePacketMixin from mod sable->@Inject::sable$preHandle(Lnet/minecraft/server/level/ServerPlayer;Lorg/spongepowered/asm/mixin/injection/callback/CallbackInfo;)V does use it's CallbackInfo
[30Sep2026 22:40:36.793] [modloading-worker-0/DEBUG] [mixin/]: sable-neoforge.mixins.json:compatibility.create.schematics.SchematicPlacePacketMixin from mod sable->@Inject::sable$handle(Lnet/minecraft/server/level/ServerPlayer;Lorg/spongepowered/asm/mixin/injection/callback/CallbackInfo;)V doesn't use it's CallbackInfo
[30Sep2026 22:40:36.793] [modloading-worker-0/DEBUG] [mixin/]: sable-neoforge.mixins.json:compatibility.create.schematics.SchematicPlacePacketMixin from mod sable->@Inject::sable$postHandle(Lnet/minecraft/server/level/ServerPlayer;Lorg/spongepowered/asm/mixin/injection/callback/CallbackInfo;)V doesn't use it's CallbackInfo
[30Sep2026 22:40:36.803] [modloading-worker-0/DEBUG] [mixin/]: Mixing compatibility.create.frogports.PackagePortPlacementPacketMixin from sable-neoforge.mixins.json into com.simibubi.create.content.logistics.packagePort.PackagePortPlacementPacket
[30Sep2026 22:40:36.866] [modloading-worker-0/DEBUG] [mixin/]: Mixing compatibility.create.tracks.CurvedTrackDestroyPacketMixin from sable-neoforge.mixins.json into com.simibubi.create.content.trains.track.CurvedTrackDestroyPacket
[30Sep2026 22:40:36.890] [modloading-worker-0/DEBUG] [mixin/]: Mixing compatibility.create.super_glue.SuperGlueRemovalPacketMixin from sable-neoforge.mixins.json into com.simibubi.create.content.contraptions.glue.SuperGlueRemovalPacket
[30Sep2026 22:40:36.924] [modloading-worker-0/DEBUG] [mixin/]: Mixing compatibility.create.frogports.ChainPackageInteractionPacketMixin from sable-neoforge.mixins.json into com.simibubi.create.content.kinetics.chainConveyor.ChainPackageInteractionPacket
[30Sep2026 22:40:36.927] [modloading-worker-0/DEBUG] [mixin/]: sable-neoforge.mixins.json:compatibility.create.frogports.ChainPackageInteractionPacketMixin from mod sable->@Inject::sable$initialiseLoopingWorldPosition(Lnet/minecraft/server/level/ServerPlayer;Lcom/simibubi/create/content/kinetics/chainConveyor/ChainConveyorBlockEntity;Lorg/spongepowered/asm/mixin/injection/callback/CallbackInfo;)V doesn't use it's CallbackInfo
[30Sep2026 22:40:36.927] [modloading-worker-0/DEBUG] [mixin/]: sable-neoforge.mixins.json:compatibility.create.frogports.ChainPackageInteractionPacketMixin from mod sable->@Inject::sable$initialiseLoopingWorldPosition(Lnet/minecraft/server/level/ServerPlayer;Lcom/simibubi/create/content/kinetics/chainConveyor/ChainConveyorBlockEntity;Lorg/spongepowered/asm/mixin/injection/callback/CallbackInfo;)V has 0 override(s) in child classes
[30Sep2026 22:40:36.927] [modloading-worker-0/DEBUG] [mixin/]: sable-neoforge.mixins.json:compatibility.create.frogports.ChainPackageInteractionPacketMixin from mod sable->@Inject::sable$initialiseLoopingWorldPosition(Lnet/minecraft/server/level/ServerPlayer;Lcom/simibubi/create/content/kinetics/chainConveyor/ChainConveyorBlockEntity;Lorg/spongepowered/asm/mixin/injection/callback/CallbackInfo;)V won't be passed a CallbackInfo as a result
[30Sep2026 22:40:36.928] [modloading-worker-0/DEBUG] [mixin/]: sable-neoforge.mixins.json:compatibility.create.frogports.ChainPackageInteractionPacketMixin from mod sable->@Inject::sable$initialiseTravellingWorldPosition(Lnet/minecraft/server/level/ServerPlayer;Lcom/simibubi/create/content/kinetics/chainConveyor/ChainConveyorBlockEntity;Lorg/spongepowered/asm/mixin/injection/callback/CallbackInfo;)V doesn't use it's CallbackInfo
[30Sep2026 22:40:36.928] [modloading-worker-0/DEBUG] [mixin/]: sable-neoforge.mixins.json:compatibility.create.frogports.ChainPackageInteractionPacketMixin from mod sable->@Inject::sable$initialiseTravellingWorldPosition(Lnet/minecraft/server/level/ServerPlayer;Lcom/simibubi/create/content/kinetics/chainConveyor/ChainConveyorBlockEntity;Lorg/spongepowered/asm/mixin/injection/callback/CallbackInfo;)V has 0 override(s) in child classes
[30Sep2026 22:40:36.928] [modloading-worker-0/DEBUG] [mixin/]: sable-neoforge.mixins.json:compatibility.create.frogports.ChainPackageInteractionPacketMixin from mod sable->@Inject::sable$initialiseTravellingWorldPosition(Lnet/minecraft/server/level/ServerPlayer;Lcom/simibubi/create/content/kinetics/chainConveyor/ChainConveyorBlockEntity;Lorg/spongepowered/asm/mixin/injection/callback/CallbackInfo;)V won't be passed a CallbackInfo as a result
[30Sep2026 22:40:36.986] [modloading-worker-0/DEBUG] [mixin/]: Mixing TrainMixin from create_power_loader.mixins.json into com.simibubi.create.content.trains.entity.Train
[30Sep2026 22:40:36.990] [modloading-worker-0/DEBUG] [mixin/]: create_power_loader.mixins.json:TrainMixin from mod create_power_loader->@Inject::cpl$write(Lcom/simibubi/create/content/trains/graph/DimensionPalette;Lnet/minecraft/core/HolderLookup$Provider;Lorg/spongepowered/asm/mixin/injection/callback/CallbackInfoReturnable;)V does use it's CallbackInfoReturnable
[30Sep2026 22:40:36.991] [modloading-worker-0/DEBUG] [mixin/]: create_power_loader.mixins.json:TrainMixin from mod create_power_loader->@Inject::cpl$read(Lnet/minecraft/nbt/CompoundTag;Lnet/minecraft/core/HolderLookup$Provider;Ljava/util/Map;Lcom/simibubi/create/content/trains/graph/DimensionPalette;Lorg/spongepowered/asm/mixin/injection/callback/CallbackInfoReturnable;)V does use it's CallbackInfoReturnable
[30Sep2026 22:40:36.991] [modloading-worker-0/DEBUG] [mixin/]: create_power_loader.mixins.json:TrainMixin from mod create_power_loader->@Inject::cpl$tick(Lnet/minecraft/world/level/Level;Lorg/spongepowered/asm/mixin/injection/callback/CallbackInfo;)V doesn't use it's CallbackInfo
[30Sep2026 22:40:36.991] [modloading-worker-0/DEBUG] [mixin/]: create_power_loader.mixins.json:TrainMixin from mod create_power_loader->@Inject::cpl$tick(Lnet/minecraft/world/level/Level;Lorg/spongepowered/asm/mixin/injection/callback/CallbackInfo;)V has 0 override(s) in child classes
[30Sep2026 22:40:36.991] [modloading-worker-0/DEBUG] [mixin/]: create_power_loader.mixins.json:TrainMixin from mod create_power_loader->@Inject::cpl$tick(Lnet/minecraft/world/level/Level;Lorg/spongepowered/asm/mixin/injection/callback/CallbackInfo;)V won't be passed a CallbackInfo as a result
[30Sep2026 22:40:36.991] [modloading-worker-0/DEBUG] [mixin/]: create_power_loader.mixins.json:TrainMixin from mod create_power_loader->@Inject::cpl$tick(Lnet/minecraft/world/level/Level;Lorg/spongepowered/asm/mixin/injection/callback/CallbackInfo;)V doesn't use it's CallbackInfo
[30Sep2026 22:40:36.991] [modloading-worker-0/DEBUG] [mixin/]: create_power_loader.mixins.json:TrainMixin from mod create_power_loader->@Inject::cpl$tick(Lnet/minecraft/world/level/Level;Lorg/spongepowered/asm/mixin/injection/callback/CallbackInfo;)V has 0 override(s) in child classes
[30Sep2026 22:40:36.991] [modloading-worker-0/DEBUG] [mixin/]: create_power_loader.mixins.json:TrainMixin from mod create_power_loader->@Inject::cpl$tick(Lnet/minecraft/world/level/Level;Lorg/spongepowered/asm/mixin/injection/callback/CallbackInfo;)V won't be passed a CallbackInfo as a result
[30Sep2026 22:40:36.991] [modloading-worker-0/DEBUG] [mixin/]: create_power_loader.mixins.json:TrainMixin from mod create_power_loader->@Inject::cpl$tick(Lnet/minecraft/world/level/Level;Lorg/spongepowered/asm/mixin/injection/callback/CallbackInfo;)V doesn't use it's CallbackInfo
[30Sep2026 22:40:36.991] [modloading-worker-0/DEBUG] [mixin/]: create_power_loader.mixins.json:TrainMixin from mod create_power_loader->@Inject::cpl$tick(Lnet/minecraft/world/level/Level;Lorg/spongepowered/asm/mixin/injection/callback/CallbackInfo;)V has 0 override(s) in child classes
[30Sep2026 22:40:36.991] [modloading-worker-0/DEBUG] [mixin/]: create_power_loader.mixins.json:TrainMixin from mod create_power_loader->@Inject::cpl$tick(Lnet/minecraft/world/level/Level;Lorg/spongepowered/asm/mixin/injection/callback/CallbackInfo;)V won't be passed a CallbackInfo as a result
[30Sep2026 22:40:36.998] [modloading-worker-0/DEBUG] [mixin/]: Mixing MountedStorageAccessor from offroad.mixins.json into com.simibubi.create.content.contraptions.MountedStorageManager
[30Sep2026 22:40:36.998] [modloading-worker-0/DEBUG] [mixin/]: offroad.mixins.json:MountedStorageAccessor from mod offroad: Class version 65 required is higher than the class version supported by the current version of Mixin (JAVA_18 supports class version 62)
[30Sep2026 22:40:37.037] [modloading-worker-0/DEBUG] [mixin/]: Mixing compatibility.create.tracks.TrackPlacementMixin from sable-neoforge.mixins.json into com.simibubi.create.content.trains.track.TrackPlacement
[30Sep2026 22:40:37.082] [modloading-worker-0/DEBUG] [net.neoforged.fml.config.ConfigTracker/CONFIG]: Config file create-common.toml for create tracking
[30Sep2026 22:40:37.082] [modloading-worker-0/DEBUG] [net.neoforged.fml.config.ConfigTracker/CONFIG]: Config file create-client.toml for create tracking
[30Sep2026 22:40:37.083] [modloading-worker-0/DEBUG] [net.neoforged.fml.config.ConfigTracker/CONFIG]: Config file create-server.toml for create tracking
[30Sep2026 22:40:37.099] [modloading-worker-0/DEBUG] [net.neoforged.fml.javafmlmod.AutomaticEventSubscriber/LOADING]: Attempting to inject @EventBusSubscriber classes into the eventbus for create
[30Sep2026 22:40:37.099] [modloading-worker-0/DEBUG] [net.neoforged.fml.javafmlmod.AutomaticEventSubscriber/LOADING]: Scanning class com.simibubi.create.infrastructure.config.AllConfigs for @SubscribeEvent-annotated methods
[30Sep2026 22:40:37.099] [modloading-worker-0/DEBUG] [net.neoforged.fml.javafmlmod.AutomaticEventSubscriber/]: Subscribing @EventBusSubscriber class Lcom/simibubi/create/infrastructure/config/AllConfigs; to the mod event bus of mod create
[30Sep2026 22:40:37.100] [modloading-worker-0/DEBUG] [net.neoforged.fml.javafmlmod.AutomaticEventSubscriber/LOADING]: Scanning class com.simibubi.create.infrastructure.RemapHelper for @SubscribeEvent-annotated methods
[30Sep2026 22:40:37.103] [modloading-worker-0/DEBUG] [net.neoforged.fml.javafmlmod.AutomaticEventSubscriber/]: Subscribing @EventBusSubscriber class Lcom/simibubi/create/infrastructure/RemapHelper; to the mod event bus of mod create
[30Sep2026 22:40:37.103] [modloading-worker-0/DEBUG] [net.neoforged.fml.javafmlmod.AutomaticEventSubscriber/LOADING]: Scanning class com.simibubi.create.infrastructure.gametest.CreateGameTests for @SubscribeEvent-annotated methods
[30Sep2026 22:40:37.109] [modloading-worker-0/DEBUG] [net.neoforged.fml.javafmlmod.AutomaticEventSubscriber/]: Subscribing @EventBusSubscriber class Lcom/simibubi/create/infrastructure/gametest/CreateGameTests; to the mod event bus of mod create
[30Sep2026 22:40:37.110] [modloading-worker-0/DEBUG] [net.neoforged.fml.javafmlmod.AutomaticEventSubscriber/LOADING]: Scanning class com.simibubi.create.foundation.block.ItemUseOverrides for @SubscribeEvent-annotated methods
[30Sep2026 22:40:37.110] [modloading-worker-0/DEBUG] [net.neoforged.fml.javafmlmod.AutomaticEventSubscriber/]: Subscribing @EventBusSubscriber class Lcom/simibubi/create/foundation/block/ItemUseOverrides; to the game event bus
[30Sep2026 22:40:37.110] [modloading-worker-0/DEBUG] [net.neoforged.fml.javafmlmod.AutomaticEventSubscriber/LOADING]: Scanning class com.simibubi.create.foundation.blockEntity.behaviour.ValueSettingsInputHandler for @SubscribeEvent-annotated methods
[30Sep2026 22:40:37.110] [modloading-worker-0/DEBUG] [net.neoforged.fml.javafmlmod.AutomaticEventSubscriber/]: Subscribing @EventBusSubscriber class Lcom/simibubi/create/foundation/blockEntity/behaviour/ValueSettingsInputHandler; to the game event bus
[30Sep2026 22:40:37.110] [modloading-worker-0/DEBUG] [net.neoforged.fml.javafmlmod.AutomaticEventSubscriber/LOADING]: Scanning class com.simibubi.create.foundation.blockEntity.behaviour.edgeInteraction.EdgeInteractionHandler for @SubscribeEvent-annotated methods
[30Sep2026 22:40:37.111] [modloading-worker-0/DEBUG] [net.neoforged.fml.javafmlmod.AutomaticEventSubscriber/]: Subscribing @EventBusSubscriber class Lcom/simibubi/create/foundation/blockEntity/behaviour/edgeInteraction/EdgeInteractionHandler; to the game event bus
[30Sep2026 22:40:37.111] [modloading-worker-0/DEBUG] [net.neoforged.fml.javafmlmod.AutomaticEventSubscriber/LOADING]: Scanning class com.simibubi.create.foundation.events.CommonEvents$ModBusEvents for @SubscribeEvent-annotated methods
[30Sep2026 22:40:37.112] [modloading-worker-0/DEBUG] [net.neoforged.fml.javafmlmod.AutomaticEventSubscriber/]: Subscribing @EventBusSubscriber class Lcom/simibubi/create/foundation/events/CommonEvents$ModBusEvents; to the mod event bus of mod create
[30Sep2026 22:40:37.113] [modloading-worker-0/DEBUG] [net.neoforged.fml.javafmlmod.AutomaticEventSubscriber/LOADING]: Scanning class com.simibubi.create.foundation.events.CommonEvents for @SubscribeEvent-annotated methods
[30Sep2026 22:40:37.114] [modloading-worker-0/DEBUG] [net.neoforged.fml.javafmlmod.AutomaticEventSubscriber/]: Subscribing @EventBusSubscriber class Lcom/simibubi/create/foundation/events/CommonEvents; to the game event bus
[30Sep2026 22:40:37.116] [modloading-worker-0/DEBUG] [net.neoforged.fml.javafmlmod.AutomaticEventSubscriber/LOADING]: Scanning class com.simibubi.create.content.contraptions.glue.SuperGlueHandler for @SubscribeEvent-annotated methods
[30Sep2026 22:40:37.117] [modloading-worker-0/DEBUG] [net.neoforged.fml.javafmlmod.AutomaticEventSubscriber/]: Subscribing @EventBusSubscriber class Lcom/simibubi/create/content/contraptions/glue/SuperGlueHandler; to the game event bus
[30Sep2026 22:40:37.117] [modloading-worker-0/DEBUG] [net.neoforged.fml.javafmlmod.AutomaticEventSubscriber/LOADING]: Scanning class com.simibubi.create.content.contraptions.glue.SuperGlueItem for @SubscribeEvent-annotated methods
[30Sep2026 22:40:37.117] [modloading-worker-0/DEBUG] [net.neoforged.fml.javafmlmod.AutomaticEventSubscriber/]: Subscribing @EventBusSubscriber class Lcom/simibubi/create/content/contraptions/glue/SuperGlueItem; to the game event bus
[30Sep2026 22:40:37.121] [modloading-worker-0/DEBUG] [net.neoforged.fml.javafmlmod.AutomaticEventSubscriber/LOADING]: Scanning class com.simibubi.create.content.contraptions.minecart.CouplingHandler for @SubscribeEvent-annotated methods
[30Sep2026 22:40:37.122] [modloading-worker-0/DEBUG] [net.neoforged.fml.javafmlmod.AutomaticEventSubscriber/]: Subscribing @EventBusSubscriber class Lcom/simibubi/create/content/contraptions/minecart/CouplingHandler; to the game event bus
[30Sep2026 22:40:37.122] [modloading-worker-0/DEBUG] [net.neoforged.fml.javafmlmod.AutomaticEventSubscriber/LOADING]: Scanning class com.simibubi.create.content.contraptions.minecart.MinecartCouplingItem for @SubscribeEvent-annotated methods
[30Sep2026 22:40:37.122] [modloading-worker-0/DEBUG] [net.neoforged.fml.javafmlmod.AutomaticEventSubscriber/]: Subscribing @EventBusSubscriber class Lcom/simibubi/create/content/contraptions/minecart/MinecartCouplingItem; to the game event bus
[30Sep2026 22:40:37.122] [modloading-worker-0/DEBUG] [net.neoforged.fml.javafmlmod.AutomaticEventSubscriber/LOADING]: Scanning class com.simibubi.create.content.contraptions.mounted.MinecartContraptionItem for @SubscribeEvent-annotated methods
[30Sep2026 22:40:37.124] [modloading-worker-0/DEBUG] [net.neoforged.fml.javafmlmod.AutomaticEventSubscriber/]: Subscribing @EventBusSubscriber class Lcom/simibubi/create/content/contraptions/mounted/MinecartContraptionItem; to the game event bus
[30Sep2026 22:40:37.124] [modloading-worker-0/DEBUG] [net.neoforged.fml.javafmlmod.AutomaticEventSubscriber/LOADING]: Scanning class com.simibubi.create.content.fluids.FluidReactions for @SubscribeEvent-annotated methods
[30Sep2026 22:40:37.125] [modloading-worker-0/DEBUG] [net.neoforged.fml.javafmlmod.AutomaticEventSubscriber/]: Subscribing @EventBusSubscriber class Lcom/simibubi/create/content/fluids/FluidReactions; to the game event bus
[30Sep2026 22:40:37.125] [modloading-worker-0/DEBUG] [net.neoforged.fml.javafmlmod.AutomaticEventSubscriber/LOADING]: Scanning class com.simibubi.create.content.fluids.FluidBottleItemHook for @SubscribeEvent-annotated methods
[30Sep2026 22:40:37.125] [modloading-worker-0/DEBUG] [net.neoforged.fml.javafmlmod.AutomaticEventSubscriber/]: Subscribing @EventBusSubscriber class Lcom/simibubi/create/content/fluids/FluidBottleItemHook; to the game event bus
[30Sep2026 22:40:37.126] [modloading-worker-0/DEBUG] [net.neoforged.fml.javafmlmod.AutomaticEventSubscriber/LOADING]: Scanning class com.simibubi.create.content.trains.schedule.ScheduleItemEntityInteraction for @SubscribeEvent-annotated methods
[30Sep2026 22:40:37.126] [modloading-worker-0/DEBUG] [net.neoforged.fml.javafmlmod.AutomaticEventSubscriber/]: Subscribing @EventBusSubscriber class Lcom/simibubi/create/content/trains/schedule/ScheduleItemEntityInteraction; to the game event bus
[30Sep2026 22:40:37.127] [modloading-worker-0/DEBUG] [net.neoforged.fml.javafmlmod.AutomaticEventSubscriber/LOADING]: Scanning class com.simibubi.create.content.logistics.funnel.FunnelItem for @SubscribeEvent-annotated methods
[30Sep2026 22:40:37.127] [modloading-worker-0/DEBUG] [net.neoforged.fml.javafmlmod.AutomaticEventSubscriber/]: Subscribing @EventBusSubscriber class Lcom/simibubi/create/content/logistics/funnel/FunnelItem; to the game event bus
[30Sep2026 22:40:37.128] [modloading-worker-0/DEBUG] [net.neoforged.fml.javafmlmod.AutomaticEventSubscriber/LOADING]: Scanning class com.simibubi.create.content.logistics.itemHatch.ItemHatchHandler for @SubscribeEvent-annotated methods
[30Sep2026 22:40:37.128] [modloading-worker-0/DEBUG] [net.neoforged.fml.javafmlmod.AutomaticEventSubscriber/]: Subscribing @EventBusSubscriber class Lcom/simibubi/create/content/logistics/itemHatch/ItemHatchHandler; to the game event bus
[30Sep2026 22:40:37.128] [modloading-worker-0/DEBUG] [net.neoforged.fml.javafmlmod.AutomaticEventSubscriber/LOADING]: Scanning class com.simibubi.create.content.logistics.stockTicker.StockTickerInteractionHandler for @SubscribeEvent-annotated methods
[30Sep2026 22:40:37.129] [modloading-worker-0/DEBUG] [mixin/]: Mixing compatibility.create.stock_ticker.StockTickerInteractionHandlerMixin from sable-neoforge.mixins.json into com.simibubi.create.content.logistics.stockTicker.StockTickerInteractionHandler
[30Sep2026 22:40:37.131] [modloading-worker-0/DEBUG] [net.neoforged.fml.javafmlmod.AutomaticEventSubscriber/]: Subscribing @EventBusSubscriber class Lcom/simibubi/create/content/logistics/stockTicker/StockTickerInteractionHandler; to the game event bus
[30Sep2026 22:40:37.131] [modloading-worker-0/DEBUG] [net.neoforged.fml.javafmlmod.AutomaticEventSubscriber/LOADING]: Scanning class com.simibubi.create.content.redstone.displayLink.ClickToLinkBlockItem for @SubscribeEvent-annotated methods
[30Sep2026 22:40:37.132] [modloading-worker-0/DEBUG] [net.neoforged.fml.javafmlmod.AutomaticEventSubscriber/]: Subscribing @EventBusSubscriber class Lcom/simibubi/create/content/redstone/displayLink/ClickToLinkBlockItem; to the game event bus
[30Sep2026 22:40:37.132] [modloading-worker-0/DEBUG] [net.neoforged.fml.javafmlmod.AutomaticEventSubscriber/LOADING]: Scanning class com.simibubi.create.content.redstone.link.LinkHandler for @SubscribeEvent-annotated methods
[30Sep2026 22:40:37.133] [modloading-worker-0/DEBUG] [net.neoforged.fml.javafmlmod.AutomaticEventSubscriber/]: Subscribing @EventBusSubscriber class Lcom/simibubi/create/content/redstone/link/LinkHandler; to the game event bus
[30Sep2026 22:40:37.133] [modloading-worker-0/DEBUG] [net.neoforged.fml.javafmlmod.AutomaticEventSubscriber/LOADING]: Scanning class com.simibubi.create.content.equipment.extendoGrip.ExtendoGripItem for @SubscribeEvent-annotated methods
[30Sep2026 22:40:37.133] [modloading-worker-0/DEBUG] [net.neoforged.fml.javafmlmod.AutomaticEventSubscriber/]: Subscribing @EventBusSubscriber class Lcom/simibubi/create/content/equipment/extendoGrip/ExtendoGripItem; to the game event bus
[30Sep2026 22:40:37.135] [modloading-worker-0/DEBUG] [net.neoforged.fml.javafmlmod.AutomaticEventSubscriber/LOADING]: Scanning class com.simibubi.create.content.equipment.clipboard.ClipboardValueSettingsHandler for @SubscribeEvent-annotated methods
[30Sep2026 22:40:37.136] [modloading-worker-0/DEBUG] [net.neoforged.fml.javafmlmod.AutomaticEventSubscriber/]: Subscribing @EventBusSubscriber class Lcom/simibubi/create/content/equipment/clipboard/ClipboardValueSettingsHandler; to the game event bus
[30Sep2026 22:40:37.136] [modloading-worker-0/DEBUG] [net.neoforged.fml.javafmlmod.AutomaticEventSubscriber/LOADING]: Scanning class com.simibubi.create.content.equipment.armor.NetheriteDivingHandler for @SubscribeEvent-annotated methods
[30Sep2026 22:40:37.137] [modloading-worker-0/DEBUG] [net.neoforged.fml.javafmlmod.AutomaticEventSubscriber/]: Subscribing @EventBusSubscriber class Lcom/simibubi/create/content/equipment/armor/NetheriteDivingHandler; to the game event bus
[30Sep2026 22:40:37.137] [modloading-worker-0/DEBUG] [net.neoforged.fml.javafmlmod.AutomaticEventSubscriber/LOADING]: Scanning class com.simibubi.create.content.equipment.armor.DivingBootsItem for @SubscribeEvent-annotated methods
[30Sep2026 22:40:37.138] [modloading-worker-0/DEBUG] [net.neoforged.fml.javafmlmod.AutomaticEventSubscriber/]: Subscribing @EventBusSubscriber class Lcom/simibubi/create/content/equipment/armor/DivingBootsItem; to the game event bus
[30Sep2026 22:40:37.138] [modloading-worker-0/DEBUG] [net.neoforged.fml.javafmlmod.AutomaticEventSubscriber/LOADING]: Scanning class com.simibubi.create.content.equipment.armor.CardboardArmorHandler for @SubscribeEvent-annotated methods
[30Sep2026 22:40:37.139] [modloading-worker-0/DEBUG] [net.neoforged.fml.javafmlmod.AutomaticEventSubscriber/]: Subscribing @EventBusSubscriber class Lcom/simibubi/create/content/equipment/armor/CardboardArmorHandler; to the game event bus
[30Sep2026 22:40:37.140] [modloading-worker-0/DEBUG] [net.neoforged.fml.javafmlmod.AutomaticEventSubscriber/LOADING]: Scanning class com.simibubi.create.content.equipment.armor.DivingHelmetItem for @SubscribeEvent-annotated methods
[30Sep2026 22:40:37.140] [modloading-worker-0/DEBUG] [net.neoforged.fml.javafmlmod.AutomaticEventSubscriber/]: Subscribing @EventBusSubscriber class Lcom/simibubi/create/content/equipment/armor/DivingHelmetItem; to the game event bus
[30Sep2026 22:40:37.141] [modloading-worker-0/DEBUG] [net.neoforged.fml.javafmlmod.AutomaticEventSubscriber/LOADING]: Scanning class com.simibubi.create.content.equipment.wrench.WrenchEventHandler for @SubscribeEvent-annotated methods
[30Sep2026 22:40:37.141] [modloading-worker-0/DEBUG] [net.neoforged.fml.javafmlmod.AutomaticEventSubscriber/]: Subscribing @EventBusSubscriber class Lcom/simibubi/create/content/equipment/wrench/WrenchEventHandler; to the game event bus
[30Sep2026 22:40:37.141] [modloading-worker-0/DEBUG] [net.neoforged.fml.javafmlmod.AutomaticEventSubscriber/LOADING]: Scanning class com.simibubi.create.content.equipment.bell.HauntedBellPulser for @SubscribeEvent-annotated methods
[30Sep2026 22:40:37.141] [modloading-worker-0/DEBUG] [net.neoforged.fml.javafmlmod.AutomaticEventSubscriber/]: Subscribing @EventBusSubscriber class Lcom/simibubi/create/content/equipment/bell/HauntedBellPulser; to the game event bus
[30Sep2026 22:40:37.142] [modloading-worker-0/DEBUG] [net.neoforged.fml.javafmlmod.AutomaticEventSubscriber/LOADING]: Scanning class com.simibubi.create.content.equipment.symmetryWand.SymmetryHandler for @SubscribeEvent-annotated methods
[30Sep2026 22:40:37.143] [modloading-worker-0/DEBUG] [net.neoforged.fml.javafmlmod.AutomaticEventSubscriber/]: Subscribing @EventBusSubscriber class Lcom/simibubi/create/content/equipment/symmetryWand/SymmetryHandler; to the game event bus
[30Sep2026 22:40:37.143] [modloading-worker-0/DEBUG] [net.neoforged.fml.javafmlmod.AutomaticEventSubscriber/LOADING]: Scanning class com.simibubi.create.content.equipment.zapper.ZapperInteractionHandler for @SubscribeEvent-annotated methods
[30Sep2026 22:40:37.144] [modloading-worker-0/DEBUG] [net.neoforged.fml.javafmlmod.AutomaticEventSubscriber/]: Subscribing @EventBusSubscriber class Lcom/simibubi/create/content/equipment/zapper/ZapperInteractionHandler; to the game event bus
[30Sep2026 22:40:37.145] [modloading-worker-0/DEBUG] [net.neoforged.fml.javafmlmod.AutomaticEventSubscriber/LOADING]: Scanning class com.simibubi.create.content.equipment.tool.CardboardSwordItem for @SubscribeEvent-annotated methods
[30Sep2026 22:40:37.145] [modloading-worker-0/DEBUG] [net.neoforged.fml.javafmlmod.AutomaticEventSubscriber/]: Subscribing @EventBusSubscriber class Lcom/simibubi/create/content/equipment/tool/CardboardSwordItem; to the game event bus
[30Sep2026 22:40:37.146] [modloading-worker-0/DEBUG] [net.neoforged.fml.javafmlmod.AutomaticEventSubscriber/LOADING]: Scanning class com.simibubi.create.content.kinetics.crank.ValveHandleBlock for @SubscribeEvent-annotated methods
[30Sep2026 22:40:37.146] [modloading-worker-0/DEBUG] [net.neoforged.fml.javafmlmod.AutomaticEventSubscriber/]: Subscribing @EventBusSubscriber class Lcom/simibubi/create/content/kinetics/crank/ValveHandleBlock; to the game event bus
[30Sep2026 22:40:37.149] [modloading-worker-0/DEBUG] [net.neoforged.fml.javafmlmod.AutomaticEventSubscriber/LOADING]: Scanning class com.simibubi.create.content.kinetics.crusher.CrushingWheelBlockEntity for @SubscribeEvent-annotated methods
[30Sep2026 22:40:37.150] [modloading-worker-0/DEBUG] [net.neoforged.fml.javafmlmod.AutomaticEventSubscriber/]: Subscribing @EventBusSubscriber class Lcom/simibubi/create/content/kinetics/crusher/CrushingWheelBlockEntity; to the game event bus
[30Sep2026 22:40:37.150] [modloading-worker-0/DEBUG] [mixin/]: Mixing extra_kinetics.KineticNetworkMixin from simulated.mixins.json into com.simibubi.create.content.kinetics.KineticNetwork
[30Sep2026 22:40:37.156] [modloading-worker-0/DEBUG] [net.neoforged.fml.javafmlmod.AutomaticEventSubscriber/LOADING]: Scanning class com.simibubi.create.content.kinetics.deployer.ManualApplicationRecipe for @SubscribeEvent-annotated methods
[30Sep2026 22:40:37.156] [modloading-worker-0/DEBUG] [net.neoforged.fml.javafmlmod.AutomaticEventSubscriber/]: Subscribing @EventBusSubscriber class Lcom/simibubi/create/content/kinetics/deployer/ManualApplicationRecipe; to the game event bus
[30Sep2026 22:40:37.157] [modloading-worker-0/DEBUG] [net.neoforged.fml.javafmlmod.AutomaticEventSubscriber/LOADING]: Scanning class com.simibubi.create.content.kinetics.deployer.DeployerFakePlayer for @SubscribeEvent-annotated methods
[30Sep2026 22:40:37.162] [modloading-worker-0/DEBUG] [mixin/]: Mixing entity.entities_stick_sublevels.player.ServerGamePacketListenerImplMixin from sable.mixins.json into net.minecraft.server.network.ServerGamePacketListenerImpl
[30Sep2026 22:40:37.163] [modloading-worker-0/DEBUG] [mixin/]: Mixing entity.entity_sublevel_collision.ServerGamePacketListenerImplMixin from sable.mixins.json into net.minecraft.server.network.ServerGamePacketListenerImpl
[30Sep2026 22:40:37.163] [modloading-worker-0/DEBUG] [mixin/]: Mixing MixinServerGamePacketListenerImpl from badpackets.mixins.json into net.minecraft.server.network.ServerGamePacketListenerImpl
[30Sep2026 22:40:37.163] [modloading-worker-0/DEBUG] [mixin/]: badpackets.mixins.json:MixinServerGamePacketListenerImpl from mod badpackets: Class version 65 required is higher than the class version supported by the current version of Mixin (JAVA_16 supports class version 60)
[30Sep2026 22:40:37.168] [modloading-worker-0/DEBUG] [mixin/]: sable.mixins.json:entity.entities_stick_sublevels.player.ServerGamePacketListenerImplMixin from mod sable->@Inject::handleMovePlayer(Lnet/minecraft/network/protocol/game/ServerboundMovePlayerPacket;Lorg/spongepowered/asm/mixin/injection/callback/CallbackInfo;)V doesn't use it's CallbackInfo
[30Sep2026 22:40:37.168] [modloading-worker-0/DEBUG] [mixin/]: sable.mixins.json:entity.entities_stick_sublevels.player.ServerGamePacketListenerImplMixin from mod sable->@Inject::handleMovePlayer(Lnet/minecraft/network/protocol/game/ServerboundMovePlayerPacket;Lorg/spongepowered/asm/mixin/injection/callback/CallbackInfo;)V has 0 override(s) in child classes
[30Sep2026 22:40:37.168] [modloading-worker-0/DEBUG] [mixin/]: sable.mixins.json:entity.entities_stick_sublevels.player.ServerGamePacketListenerImplMixin from mod sable->@Inject::handleMovePlayer(Lnet/minecraft/network/protocol/game/ServerboundMovePlayerPacket;Lorg/spongepowered/asm/mixin/injection/callback/CallbackInfo;)V won't be passed a CallbackInfo as a result
[30Sep2026 22:40:37.169] [modloading-worker-0/DEBUG] [mixin/]: badpackets.mixins.json:MixinServerGamePacketListenerImpl from mod badpackets->@Inject::badpackets_createServerPacketHandler(Lnet/minecraft/server/MinecraftServer;Lnet/minecraft/network/Connection;Lnet/minecraft/server/level/ServerPlayer;Lnet/minecraft/server/network/CommonListenerCookie;Lorg/spongepowered/asm/mixin/injection/callback/CallbackInfo;)V doesn't use it's CallbackInfo
[30Sep2026 22:40:37.169] [modloading-worker-0/DEBUG] [mixin/]: badpackets.mixins.json:MixinServerGamePacketListenerImpl from mod badpackets->@Inject::badpackets_createServerPacketHandler(Lnet/minecraft/server/MinecraftServer;Lnet/minecraft/network/Connection;Lnet/minecraft/server/level/ServerPlayer;Lnet/minecraft/server/network/CommonListenerCookie;Lorg/spongepowered/asm/mixin/injection/callback/CallbackInfo;)V has 0 override(s) in child classes
[30Sep2026 22:40:37.169] [modloading-worker-0/DEBUG] [mixin/]: badpackets.mixins.json:MixinServerGamePacketListenerImpl from mod badpackets->@Inject::badpackets_createServerPacketHandler(Lnet/minecraft/server/MinecraftServer;Lnet/minecraft/network/Connection;Lnet/minecraft/server/level/ServerPlayer;Lnet/minecraft/server/network/CommonListenerCookie;Lorg/spongepowered/asm/mixin/injection/callback/CallbackInfo;)V won't be passed a CallbackInfo as a result
[30Sep2026 22:40:37.176] [modloading-worker-0/DEBUG] [mixin/]: Mixing MixinServerCommonPacketListenerImpl from badpackets.mixins.json into net.minecraft.server.network.ServerCommonPacketListenerImpl
[30Sep2026 22:40:37.176] [modloading-worker-0/DEBUG] [mixin/]: badpackets.mixins.json:MixinServerCommonPacketListenerImpl from mod badpackets: Class version 65 required is higher than the class version supported by the current version of Mixin (JAVA_16 supports class version 60)
[30Sep2026 22:40:37.178] [modloading-worker-0/DEBUG] [mixin/]: badpackets.mixins.json:MixinServerCommonPacketListenerImpl from mod badpackets->@Inject::badpackets_onPong(Lnet/minecraft/network/protocol/common/ServerboundPongPacket;Lorg/spongepowered/asm/mixin/injection/callback/CallbackInfo;)V doesn't use it's CallbackInfo
[30Sep2026 22:40:37.178] [modloading-worker-0/DEBUG] [mixin/]: badpackets.mixins.json:MixinServerCommonPacketListenerImpl from mod badpackets->@Inject::badpackets_onPong(Lnet/minecraft/network/protocol/common/ServerboundPongPacket;Lorg/spongepowered/asm/mixin/injection/callback/CallbackInfo;)V has 0 override(s) in child classes
[30Sep2026 22:40:37.178] [modloading-worker-0/DEBUG] [mixin/]: badpackets.mixins.json:MixinServerCommonPacketListenerImpl from mod badpackets->@Inject::badpackets_onPong(Lnet/minecraft/network/protocol/common/ServerboundPongPacket;Lorg/spongepowered/asm/mixin/injection/callback/CallbackInfo;)V won't be passed a CallbackInfo as a result
[30Sep2026 22:40:37.181] [modloading-worker-0/DEBUG] [net.neoforged.fml.javafmlmod.AutomaticEventSubscriber/]: Subscribing @EventBusSubscriber class Lcom/simibubi/create/content/kinetics/deployer/DeployerFakePlayer; to the game event bus
[30Sep2026 22:40:37.195] [modloading-worker-0/DEBUG] [mixin/]: Mixing death_message.CombatTrackerMixin from sable.mixins.json into net.minecraft.world.damagesource.CombatTracker
[30Sep2026 22:40:37.202] [modloading-worker-0/DEBUG] [mixin/]: Mixing entity.entities_stick_sublevels.ServerEntityMixin from sable.mixins.json into net.minecraft.server.level.ServerEntity
[30Sep2026 22:40:37.204] [modloading-worker-0/DEBUG] [mixin/]: Mixing entity.entity_rotations_and_riding.ServerEntityMixin from sable.mixins.json into net.minecraft.server.level.ServerEntity
[30Sep2026 22:40:37.206] [modloading-worker-0/DEBUG] [mixin/]: sable.mixins.json:entity.entities_stick_sublevels.ServerEntityMixin from mod sable->@Inject::sable$pre(Lorg/spongepowered/asm/mixin/injection/callback/CallbackInfo;)V doesn't use it's CallbackInfo
[30Sep2026 22:40:37.206] [modloading-worker-0/DEBUG] [mixin/]: sable.mixins.json:entity.entities_stick_sublevels.ServerEntityMixin from mod sable->@Inject::sable$pre(Lorg/spongepowered/asm/mixin/injection/callback/CallbackInfo;)V has 0 override(s) in child classes
[30Sep2026 22:40:37.206] [modloading-worker-0/DEBUG] [mixin/]: sable.mixins.json:entity.entities_stick_sublevels.ServerEntityMixin from mod sable->@Inject::sable$pre(Lorg/spongepowered/asm/mixin/injection/callback/CallbackInfo;)V won't be passed a CallbackInfo as a result
[30Sep2026 22:40:37.206] [modloading-worker-0/DEBUG] [mixin/]: sable.mixins.json:entity.entities_stick_sublevels.ServerEntityMixin from mod sable->@Inject::sable$pre(Lorg/spongepowered/asm/mixin/injection/callback/CallbackInfo;)V doesn't use it's CallbackInfo
[30Sep2026 22:40:37.206] [modloading-worker-0/DEBUG] [mixin/]: sable.mixins.json:entity.entities_stick_sublevels.ServerEntityMixin from mod sable->@Inject::sable$pre(Lorg/spongepowered/asm/mixin/injection/callback/CallbackInfo;)V has 0 override(s) in child classes
[30Sep2026 22:40:37.206] [modloading-worker-0/DEBUG] [mixin/]: sable.mixins.json:entity.entities_stick_sublevels.ServerEntityMixin from mod sable->@Inject::sable$pre(Lorg/spongepowered/asm/mixin/injection/callback/CallbackInfo;)V won't be passed a CallbackInfo as a result
[30Sep2026 22:40:37.206] [modloading-worker-0/DEBUG] [mixin/]: sable.mixins.json:entity.entities_stick_sublevels.ServerEntityMixin from mod sable->@Inject::sable$postTransform(Lorg/spongepowered/asm/mixin/injection/callback/CallbackInfo;)V doesn't use it's CallbackInfo
[30Sep2026 22:40:37.206] [modloading-worker-0/DEBUG] [mixin/]: sable.mixins.json:entity.entities_stick_sublevels.ServerEntityMixin from mod sable->@Inject::sable$postTransform(Lorg/spongepowered/asm/mixin/injection/callback/CallbackInfo;)V has 0 override(s) in child classes
[30Sep2026 22:40:37.206] [modloading-worker-0/DEBUG] [mixin/]: sable.mixins.json:entity.entities_stick_sublevels.ServerEntityMixin from mod sable->@Inject::sable$postTransform(Lorg/spongepowered/asm/mixin/injection/callback/CallbackInfo;)V won't be passed a CallbackInfo as a result
[30Sep2026 22:40:37.206] [modloading-worker-0/DEBUG] [mixin/]: sable.mixins.json:entity.entity_rotations_and_riding.ServerEntityMixin from mod sable->@Inject::sable$beforeSendChanges(Lorg/spongepowered/asm/mixin/injection/callback/CallbackInfo;)V doesn't use it's CallbackInfo
[30Sep2026 22:40:37.206] [modloading-worker-0/DEBUG] [mixin/]: sable.mixins.json:entity.entity_rotations_and_riding.ServerEntityMixin from mod sable->@Inject::sable$beforeSendChanges(Lorg/spongepowered/asm/mixin/injection/callback/CallbackInfo;)V has 0 override(s) in child classes
[30Sep2026 22:40:37.206] [modloading-worker-0/DEBUG] [mixin/]: sable.mixins.json:entity.entity_rotations_and_riding.ServerEntityMixin from mod sable->@Inject::sable$beforeSendChanges(Lorg/spongepowered/asm/mixin/injection/callback/CallbackInfo;)V won't be passed a CallbackInfo as a result
[30Sep2026 22:40:37.206] [modloading-worker-0/DEBUG] [mixin/]: sable.mixins.json:entity.entity_rotations_and_riding.ServerEntityMixin from mod sable->@Inject::sable$beforeSendChanges(Lorg/spongepowered/asm/mixin/injection/callback/CallbackInfo;)V doesn't use it's CallbackInfo
[30Sep2026 22:40:37.206] [modloading-worker-0/DEBUG] [mixin/]: sable.mixins.json:entity.entity_rotations_and_riding.ServerEntityMixin from mod sable->@Inject::sable$beforeSendChanges(Lorg/spongepowered/asm/mixin/injection/callback/CallbackInfo;)V has 0 override(s) in child classes
[30Sep2026 22:40:37.206] [modloading-worker-0/DEBUG] [mixin/]: sable.mixins.json:entity.entity_rotations_and_riding.ServerEntityMixin from mod sable->@Inject::sable$beforeSendChanges(Lorg/spongepowered/asm/mixin/injection/callback/CallbackInfo;)V won't be passed a CallbackInfo as a result
[30Sep2026 22:40:37.206] [modloading-worker-0/DEBUG] [mixin/]: sable.mixins.json:entity.entity_rotations_and_riding.ServerEntityMixin from mod sable->@Inject::sable$beforeSendChanges(Lorg/spongepowered/asm/mixin/injection/callback/CallbackInfo;)V doesn't use it's CallbackInfo
[30Sep2026 22:40:37.206] [modloading-worker-0/DEBUG] [mixin/]: sable.mixins.json:entity.entity_rotations_and_riding.ServerEntityMixin from mod sable->@Inject::sable$beforeSendChanges(Lorg/spongepowered/asm/mixin/injection/callback/CallbackInfo;)V has 0 override(s) in child classes
[30Sep2026 22:40:37.206] [modloading-worker-0/DEBUG] [mixin/]: sable.mixins.json:entity.entity_rotations_and_riding.ServerEntityMixin from mod sable->@Inject::sable$beforeSendChanges(Lorg/spongepowered/asm/mixin/injection/callback/CallbackInfo;)V won't be passed a CallbackInfo as a result
[30Sep2026 22:40:37.206] [modloading-worker-0/DEBUG] [mixin/]: sable.mixins.json:entity.entity_rotations_and_riding.ServerEntityMixin from mod sable->@Inject::sable$beforeSendChanges(Lorg/spongepowered/asm/mixin/injection/callback/CallbackInfo;)V doesn't use it's CallbackInfo
[30Sep2026 22:40:37.206] [modloading-worker-0/DEBUG] [mixin/]: sable.mixins.json:entity.entity_rotations_and_riding.ServerEntityMixin from mod sable->@Inject::sable$beforeSendChanges(Lorg/spongepowered/asm/mixin/injection/callback/CallbackInfo;)V has 0 override(s) in child classes
[30Sep2026 22:40:37.206] [modloading-worker-0/DEBUG] [mixin/]: sable.mixins.json:entity.entity_rotations_and_riding.ServerEntityMixin from mod sable->@Inject::sable$beforeSendChanges(Lorg/spongepowered/asm/mixin/injection/callback/CallbackInfo;)V won't be passed a CallbackInfo as a result
[30Sep2026 22:40:37.206] [modloading-worker-0/DEBUG] [mixin/]: sable.mixins.json:entity.entity_rotations_and_riding.ServerEntityMixin from mod sable->@Inject::sable$beforeSendChanges(Lorg/spongepowered/asm/mixin/injection/callback/CallbackInfo;)V doesn't use it's CallbackInfo
[30Sep2026 22:40:37.206] [modloading-worker-0/DEBUG] [mixin/]: sable.mixins.json:entity.entity_rotations_and_riding.ServerEntityMixin from mod sable->@Inject::sable$beforeSendChanges(Lorg/spongepowered/asm/mixin/injection/callback/CallbackInfo;)V has 0 override(s) in child classes
[30Sep2026 22:40:37.206] [modloading-worker-0/DEBUG] [mixin/]: sable.mixins.json:entity.entity_rotations_and_riding.ServerEntityMixin from mod sable->@Inject::sable$beforeSendChanges(Lorg/spongepowered/asm/mixin/injection/callback/CallbackInfo;)V won't be passed a CallbackInfo as a result
[30Sep2026 22:40:37.206] [modloading-worker-0/DEBUG] [mixin/]: sable.mixins.json:entity.entity_rotations_and_riding.ServerEntityMixin from mod sable->@Inject::sable$beforeSendChanges(Lorg/spongepowered/asm/mixin/injection/callback/CallbackInfo;)V doesn't use it's CallbackInfo
[30Sep2026 22:40:37.206] [modloading-worker-0/DEBUG] [mixin/]: sable.mixins.json:entity.entity_rotations_and_riding.ServerEntityMixin from mod sable->@Inject::sable$beforeSendChanges(Lorg/spongepowered/asm/mixin/injection/callback/CallbackInfo;)V has 0 override(s) in child classes
[30Sep2026 22:40:37.206] [modloading-worker-0/DEBUG] [mixin/]: sable.mixins.json:entity.entity_rotations_and_riding.ServerEntityMixin from mod sable->@Inject::sable$beforeSendChanges(Lorg/spongepowered/asm/mixin/injection/callback/CallbackInfo;)V won't be passed a CallbackInfo as a result
[30Sep2026 22:40:37.214] [modloading-worker-0/DEBUG] [net.neoforged.fml.javafmlmod.AutomaticEventSubscriber/LOADING]: Scanning class com.simibubi.create.content.processing.burner.BlazeBurnerHandler for @SubscribeEvent-annotated methods
[30Sep2026 22:40:37.214] [modloading-worker-0/DEBUG] [net.neoforged.fml.javafmlmod.AutomaticEventSubscriber/]: Subscribing @EventBusSubscriber class Lcom/simibubi/create/content/processing/burner/BlazeBurnerHandler; to the game event bus
[30Sep2026 22:40:37.214] [modloading-worker-0/DEBUG] [net.neoforged.fml.javafmlmod.AutomaticEventSubscriber/LOADING]: Scanning class com.simibubi.create.impl.registry.CreateDataMapsImpl for @SubscribeEvent-annotated methods
[30Sep2026 22:40:37.215] [modloading-worker-0/DEBUG] [net.neoforged.fml.javafmlmod.AutomaticEventSubscriber/]: Subscribing @EventBusSubscriber class Lcom/simibubi/create/impl/registry/CreateDataMapsImpl; to the mod event bus of mod create
[30Sep2026 22:40:37.215] [modloading-worker-0/DEBUG] [net.neoforged.fml.javafmlmod.AutomaticEventSubscriber/LOADING]: Scanning class com.simibubi.create.impl.registry.CreateRegistriesImpl for @SubscribeEvent-annotated methods
[30Sep2026 22:40:37.216] [modloading-worker-0/DEBUG] [net.neoforged.fml.javafmlmod.AutomaticEventSubscriber/]: Subscribing @EventBusSubscriber class Lcom/simibubi/create/impl/registry/CreateRegistriesImpl; to the mod event bus of mod create
[30Sep2026 22:40:37.249] [modloading-worker-0/INFO] [dev.ryanhcode.sable.Sable/]: Sable loaded!
[30Sep2026 22:40:37.259] [modloading-worker-0/DEBUG] [net.neoforged.fml.config.ConfigTracker/CONFIG]: Config file sable-common.toml for sable tracking
[30Sep2026 22:40:37.260] [modloading-worker-0/DEBUG] [net.neoforged.fml.config.ConfigTracker/CONFIG]: Config file sable-server.toml for sable tracking
[30Sep2026 22:40:37.260] [modloading-worker-0/DEBUG] [net.neoforged.fml.javafmlmod.AutomaticEventSubscriber/LOADING]: Attempting to inject @EventBusSubscriber classes into the eventbus for sable
[30Sep2026 22:40:37.274] [modloading-sync-worker/DEBUG] [mixin/]: Mixing accessor.RegistryDataAccessor from veil.registry.mixins.json into net.minecraft.resources.RegistryDataLoader$RegistryData
[30Sep2026 22:40:37.342] [modloading-sync-worker/DEBUG] [mixin/]: Mixing GunItemMixin from musketmod.mixins.json into ewewukek.musketmod.GunItem
[30Sep2026 22:40:38.585] [modloading-sync-worker/DEBUG] [mixin/]: Mixing dynamic_stress.KineticStatsMixin from simulated.mixins.json into com.simibubi.create.foundation.item.KineticStats
[30Sep2026 22:40:40.018] [modloading-sync-worker/DEBUG] [net.neoforged.fml.config.ConfigTracker/CONFIG]: Loading configs type COMMON
[30Sep2026 22:40:40.034] [modloading-sync-worker/DEBUG] [net.neoforged.fml.config.ConfigTracker/CONFIG]: Loaded TOML config file X:\NonSteamGamesOnXray\Minecraft\MinecraftCreateServer-Sept2026\config\allarrowspickup-common.toml
[30Sep2026 22:40:40.041] [modloading-sync-worker/DEBUG] [net.neoforged.fml.config.ConfigTracker/CONFIG]: Watching TOML config file X:\NonSteamGamesOnXray\Minecraft\MinecraftCreateServer-Sept2026\config\allarrowspickup-common.toml for changes
[30Sep2026 22:40:40.050] [modloading-sync-worker/DEBUG] [net.neoforged.neoforge.common.NeoForgeConfig/FORGEMOD]: Loaded NeoForge config file neoforge-common.toml
[30Sep2026 22:40:40.050] [modloading-sync-worker/DEBUG] [net.neoforged.fml.config.ConfigTracker/CONFIG]: Loaded TOML config file X:\NonSteamGamesOnXray\Minecraft\MinecraftCreateServer-Sept2026\config\neoforge-common.toml
[30Sep2026 22:40:40.051] [modloading-sync-worker/DEBUG] [net.neoforged.fml.config.ConfigTracker/CONFIG]: Watching TOML config file X:\NonSteamGamesOnXray\Minecraft\MinecraftCreateServer-Sept2026\config\neoforge-common.toml for changes
[30Sep2026 22:40:40.058] [modloading-sync-worker/DEBUG] [net.neoforged.fml.config.ConfigTracker/CONFIG]: Loaded TOML config file X:\NonSteamGamesOnXray\Minecraft\MinecraftCreateServer-Sept2026\config\create-common.toml
[30Sep2026 22:40:40.059] [modloading-sync-worker/DEBUG] [net.neoforged.fml.config.ConfigTracker/CONFIG]: Watching TOML config file X:\NonSteamGamesOnXray\Minecraft\MinecraftCreateServer-Sept2026\config\create-common.toml for changes
[30Sep2026 22:40:40.067] [modloading-sync-worker/DEBUG] [net.neoforged.fml.config.ConfigTracker/CONFIG]: Loaded TOML config file X:\NonSteamGamesOnXray\Minecraft\MinecraftCreateServer-Sept2026\config\sable-common.toml
[30Sep2026 22:40:40.068] [modloading-sync-worker/DEBUG] [net.neoforged.fml.config.ConfigTracker/CONFIG]: Watching TOML config file X:\NonSteamGamesOnXray\Minecraft\MinecraftCreateServer-Sept2026\config\sable-common.toml for changes
[30Sep2026 22:40:40.072] [modloading-worker-0/DEBUG] [mixin/]: Mixing accessor.FluidInteractionRegistryAccessor from create.mixins.json into net.neoforged.neoforge.fluids.FluidInteractionRegistry
[30Sep2026 22:40:40.072] [modloading-worker-0/DEBUG] [mixin/]: Renaming @Accessor method getInteractions()Ljava/util/Map; to getInteractions$create_$md$ed67c0$0 in create.mixins.json:accessor.FluidInteractionRegistryAccessor from mod create
[30Sep2026 22:40:40.083] [modloading-sync-worker/DEBUG] [net.neoforged.fml.DeferredWorkQueue/LOADING]: Dispatching synchronous work for work queue Common setup: 6 jobs
[30Sep2026 22:40:40.123] [modloading-sync-worker/DEBUG] [net.neoforged.fml.DeferredWorkQueue/LOADING]: Synchronous work queue completed in 38.46 ms
[30Sep2026 22:40:40.127] [modloading-worker-0/INFO] [DistantHorizons-DistantHorizons-com.seibel.distanthorizons.common.AbstractModInitializer_neoforge/]: Initializing Distant Horizons server, firing DhApiBeforeDhInitEvent event...
[30Sep2026 22:40:40.136] [modloading-worker-0/INFO] [DistantHorizons-DistantHorizons-com.seibel.distanthorizons.core.Initializer/]: Running library validation...
[30Sep2026 22:40:40.313] [modloading-worker-0/INFO] [DistantHorizons-DistantHorizons-com.seibel.distanthorizons.common.AbstractModInitializer_neoforge/]: Distant Horizons, Version: 3.2.0-b
[30Sep2026 22:40:40.337] [modloading-worker-0/INFO] [DistantHorizons-DistantHorizons-com.seibel.distanthorizons.common.AbstractModInitializer_neoforge/]: Skipping mod compatibility accessor for: [optifine]
[30Sep2026 22:40:40.338] [NeoForge Version Check/INFO] [net.neoforged.fml.VersionChecker/]: [create] Starting version check at https://api.modrinth.com/updates/create/forge_updates.json?neoforge=only
[30Sep2026 22:40:40.338] [modloading-worker-0/INFO] [DistantHorizons-DistantHorizons-com.seibel.distanthorizons.common.AbstractModInitializer_neoforge/]: Skipping mod compatibility accessor for: [c2me]
[30Sep2026 22:40:40.342] [modloading-worker-0/INFO] [DistantHorizons-DistantHorizons-com.seibel.distanthorizons.common.AbstractModInitializer_neoforge/]: Skipping mod compatibility accessor for: [immersive_portals]
[30Sep2026 22:40:40.343] [modloading-worker-0/INFO] [DistantHorizons-DistantHorizons-com.seibel.distanthorizons.common.AbstractModInitializer_neoforge/]: Skipping mod compatibility accessor for: [iris]
[30Sep2026 22:40:40.344] [modloading-worker-0/INFO] [DistantHorizons-DistantHorizons-com.seibel.distanthorizons.common.AbstractModInitializer_neoforge/]: Distant Horizons server Initialized, adding event subscribers...
[30Sep2026 22:40:40.399] [modloading-sync-worker/DEBUG] [net.neoforged.fml.DeferredWorkQueue/LOADING]: Dispatching synchronous work for work queue Complete loading of 29 mods: 2 jobs
[30Sep2026 22:40:40.446] [modloading-sync-worker/INFO] [mcp.mobius.waila.plugin.PluginLoader/]: [WTHIT] Initializing common plugin waila:core at mcp.mobius.waila.plugin.core.CoreCommonPlugin
[30Sep2026 22:40:40.456] [modloading-sync-worker/INFO] [mcp.mobius.waila.plugin.PluginLoader/]: [WTHIT] Initializing common plugin waila:vanilla at mcp.mobius.waila.plugin.vanilla.VanillaCommonPlugin
[30Sep2026 22:40:40.473] [modloading-sync-worker/INFO] [mcp.mobius.waila.plugin.PluginLoader/]: [WTHIT] Initializing common plugin waila:harvest at mcp.mobius.waila.plugin.harvest.HarvestCommonPlugin
[30Sep2026 22:40:40.473] [modloading-sync-worker/INFO] [mcp.mobius.waila.plugin.PluginLoader/]: [WTHIT] Initializing common plugin waila:neo at mcp.mobius.waila.plugin.neo.NeoCommonPlugin
[30Sep2026 22:40:40.476] [modloading-sync-worker/INFO] [mcp.mobius.waila.plugin.PluginLoader/]: [WTHIT] Initializing common plugin waila:extra at mcp.mobius.waila.plugin.extra.ExtraPlugin
[30Sep2026 22:40:40.618] [modloading-sync-worker/INFO] [mcp.mobius.waila.config.PluginConfig/]: [WTHIT] Plugin config reloaded
[30Sep2026 22:40:40.625] [modloading-sync-worker/DEBUG] [net.neoforged.fml.DeferredWorkQueue/LOADING]: Synchronous work queue completed in 224.8 ms
[30Sep2026 22:40:40.757] [main/INFO] [com.mojang.authlib.yggdrasil.YggdrasilAuthenticationService/]: Environment: Environment[sessionHost=https://sessionserver.mojang.com, servicesHost=https://api.minecraftservices.com, name=PROD]
[30Sep2026 22:40:40.799] [NeoForge Version Check/DEBUG] [net.neoforged.fml.VersionChecker/]: [create] Received version check data:
{"homepage":"https://modrinth.com/mod/create","promos":{"1.21.1-latest":"6.0.10+mc1.21.1","1.21.1-recommended":"6.0.10+mc1.21.1","1.20.1-latest":"mc1.20.1-6.0.8","1.20.1-recommended":"mc1.20.1-6.0.8"}}
[30Sep2026 22:40:40.800] [NeoForge Version Check/INFO] [net.neoforged.fml.VersionChecker/]: [create] Found status: OUTDATED Current: 6.0.10 Target: 6.0.10+mc1.21.1
[30Sep2026 22:40:40.800] [NeoForge Version Check/INFO] [net.neoforged.fml.VersionChecker/]: [journeymap] Starting version check at https://neoforge.curseupdate.com/32274/journeymap
[30Sep2026 22:40:40.860] [NeoForge Version Check/DEBUG] [net.neoforged.fml.VersionChecker/]: [journeymap] Received version check data:
{"promos":{"1.20.1-latest":"5.9.18","1.20.1-recommended":"5.9.18","1.20.2-latest":"5.9.22","1.20.2-recommended":"5.9.22","1.20.3-latest":"5.9.18","1.20.3-recommended":"5.9.18","1.20.4-latest":"5.10.0","1.20.4-recommended":"5.10.0","1.20.5-latest":"5.9.27","1.20.5-recommended":"5.9.27","1.20.6-latest":"5.10.0","1.20.6-recommended":"5.10.0","1.21-latest":"1.21-6.0.0-beta.27","1.21.1-latest":"1.21.1-6.0.0-beta.52","1.21.4-latest":"1.21.4-6.0.0-beta.45","1.21.5-latest":"1.21.5-6.0.0-beta.52","1.21.6-latest":"1.21.6-6.0.0-beta.52","1.21.7-latest":"1.21.7-6.0.0-beta.53","1.21.8-latest":"1.21.8-6.0.0-beta.52"},"homepage":"https://www.curseforge.com/minecraft/mc-mods/journeymap"}
[30Sep2026 22:40:40.860] [NeoForge Version Check/INFO] [net.neoforged.fml.VersionChecker/]: [journeymap] Found status: BETA Current: 1.21.1-6.0.5 Target: 1.21.1-6.0.0-beta.52
[30Sep2026 22:40:40.861] [NeoForge Version Check/INFO] [net.neoforged.fml.VersionChecker/]: [computercraft] Starting version check at https://api.modrinth.com/updates/cc-tweaked/forge_updates.json
[30Sep2026 22:40:40.925] [NeoForge Version Check/DEBUG] [net.neoforged.fml.VersionChecker/]: [computercraft] Received version check data:
{"homepage":"https://modrinth.com/mod/cc-tweaked","promos":{"1.16.5-recommended":"1.16.5-1.101.3","1.19.2-latest":"1.19.2-1.101.4","1.17.1-latest":"1.17.1-1.100.4","1.20-latest":"1.105.0","1.18.1-recommended":"1.18.1-1.100.2","1.16.4-recommended":"1.96.0","1.16.4-latest":"1.96.0","1.19.2-recommended":"1.19.2-1.101.4","1.20-recommended":"1.105.0","1.19.1-latest":"1.19.1-1.100.9","1.15.2-recommended":"1.15.2-1.97.1","1.19.3-recommended":"1.19.3-1.103.1","1.18-latest":"1.18-1.99.0","1.15.2-latest":"1.15.2-1.97.1","1.18.1-latest":"1.18.1-1.100.2","1.4.7-latest":"1.115.1","1.19.4-recommended":"1.108.0","1.20.1-latest":"1.120.2","1.18.2-recommended":"1.18.2-1.101.3","1.20.1-recommended":"1.120.2","1.18.2-latest":"1.18.2-1.101.3","1.4.7-recommended":"1.115.1","1.19.3-latest":"1.19.3-1.103.1","1.17.1-recommended":"1.17.1-1.100.4","1.19.4-latest":"1.108.0","1.16.5-latest":"1.16.5-1.101.3","1.19-latest":"1.19-1.100.8"}}
[30Sep2026 22:40:40.925] [NeoForge Version Check/INFO] [net.neoforged.fml.VersionChecker/]: [computercraft] Found status: BETA Current: 1.120.2 Target: null
[30Sep2026 22:40:40.926] [NeoForge Version Check/INFO] [net.neoforged.fml.VersionChecker/]: [create_power_loader] Starting version check at https://raw.githubusercontent.com/hlysine/create_power_loader/main/update.json
[30Sep2026 22:40:40.929] [main/DEBUG] [mixin/]: Mixing ResourceVanillaPackResourcesMixin from veil.resource.mixins.json into net.minecraft.server.packs.VanillaPackResources
[30Sep2026 22:40:40.938] [main/WARN] [net.minecraft.server.packs.VanillaPackResourcesBuilder/]: Assets URL 'union:/X:/NonSteamGamesOnXray/Minecraft/MinecraftCreateServer-Sept2026/libraries/net/minecraft/server/1.21.1-20240808.144430/server-1.21.1-20240808.144430-srg.jar%23133!/assets/.mcassetsroot' uses unexpected schema
[30Sep2026 22:40:40.941] [main/WARN] [net.minecraft.server.packs.VanillaPackResourcesBuilder/]: Assets URL 'union:/X:/NonSteamGamesOnXray/Minecraft/MinecraftCreateServer-Sept2026/libraries/net/minecraft/server/1.21.1-20240808.144430/server-1.21.1-20240808.144430-srg.jar%23133!/data/.mcassetsroot' uses unexpected schema
[30Sep2026 22:40:41.020] [main/INFO] [com.simibubi.create.Create/]: Created 157 recipes which will be injected into the game
[30Sep2026 22:40:41.027] [main/INFO] [com.simibubi.create.Create/]: Created 0 tags which will be injected into the game
[30Sep2026 22:40:41.035] [main/DEBUG] [mixin/]: Mixing ReloadableServerResourcesMixin from wthit.mixins.json into net.minecraft.server.ReloadableServerResources
[30Sep2026 22:40:41.035] [main/DEBUG] [mixin/]: wthit.mixins.json:ReloadableServerResourcesMixin from mod wthit: Class version 65 required is higher than the class version supported by the current version of Mixin (JAVA_16 supports class version 60)
[30Sep2026 22:40:41.036] [main/DEBUG] [mixin/]: wthit.mixins.json:ReloadableServerResourcesMixin from mod wthit->@Inject::wthit_onUpdateRegistryTags(Lorg/spongepowered/asm/mixin/injection/callback/CallbackInfo;)V doesn't use it's CallbackInfo
[30Sep2026 22:40:41.036] [main/DEBUG] [mixin/]: wthit.mixins.json:ReloadableServerResourcesMixin from mod wthit->@Inject::wthit_onUpdateRegistryTags(Lorg/spongepowered/asm/mixin/injection/callback/CallbackInfo;)V has 0 override(s) in child classes
[30Sep2026 22:40:41.036] [main/DEBUG] [mixin/]: wthit.mixins.json:ReloadableServerResourcesMixin from mod wthit->@Inject::wthit_onUpdateRegistryTags(Lorg/spongepowered/asm/mixin/injection/callback/CallbackInfo;)V won't be passed a CallbackInfo as a result
[30Sep2026 22:40:41.054] [main/DEBUG] [mixin/]: Mixing resources.PathPackResourcesMixin from veil.neoforge.mixins.json into net.minecraft.server.packs.PathPackResources
[30Sep2026 22:40:41.060] [NeoForge Version Check/DEBUG] [net.neoforged.fml.VersionChecker/]: [create_power_loader] Received version check data:
{
  "homepage": "https://github.com/hlysine/create_power_loader/",
  "promos": {
    "1.21.1-recommended": "2.0.5-mc1.21.1",
    "1.20.1-recommended": "2.0.3-mc1.20.1",
    "1.19.2-recommended": "1.5.0-mc1.19.2",
    "1.18.2-recommended": "1.5.0-mc1.18.2"
  }
}
[30Sep2026 22:40:41.060] [NeoForge Version Check/INFO] [net.neoforged.fml.VersionChecker/]: [create_power_loader] Found status: UP_TO_DATE Current: 2.0.5-mc1.21.1 Target: null
[30Sep2026 22:40:41.777] [main/DEBUG] [mixin/]: Mixing world_presets.PrimaryLevelDataMixin from simulated.mixins.json into net.minecraft.world.level.storage.PrimaryLevelData
[30Sep2026 22:40:41.784] [main/DEBUG] [mixin/]: simulated.mixins.json:world_presets.PrimaryLevelDataMixin from mod simulated->@Inject::simulated$parse(Lcom/mojang/serialization/Dynamic;Lnet/minecraft/world/level/LevelSettings;Lnet/minecraft/world/level/storage/PrimaryLevelData$SpecialWorldProperty;Lnet/minecraft/world/level/levelgen/WorldOptions;Lcom/mojang/serialization/Lifecycle;Lorg/spongepowered/asm/mixin/injection/callback/CallbackInfoReturnable;)V does use it's CallbackInfoReturnable
[30Sep2026 22:40:41.785] [main/DEBUG] [mixin/]: simulated.mixins.json:world_presets.PrimaryLevelDataMixin from mod simulated->@Inject::simulated$setTagData(Lnet/minecraft/core/RegistryAccess;Lnet/minecraft/nbt/CompoundTag;Lnet/minecraft/nbt/CompoundTag;Lorg/spongepowered/asm/mixin/injection/callback/CallbackInfo;)V doesn't use it's CallbackInfo
[30Sep2026 22:40:41.785] [main/DEBUG] [mixin/]: simulated.mixins.json:world_presets.PrimaryLevelDataMixin from mod simulated->@Inject::simulated$setTagData(Lnet/minecraft/core/RegistryAccess;Lnet/minecraft/nbt/CompoundTag;Lnet/minecraft/nbt/CompoundTag;Lorg/spongepowered/asm/mixin/injection/callback/CallbackInfo;)V has 0 override(s) in child classes
[30Sep2026 22:40:41.785] [main/DEBUG] [mixin/]: simulated.mixins.json:world_presets.PrimaryLevelDataMixin from mod simulated->@Inject::simulated$setTagData(Lnet/minecraft/core/RegistryAccess;Lnet/minecraft/nbt/CompoundTag;Lnet/minecraft/nbt/CompoundTag;Lorg/spongepowered/asm/mixin/injection/callback/CallbackInfo;)V won't be passed a CallbackInfo as a result
[30Sep2026 22:40:42.177] [Worker-Main-3/DEBUG] [mixin/]: Mixing command.ExecuteCommandMixin from sable.mixins.json into net.minecraft.server.commands.ExecuteCommand
[30Sep2026 22:40:42.178] [Worker-Main-3/DEBUG] [mixin/]: Renaming synthetic method lambda$sable$then$2(Lcom/mojang/brigadier/context/CommandContext;)Ljava/util/Collection; to mded67c0$sable$lambda$sable$then$2$0 in sable.mixins.json:command.ExecuteCommandMixin from mod sable
[30Sep2026 22:40:42.178] [Worker-Main-3/DEBUG] [mixin/]: Renaming synthetic method lambda$sable$then$1(Lcom/mojang/brigadier/context/CommandContext;)Ljava/util/Collection; to mded67c0$sable$lambda$sable$then$1$1 in sable.mixins.json:command.ExecuteCommandMixin from mod sable
[30Sep2026 22:40:42.178] [Worker-Main-3/DEBUG] [mixin/]: Renaming synthetic method lambda$sable$then$0(Lcom/mojang/brigadier/context/CommandContext;)Ljava/util/Collection; to mded67c0$sable$lambda$sable$then$0$2 in sable.mixins.json:command.ExecuteCommandMixin from mod sable
[30Sep2026 22:40:42.213] [Worker-Main-3/DEBUG] [mixin/]: Mixing command.DataCommandsMixin from sable.mixins.json into net.minecraft.server.commands.data.DataCommands
[30Sep2026 22:40:42.491] [Worker-Main-3/DEBUG] [mixin/]: Mixing SimpleReloadInstanceMixin from veil.debug.mixins.json into net.minecraft.server.packs.resources.SimpleReloadInstance
[30Sep2026 22:40:42.946] [main/INFO] [net.minecraft.world.item.crafting.RecipeManager/]: Loaded 3045 recipes
[30Sep2026 22:40:43.311] [main/INFO] [net.minecraft.advancements.AdvancementTree/]: Loaded 2735 advancements
[30Sep2026 22:40:43.334] [main/INFO] [ewewukek.musketmod.MusketMod/]: Configuration has been loaded
[30Sep2026 22:40:45.554] [main/DEBUG] [net.neoforged.neoforge.common.CommonHooks/WP]: Gathered mod list to write to world save Create2024
[30Sep2026 22:40:45.620] [main/DEBUG] [mixin/]: Mixing player_freezing.PlayerListMixin from sable.mixins.json into net.minecraft.server.players.PlayerList
[30Sep2026 22:40:45.623] [main/DEBUG] [mixin/]: Mixing plot.PlayerListMixin from sable.mixins.json into net.minecraft.server.players.PlayerList
[30Sep2026 22:40:45.623] [main/DEBUG] [mixin/]: Mixing udp.PlayerListMixin from sable.mixins.json into net.minecraft.server.players.PlayerList
[30Sep2026 22:40:45.624] [main/DEBUG] [mixin/]: Mixing MixinPlayerList from badpackets.mixins.json into net.minecraft.server.players.PlayerList
[30Sep2026 22:40:45.624] [main/DEBUG] [mixin/]: badpackets.mixins.json:MixinPlayerList from mod badpackets: Class version 65 required is higher than the class version supported by the current version of Mixin (JAVA_16 supports class version 60)
[30Sep2026 22:40:45.627] [main/DEBUG] [mixin/]: sable.mixins.json:player_freezing.PlayerListMixin from mod sable->@Inject::sable$player(Lnet/minecraft/network/Connection;Lnet/minecraft/server/level/ServerPlayer;Lnet/minecraft/server/network/CommonListenerCookie;Lorg/spongepowered/asm/mixin/injection/callback/CallbackInfo;)V doesn't use it's CallbackInfo
[30Sep2026 22:40:45.627] [main/DEBUG] [mixin/]: sable.mixins.json:player_freezing.PlayerListMixin from mod sable->@Inject::sable$player(Lnet/minecraft/network/Connection;Lnet/minecraft/server/level/ServerPlayer;Lnet/minecraft/server/network/CommonListenerCookie;Lorg/spongepowered/asm/mixin/injection/callback/CallbackInfo;)V has 0 override(s) in child classes
[30Sep2026 22:40:45.627] [main/DEBUG] [mixin/]: sable.mixins.json:player_freezing.PlayerListMixin from mod sable->@Inject::sable$player(Lnet/minecraft/network/Connection;Lnet/minecraft/server/level/ServerPlayer;Lnet/minecraft/server/network/CommonListenerCookie;Lorg/spongepowered/asm/mixin/injection/callback/CallbackInfo;)V won't be passed a CallbackInfo as a result
[30Sep2026 22:40:45.627] [main/DEBUG] [mixin/]: sable.mixins.json:player_freezing.PlayerListMixin from mod sable->@Inject::sable$respawn(Lnet/minecraft/server/level/ServerPlayer;ZLnet/minecraft/world/entity/Entity$RemovalReason;Lorg/spongepowered/asm/mixin/injection/callback/CallbackInfoReturnable;)V does use it's CallbackInfoReturnable
[30Sep2026 22:40:45.628] [main/DEBUG] [mixin/]: sable.mixins.json:udp.PlayerListMixin from mod sable->@Inject::onPlayerJoin(Lnet/minecraft/network/Connection;Lnet/minecraft/server/level/ServerPlayer;Lnet/minecraft/server/network/CommonListenerCookie;Lorg/spongepowered/asm/mixin/injection/callback/CallbackInfo;)V doesn't use it's CallbackInfo
[30Sep2026 22:40:45.628] [main/DEBUG] [mixin/]: sable.mixins.json:udp.PlayerListMixin from mod sable->@Inject::onPlayerJoin(Lnet/minecraft/network/Connection;Lnet/minecraft/server/level/ServerPlayer;Lnet/minecraft/server/network/CommonListenerCookie;Lorg/spongepowered/asm/mixin/injection/callback/CallbackInfo;)V has 0 override(s) in child classes
[30Sep2026 22:40:45.628] [main/DEBUG] [mixin/]: sable.mixins.json:udp.PlayerListMixin from mod sable->@Inject::onPlayerJoin(Lnet/minecraft/network/Connection;Lnet/minecraft/server/level/ServerPlayer;Lnet/minecraft/server/network/CommonListenerCookie;Lorg/spongepowered/asm/mixin/injection/callback/CallbackInfo;)V won't be passed a CallbackInfo as a result
[30Sep2026 22:40:45.628] [main/DEBUG] [mixin/]: badpackets.mixins.json:MixinPlayerList from mod badpackets->@Inject::badpackets_initServerPlayPacketHandler(Lnet/minecraft/network/Connection;Lnet/minecraft/server/level/ServerPlayer;Lnet/minecraft/server/network/CommonListenerCookie;Lorg/spongepowered/asm/mixin/injection/callback/CallbackInfo;)V doesn't use it's CallbackInfo
[30Sep2026 22:40:45.628] [main/DEBUG] [mixin/]: badpackets.mixins.json:MixinPlayerList from mod badpackets->@Inject::badpackets_initServerPlayPacketHandler(Lnet/minecraft/network/Connection;Lnet/minecraft/server/level/ServerPlayer;Lnet/minecraft/server/network/CommonListenerCookie;Lorg/spongepowered/asm/mixin/injection/callback/CallbackInfo;)V has 0 override(s) in child classes
[30Sep2026 22:40:45.628] [main/DEBUG] [mixin/]: badpackets.mixins.json:MixinPlayerList from mod badpackets->@Inject::badpackets_initServerPlayPacketHandler(Lnet/minecraft/network/Connection;Lnet/minecraft/server/level/ServerPlayer;Lnet/minecraft/server/network/CommonListenerCookie;Lorg/spongepowered/asm/mixin/injection/callback/CallbackInfo;)V won't be passed a CallbackInfo as a result
[30Sep2026 22:40:45.701] [main/DEBUG] [mixin/]: Mixing udp.ServerConnectionListenerMixin from sable.mixins.json into net.minecraft.server.network.ServerConnectionListener
[30Sep2026 22:40:45.745] [main/DEBUG] [mixin/]: sable.mixins.json:udp.ServerConnectionListenerMixin from mod sable->@Inject::sable$startTcpServerListener(Ljava/net/InetAddress;ILorg/spongepowered/asm/mixin/injection/callback/CallbackInfo;)V doesn't use it's CallbackInfo
[30Sep2026 22:40:45.745] [main/DEBUG] [mixin/]: sable.mixins.json:udp.ServerConnectionListenerMixin from mod sable->@Inject::sable$startTcpServerListener(Ljava/net/InetAddress;ILorg/spongepowered/asm/mixin/injection/callback/CallbackInfo;)V has 0 override(s) in child classes
[30Sep2026 22:40:45.745] [main/DEBUG] [mixin/]: sable.mixins.json:udp.ServerConnectionListenerMixin from mod sable->@Inject::sable$startTcpServerListener(Ljava/net/InetAddress;ILorg/spongepowered/asm/mixin/injection/callback/CallbackInfo;)V won't be passed a CallbackInfo as a result
[30Sep2026 22:40:45.745] [main/DEBUG] [mixin/]: sable.mixins.json:udp.ServerConnectionListenerMixin from mod sable->@Inject::sable$startMemoryChannel(Lorg/spongepowered/asm/mixin/injection/callback/CallbackInfoReturnable;)V doesn't use it's CallbackInfoReturnable
[30Sep2026 22:40:45.745] [main/DEBUG] [mixin/]: sable.mixins.json:udp.ServerConnectionListenerMixin from mod sable->@Inject::sable$startMemoryChannel(Lorg/spongepowered/asm/mixin/injection/callback/CallbackInfoReturnable;)V has 0 override(s) in child classes
[30Sep2026 22:40:45.745] [main/DEBUG] [mixin/]: sable.mixins.json:udp.ServerConnectionListenerMixin from mod sable->@Inject::sable$startMemoryChannel(Lorg/spongepowered/asm/mixin/injection/callback/CallbackInfoReturnable;)V won't be passed a CallbackInfoReturnable as a result
[30Sep2026 22:40:45.745] [main/DEBUG] [mixin/]: sable.mixins.json:udp.ServerConnectionListenerMixin from mod sable->@Inject::sable$stop(Lorg/spongepowered/asm/mixin/injection/callback/CallbackInfo;)V doesn't use it's CallbackInfo
[30Sep2026 22:40:45.745] [main/DEBUG] [mixin/]: sable.mixins.json:udp.ServerConnectionListenerMixin from mod sable->@Inject::sable$stop(Lorg/spongepowered/asm/mixin/injection/callback/CallbackInfo;)V has 0 override(s) in child classes
[30Sep2026 22:40:45.745] [main/DEBUG] [mixin/]: sable.mixins.json:udp.ServerConnectionListenerMixin from mod sable->@Inject::sable$stop(Lorg/spongepowered/asm/mixin/injection/callback/CallbackInfo;)V won't be passed a CallbackInfo as a result
[30Sep2026 22:40:45.805] [main/DEBUG] [mixin/]: Mixing accessor.PotionBrewingAccessor from create.mixins.json into net.minecraft.world.item.alchemy.PotionBrewing
[30Sep2026 22:40:47.166] [Server thread/INFO] [net.minecraft.server.dedicated.DedicatedServer/]: Starting minecraft server version 1.21.1
[30Sep2026 22:40:47.167] [Server thread/INFO] [net.minecraft.server.dedicated.DedicatedServer/]: Loading properties
[30Sep2026 22:40:47.167] [Server thread/INFO] [net.minecraft.server.dedicated.DedicatedServer/]: Default game type: SURVIVAL
[30Sep2026 22:40:47.167] [Server thread/INFO] [net.minecraft.server.MinecraftServer/]: Generating keypair
[30Sep2026 22:40:47.253] [Server thread/INFO] [net.minecraft.server.dedicated.DedicatedServer/]: Starting Minecraft server on *:25565
[30Sep2026 22:40:47.283] [Server thread/DEBUG] [io.netty.channel.MultithreadEventLoopGroup/]: -Dio.netty.eventLoopThreads: 48
[30Sep2026 22:40:47.300] [Server thread/DEBUG] [io.netty.util.concurrent.GlobalEventExecutor/]: -Dio.netty.globalEventExecutor.quietPeriodSeconds: 1
[30Sep2026 22:40:47.318] [Server thread/DEBUG] [io.netty.channel.nio.NioEventLoop/]: -Dio.netty.noKeySetOptimization: false
[30Sep2026 22:40:47.318] [Server thread/DEBUG] [io.netty.channel.nio.NioEventLoop/]: -Dio.netty.selectorAutoRebuildThreshold: 512
[30Sep2026 22:40:47.325] [Server thread/DEBUG] [io.netty.util.internal.PlatformDependent/]: org.jctools-core.MpscChunkedArrayQueue: available
[30Sep2026 22:40:47.411] [Server thread/INFO] [dev.ryanhcode.sable.Sable/]: Adding UDP server channel future
[30Sep2026 22:40:47.424] [Server thread/DEBUG] [mixin/]: Generating mapped inner class net/minecraft/server/network/ServerConnectionListener$Anonymous$67df6336dd7d44498c8948335901f089 (originally dev/ryanhcode/sable/mixin/udp/ServerConnectionListenerMixin$1)
[30Sep2026 22:40:47.442] [Server thread/DEBUG] [io.netty.channel.DefaultChannelId/]: -Dio.netty.processId: 26132 (auto-detected)
[30Sep2026 22:40:47.445] [Server thread/DEBUG] [io.netty.util.NetUtil/]: -Djava.net.preferIPv4Stack: false
[30Sep2026 22:40:47.445] [Server thread/DEBUG] [io.netty.util.NetUtil/]: -Djava.net.preferIPv6Addresses: system
[30Sep2026 22:40:47.448] [Server thread/DEBUG] [io.netty.util.NetUtilInitializations/]: Loopback interface: loopback_0 (Software Loopback Interface 1, 0:0:0:0:0:0:0:1)
[30Sep2026 22:40:47.451] [Server thread/DEBUG] [io.netty.util.NetUtil/]: Failed to get SOMAXCONN from sysctl and file \proc\sys\net\core\somaxconn. Default: 200
[30Sep2026 22:40:47.458] [Server thread/DEBUG] [io.netty.channel.DefaultChannelId/]: -Dio.netty.machineId: a8:5e:45:ff:fe:e0:c2:66 (auto-detected)
[30Sep2026 22:40:47.509] [Server thread/DEBUG] [net.neoforged.neoforge.network.DualStackUtils/]: Detected IPv6 address: "0:0:0:0:0:0:0:0"
[30Sep2026 22:40:47.508] [Netty Server IO #0/INFO] [dev.ryanhcode.sable.Sable/]: Server UDP channel active
[30Sep2026 22:40:47.513] [Server thread/INFO] [net.minecraft.server.network.ServerConnectionListener/]: Using default channel type
[30Sep2026 22:40:47.550] [Server thread/DEBUG] [net.neoforged.fml.config.ConfigTracker/CONFIG]: Loading configs type SERVER
[30Sep2026 22:40:47.550] [Server thread/INFO] [net.neoforged.fml.config.ConfigTracker/CONFIG]: Found config file override in path .\world\serverconfig\jei-server.toml
[30Sep2026 22:40:47.559] [Server thread/DEBUG] [net.neoforged.fml.config.ConfigTracker/CONFIG]: Loaded TOML config file .\world\serverconfig\jei-server.toml
[30Sep2026 22:40:47.561] [Server thread/DEBUG] [net.neoforged.fml.config.ConfigTracker/CONFIG]: Watching TOML config file .\world\serverconfig\jei-server.toml for changes
[30Sep2026 22:40:47.561] [Server thread/INFO] [net.neoforged.fml.config.ConfigTracker/CONFIG]: Found config file override in path .\world\serverconfig\inventorysorter-server.toml
[30Sep2026 22:40:47.573] [Server thread/DEBUG] [net.neoforged.fml.config.ConfigTracker/CONFIG]: Loaded TOML config file .\world\serverconfig\inventorysorter-server.toml
[30Sep2026 22:40:47.575] [Server thread/DEBUG] [net.neoforged.fml.config.ConfigTracker/CONFIG]: Watching TOML config file .\world\serverconfig\inventorysorter-server.toml for changes
[30Sep2026 22:40:47.585] [Server thread/DEBUG] [net.neoforged.neoforge.common.NeoForgeConfig/FORGEMOD]: Loaded NeoForge config file neoforge-server.toml
[30Sep2026 22:40:47.585] [Server thread/DEBUG] [net.neoforged.fml.config.ConfigTracker/CONFIG]: Loaded TOML config file X:\NonSteamGamesOnXray\Minecraft\MinecraftCreateServer-Sept2026\config\neoforge-server.toml
[30Sep2026 22:40:47.586] [Server thread/DEBUG] [net.neoforged.fml.config.ConfigTracker/CONFIG]: Watching TOML config file X:\NonSteamGamesOnXray\Minecraft\MinecraftCreateServer-Sept2026\config\neoforge-server.toml for changes
[30Sep2026 22:40:47.586] [Server thread/INFO] [net.neoforged.fml.config.ConfigTracker/CONFIG]: Found config file override in path .\world\serverconfig\journeymap-server.toml
[30Sep2026 22:40:47.597] [Server thread/INFO] [journeymap/]: Loading JourneyMap Forge Configs
[30Sep2026 22:40:47.598] [Server thread/DEBUG] [net.neoforged.fml.config.ConfigTracker/CONFIG]: Loaded TOML config file .\world\serverconfig\journeymap-server.toml
[30Sep2026 22:40:47.598] [Server thread/DEBUG] [net.neoforged.fml.config.ConfigTracker/CONFIG]: Watching TOML config file .\world\serverconfig\journeymap-server.toml for changes
[30Sep2026 22:40:47.610] [Server thread/DEBUG] [net.neoforged.fml.config.ConfigTracker/CONFIG]: Loaded TOML config file X:\NonSteamGamesOnXray\Minecraft\MinecraftCreateServer-Sept2026\config\create_power_loader-server.toml
[30Sep2026 22:40:47.611] [Server thread/DEBUG] [net.neoforged.fml.config.ConfigTracker/CONFIG]: Watching TOML config file X:\NonSteamGamesOnXray\Minecraft\MinecraftCreateServer-Sept2026\config\create_power_loader-server.toml for changes
[30Sep2026 22:40:47.612] [Server thread/INFO] [net.neoforged.fml.config.ConfigTracker/CONFIG]: Found config file override in path .\world\serverconfig\computercraft-server.toml
[30Sep2026 22:40:47.645] [Server thread/DEBUG] [net.neoforged.fml.config.ConfigTracker/CONFIG]: Loaded TOML config file .\world\serverconfig\computercraft-server.toml
[30Sep2026 22:40:47.646] [Server thread/DEBUG] [net.neoforged.fml.config.ConfigTracker/CONFIG]: Watching TOML config file .\world\serverconfig\computercraft-server.toml for changes
[30Sep2026 22:40:47.657] [Server thread/DEBUG] [net.neoforged.fml.config.ConfigTracker/CONFIG]: Loaded TOML config file X:\NonSteamGamesOnXray\Minecraft\MinecraftCreateServer-Sept2026\config\offroad-server.toml
[30Sep2026 22:40:47.657] [Server thread/DEBUG] [net.neoforged.fml.config.ConfigTracker/CONFIG]: Watching TOML config file X:\NonSteamGamesOnXray\Minecraft\MinecraftCreateServer-Sept2026\config\offroad-server.toml for changes
[30Sep2026 22:40:47.670] [Server thread/DEBUG] [net.neoforged.fml.config.ConfigTracker/CONFIG]: Loaded TOML config file X:\NonSteamGamesOnXray\Minecraft\MinecraftCreateServer-Sept2026\config\simulated-server.toml
[30Sep2026 22:40:47.671] [Server thread/DEBUG] [net.neoforged.fml.config.ConfigTracker/CONFIG]: Watching TOML config file X:\NonSteamGamesOnXray\Minecraft\MinecraftCreateServer-Sept2026\config\simulated-server.toml for changes
[30Sep2026 22:40:47.683] [Server thread/DEBUG] [net.neoforged.fml.config.ConfigTracker/CONFIG]: Loaded TOML config file X:\NonSteamGamesOnXray\Minecraft\MinecraftCreateServer-Sept2026\config\aeronautics-server.toml
[30Sep2026 22:40:47.684] [Server thread/DEBUG] [net.neoforged.fml.config.ConfigTracker/CONFIG]: Watching TOML config file X:\NonSteamGamesOnXray\Minecraft\MinecraftCreateServer-Sept2026\config\aeronautics-server.toml for changes
[30Sep2026 22:40:47.684] [Server thread/INFO] [net.neoforged.fml.config.ConfigTracker/CONFIG]: Found config file override in path .\world\serverconfig\create-server.toml
[30Sep2026 22:40:47.700] [Server thread/DEBUG] [net.neoforged.fml.config.ConfigTracker/CONFIG]: Loaded TOML config file .\world\serverconfig\create-server.toml
[30Sep2026 22:40:47.701] [Server thread/DEBUG] [net.neoforged.fml.config.ConfigTracker/CONFIG]: Watching TOML config file .\world\serverconfig\create-server.toml for changes
[30Sep2026 22:40:47.711] [Server thread/DEBUG] [net.neoforged.fml.config.ConfigTracker/CONFIG]: Loaded TOML config file X:\NonSteamGamesOnXray\Minecraft\MinecraftCreateServer-Sept2026\config\sable-server.toml
[30Sep2026 22:40:47.711] [Server thread/DEBUG] [net.neoforged.fml.config.ConfigTracker/CONFIG]: Watching TOML config file X:\NonSteamGamesOnXray\Minecraft\MinecraftCreateServer-Sept2026\config\sable-server.toml for changes
[30Sep2026 22:40:47.800] [Server thread/INFO] [DistantHorizons-DistantHorizons-com.seibel.distanthorizons.core.config.ConfigHandler/]: Initialising config for [DistantHorizons]
[30Sep2026 22:40:47.909] [Server thread/INFO] [DistantHorizons-DistantHorizons-com.seibel.distanthorizons.core.config.ConfigHandler/]: [DistantHorizons] Config initialised
[30Sep2026 22:40:47.924] [Server thread/INFO] [DistantHorizons-DistantHorizons-com.seibel.distanthorizons.core.config.eventHandlers.IgnoredDimensionCsvHandler/]: Dimension ignoring disabled, DH will render all dimensions.
[30Sep2026 22:40:47.924] [Server thread/INFO] [com.seibel.distanthorizons.core.logging.DhLogger/]: Applying config to loggers
[30Sep2026 22:40:47.926] [Server thread/INFO] [DistantHorizons-DistantHorizons-com.seibel.distanthorizons.core.Initializer/]: Garbage collectors: [G1 Young Generation, G1 Concurrent GC, G1 Old Generation]
[30Sep2026 22:40:47.926] [Server thread/WARN] [DistantHorizons-DistantHorizons-com.seibel.distanthorizons.core.Initializer/]: Distant Horizons: G1 Garbage collector detected.
This can cause FPS stuttering. 
It's recommended to use a concurrent garbage collector 
like ZGC (Java 21+) or Shenandoah (Java 8 through 17) 
for a smoother experience. 
This warning can be disabled in the DH config.
[30Sep2026 22:40:47.935] [Server thread/INFO] [DistantHorizons-DistantHorizons-com.seibel.distanthorizons.core.Initializer/]: Explicit Garbage Collection: [Enabled]
[30Sep2026 22:40:47.935] [Server thread/INFO] [DistantHorizons-DistantHorizons-com.seibel.distanthorizons.common.AbstractModInitializer_neoforge/]: Running Delayed setup...
[30Sep2026 22:40:47.936] [Server thread/INFO] [DistantHorizons-DistantHorizons-com.seibel.distanthorizons.common.AbstractModInitializer_neoforge/]: Delayed setup complete, firing DhApiAfterDhInitEvent event...
[30Sep2026 22:40:47.959] [Server thread/INFO] [DistantHorizons-DistantHorizons-com.seibel.distanthorizons.core.jar.updater.SelfUpdater/]: Checking for Distant Horizons [STABLE] update for MC [1.21.1]...
[30Sep2026 22:40:48.308] [Server thread/INFO] [DistantHorizons-DistantHorizons-com.seibel.distanthorizons.core.jar.updater.SelfUpdater/]: New version (3.3.3) of Distant Horizons is available
[30Sep2026 22:40:48.309] [Server thread/INFO] [DistantHorizons-DistantHorizons-com.seibel.distanthorizons.core.jar.updater.SelfUpdater/]: Download link: https://cdn.modrinth.com/data/uCdwusMi/versions/9w34y8ai/DistantHorizons-3.3.3-1.21.1-fabric-neoforge.jar
[30Sep2026 22:40:48.309] [Server thread/INFO] [DistantHorizons-DistantHorizons-com.seibel.distanthorizons.common.AbstractModInitializer_neoforge/]: Distant Horizons server Initialized at 
[30Sep2026 22:40:48.316] [Server thread/INFO] [DistantHorizons-DistantHorizons-com.seibel.distanthorizons.core.world.AbstractDhWorld/]: Started [DhServerWorld] of type [SERVER_ONLY].
[30Sep2026 22:40:48.324] [Server thread/INFO] [net.minecraft.server.dedicated.DedicatedServer/]: Preparing level "world"
[30Sep2026 22:40:48.328] [Server thread/DEBUG] [mixin/]: Mixing accessor.BiomeManagerAccessor from ponder-common.mixins.json into net.minecraft.world.level.biome.BiomeManager
[30Sep2026 22:40:48.328] [Server thread/DEBUG] [mixin/]: ponder-common.mixins.json:accessor.BiomeManagerAccessor from mod ponder: Class version 65 required is higher than the class version supported by the current version of Mixin (JAVA_17 supports class version 61)
[30Sep2026 22:40:48.346] [Server thread/DEBUG] [mixin/]: Mixing MapItemSavedDataMixin from create.mixins.json into net.minecraft.world.level.saveddata.maps.MapItemSavedData
[30Sep2026 22:40:48.360] [Server thread/DEBUG] [mixin/]: create.mixins.json:MapItemSavedDataMixin from mod create->@Inject::create$onLoad(Lnet/minecraft/nbt/CompoundTag;Lnet/minecraft/core/HolderLookup$Provider;Lorg/spongepowered/asm/mixin/injection/callback/CallbackInfoReturnable;)V does use it's CallbackInfoReturnable
[30Sep2026 22:40:48.360] [Server thread/DEBUG] [mixin/]: create.mixins.json:MapItemSavedDataMixin from mod create->@Inject::create$onSave(Lnet/minecraft/nbt/CompoundTag;Lnet/minecraft/core/HolderLookup$Provider;Lorg/spongepowered/asm/mixin/injection/callback/CallbackInfoReturnable;)V doesn't use it's CallbackInfoReturnable
[30Sep2026 22:40:48.360] [Server thread/DEBUG] [mixin/]: create.mixins.json:MapItemSavedDataMixin from mod create->@Inject::create$onSave(Lnet/minecraft/nbt/CompoundTag;Lnet/minecraft/core/HolderLookup$Provider;Lorg/spongepowered/asm/mixin/injection/callback/CallbackInfoReturnable;)V has 0 override(s) in child classes
[30Sep2026 22:40:48.360] [Server thread/DEBUG] [mixin/]: create.mixins.json:MapItemSavedDataMixin from mod create->@Inject::create$onSave(Lnet/minecraft/nbt/CompoundTag;Lnet/minecraft/core/HolderLookup$Provider;Lorg/spongepowered/asm/mixin/injection/callback/CallbackInfoReturnable;)V won't be passed a CallbackInfoReturnable as a result
[30Sep2026 22:40:48.360] [Server thread/DEBUG] [mixin/]: create.mixins.json:MapItemSavedDataMixin from mod create->@Inject::create$onCheckBanners(Lnet/minecraft/world/level/BlockGetter;IILorg/spongepowered/asm/mixin/injection/callback/CallbackInfo;)V doesn't use it's CallbackInfo
[30Sep2026 22:40:48.360] [Server thread/DEBUG] [mixin/]: create.mixins.json:MapItemSavedDataMixin from mod create->@Inject::create$onCheckBanners(Lnet/minecraft/world/level/BlockGetter;IILorg/spongepowered/asm/mixin/injection/callback/CallbackInfo;)V has 0 override(s) in child classes
[30Sep2026 22:40:48.360] [Server thread/DEBUG] [mixin/]: create.mixins.json:MapItemSavedDataMixin from mod create->@Inject::create$onCheckBanners(Lnet/minecraft/world/level/BlockGetter;IILorg/spongepowered/asm/mixin/injection/callback/CallbackInfo;)V won't be passed a CallbackInfo as a result
[30Sep2026 22:40:48.366] [Server thread/DEBUG] [mixin/]: Mixing level_accelerator.ServerChunkCacheAccessor from sable.mixins.json into net.minecraft.server.level.ServerChunkCache
[30Sep2026 22:40:48.366] [Server thread/DEBUG] [mixin/]: Mixing plot.ServerChunkCacheMixin from sable.mixins.json into net.minecraft.server.level.ServerChunkCache
[30Sep2026 22:40:48.371] [Server thread/DEBUG] [mixin/]: Mixing server.ServerChunkCacheAccessor from journeymap.mixins.json into net.minecraft.server.level.ServerChunkCache
[30Sep2026 22:40:48.371] [Server thread/DEBUG] [mixin/]: journeymap.mixins.json:server.ServerChunkCacheAccessor from mod journeymap: Class version 65 required is higher than the class version supported by the current version of Mixin (JAVA_17 supports class version 61)
[30Sep2026 22:40:48.377] [Server thread/DEBUG] [mixin/]: sable.mixins.json:plot.ServerChunkCacheMixin from mod sable->@Inject::init(Lnet/minecraft/server/level/ServerLevel;Lnet/minecraft/world/level/storage/LevelStorageSource$LevelStorageAccess;Lcom/mojang/datafixers/DataFixer;Lnet/minecraft/world/level/levelgen/structure/templatesystem/StructureTemplateManager;Ljava/util/concurrent/Executor;Lnet/minecraft/world/level/chunk/ChunkGenerator;IIZLnet/minecraft/server/level/progress/ChunkProgressListener;Lnet/minecraft/world/level/entity/ChunkStatusUpdateListener;Ljava/util/function/Supplier;Lorg/spongepowered/asm/mixin/injection/callback/CallbackInfo;)V doesn't use it's CallbackInfo
[30Sep2026 22:40:48.377] [Server thread/DEBUG] [mixin/]: sable.mixins.json:plot.ServerChunkCacheMixin from mod sable->@Inject::init(Lnet/minecraft/server/level/ServerLevel;Lnet/minecraft/world/level/storage/LevelStorageSource$LevelStorageAccess;Lcom/mojang/datafixers/DataFixer;Lnet/minecraft/world/level/levelgen/structure/templatesystem/StructureTemplateManager;Ljava/util/concurrent/Executor;Lnet/minecraft/world/level/chunk/ChunkGenerator;IIZLnet/minecraft/server/level/progress/ChunkProgressListener;Lnet/minecraft/world/level/entity/ChunkStatusUpdateListener;Ljava/util/function/Supplier;Lorg/spongepowered/asm/mixin/injection/callback/CallbackInfo;)V has 0 override(s) in child classes
[30Sep2026 22:40:48.377] [Server thread/DEBUG] [mixin/]: sable.mixins.json:plot.ServerChunkCacheMixin from mod sable->@Inject::init(Lnet/minecraft/server/level/ServerLevel;Lnet/minecraft/world/level/storage/LevelStorageSource$LevelStorageAccess;Lcom/mojang/datafixers/DataFixer;Lnet/minecraft/world/level/levelgen/structure/templatesystem/StructureTemplateManager;Ljava/util/concurrent/Executor;Lnet/minecraft/world/level/chunk/ChunkGenerator;IIZLnet/minecraft/server/level/progress/ChunkProgressListener;Lnet/minecraft/world/level/entity/ChunkStatusUpdateListener;Ljava/util/function/Supplier;Lorg/spongepowered/asm/mixin/injection/callback/CallbackInfo;)V won't be passed a CallbackInfo as a result
[30Sep2026 22:40:48.377] [Server thread/DEBUG] [mixin/]: sable.mixins.json:plot.ServerChunkCacheMixin from mod sable->@Inject::getChunkNow(IILorg/spongepowered/asm/mixin/injection/callback/CallbackInfoReturnable;)V does use it's CallbackInfoReturnable
[30Sep2026 22:40:48.377] [Server thread/DEBUG] [mixin/]: sable.mixins.json:plot.ServerChunkCacheMixin from mod sable->@Inject::getChunkFutureMainThread(IILnet/minecraft/world/level/chunk/status/ChunkStatus;ZLorg/spongepowered/asm/mixin/injection/callback/CallbackInfoReturnable;)V does use it's CallbackInfoReturnable
[30Sep2026 22:40:48.377] [Server thread/DEBUG] [mixin/]: sable.mixins.json:plot.ServerChunkCacheMixin from mod sable->@Inject::getChunkForLighting(IILorg/spongepowered/asm/mixin/injection/callback/CallbackInfoReturnable;)V does use it's CallbackInfoReturnable
[30Sep2026 22:40:48.377] [Server thread/DEBUG] [mixin/]: sable.mixins.json:plot.ServerChunkCacheMixin from mod sable->@Inject::getFullChunk(JLjava/util/function/Consumer;Lorg/spongepowered/asm/mixin/injection/callback/CallbackInfo;)V does use it's CallbackInfo
[30Sep2026 22:40:48.377] [Server thread/DEBUG] [mixin/]: sable.mixins.json:plot.ServerChunkCacheMixin from mod sable->@Inject::blockChanged(Lnet/minecraft/core/BlockPos;Lorg/spongepowered/asm/mixin/injection/callback/CallbackInfo;)V does use it's CallbackInfo
[30Sep2026 22:40:48.377] [Server thread/DEBUG] [mixin/]: sable.mixins.json:plot.ServerChunkCacheMixin from mod sable->@Inject::getVisibleChunkIfPresent(JLorg/spongepowered/asm/mixin/injection/callback/CallbackInfoReturnable;)V does use it's CallbackInfoReturnable
[30Sep2026 22:40:48.377] [Server thread/DEBUG] [mixin/]: sable.mixins.json:plot.ServerChunkCacheMixin from mod sable->@Inject::addRegionTicket(Lnet/minecraft/server/level/TicketType;Lnet/minecraft/world/level/ChunkPos;ILjava/lang/Object;Lorg/spongepowered/asm/mixin/injection/callback/CallbackInfo;)V does use it's CallbackInfo
[30Sep2026 22:40:48.399] [Server thread/INFO] [dev.ryanhcode.sable.Sable/]: Creating physics pipeline for ResourceKey[minecraft:dimension / minecraft:overworld] using RapierPhysicsPipelineProvider
[30Sep2026 22:40:48.412] [Server thread/INFO] [dev.ryanhcode.sable.Sable/]: Using game directory relative Sable Rapier native directory X:\NonSteamGamesOnXray\Minecraft\MinecraftCreateServer-Sept2026\.sable\natives
[30Sep2026 22:40:48.629] [Server thread/DEBUG] [mixin/]: Mixing plot.serialization.LevelChunkTicksMixin from sable.mixins.json into net.minecraft.world.ticks.LevelChunkTicks
[30Sep2026 22:40:48.651] [Server thread/DEBUG] [mixin/]: Mixing entity.entity_unloading.PersistentEntitySectionManagerMixin from sable.mixins.json into net.minecraft.world.level.entity.PersistentEntitySectionManager
[30Sep2026 22:40:48.653] [Server thread/DEBUG] [mixin/]: sable.mixins.json:entity.entity_unloading.PersistentEntitySectionManagerMixin from mod sable->@Inject::processChunkUnload(JLorg/spongepowered/asm/mixin/injection/callback/CallbackInfoReturnable;)V doesn't use it's CallbackInfoReturnable
[30Sep2026 22:40:48.653] [Server thread/DEBUG] [mixin/]: sable.mixins.json:entity.entity_unloading.PersistentEntitySectionManagerMixin from mod sable->@Inject::processChunkUnload(JLorg/spongepowered/asm/mixin/injection/callback/CallbackInfoReturnable;)V has 0 override(s) in child classes
[30Sep2026 22:40:48.653] [Server thread/DEBUG] [mixin/]: sable.mixins.json:entity.entity_unloading.PersistentEntitySectionManagerMixin from mod sable->@Inject::processChunkUnload(JLorg/spongepowered/asm/mixin/injection/callback/CallbackInfoReturnable;)V won't be passed a CallbackInfoReturnable as a result
[30Sep2026 22:40:48.670] [Server thread/DEBUG] [mixin/]: Mixing entity.server_entities_tick.ChunkMapMixin from sable.mixins.json into net.minecraft.server.level.ChunkMap
[30Sep2026 22:40:48.671] [Server thread/DEBUG] [mixin/]: Mixing plot.ChunkMapMixin from sable.mixins.json into net.minecraft.server.level.ChunkMap
[30Sep2026 22:40:48.672] [Server thread/DEBUG] [mixin/]: Renaming synthetic method lambda$sable$hasWork$0(Lnet/minecraft/server/level/ChunkHolder;)Z to mded67c0$sable$lambda$sable$hasWork$0$0 in sable.mixins.json:plot.ChunkMapMixin from mod sable
[30Sep2026 22:40:48.675] [Server thread/DEBUG] [mixin/]: Mixing plot.serialization.ChunkMapMixin from sable.mixins.json into net.minecraft.server.level.ChunkMap
[30Sep2026 22:40:48.676] [Server thread/DEBUG] [mixin/]: Mixing server.ChunkMapAccessor from journeymap.mixins.json into net.minecraft.server.level.ChunkMap
[30Sep2026 22:40:48.676] [Server thread/DEBUG] [mixin/]: journeymap.mixins.json:server.ChunkMapAccessor from mod journeymap: Class version 65 required is higher than the class version supported by the current version of Mixin (JAVA_17 supports class version 61)
[30Sep2026 22:40:48.676] [Server thread/DEBUG] [mixin/]: Mixing server.MixinChunkMap from DistantHorizons.neoforge.mixins.json into net.minecraft.server.level.ChunkMap
[30Sep2026 22:40:48.683] [Server thread/DEBUG] [mixin/]: sable.mixins.json:plot.ChunkMapMixin from mod sable->@Inject::sable$getPlayers(Lnet/minecraft/world/level/ChunkPos;ZLorg/spongepowered/asm/mixin/injection/callback/CallbackInfoReturnable;)V does use it's CallbackInfoReturnable
[30Sep2026 22:40:48.683] [Server thread/DEBUG] [mixin/]: sable.mixins.json:plot.ChunkMapMixin from mod sable->@Inject::sable$saveChunkIfNeeded(Lnet/minecraft/server/level/ChunkHolder;Lorg/spongepowered/asm/mixin/injection/callback/CallbackInfoReturnable;)V does use it's CallbackInfoReturnable
[30Sep2026 22:40:48.683] [Server thread/DEBUG] [mixin/]: sable.mixins.json:plot.ChunkMapMixin from mod sable->@Inject::sable$anyPlayerCloseEnoughForSpawning(Lnet/minecraft/world/level/ChunkPos;Lorg/spongepowered/asm/mixin/injection/callback/CallbackInfoReturnable;)V does use it's CallbackInfoReturnable
[30Sep2026 22:40:48.683] [Server thread/DEBUG] [mixin/]: sable.mixins.json:plot.serialization.ChunkMapMixin from mod sable->@Inject::sable$init(Lnet/minecraft/server/level/ServerLevel;Lnet/minecraft/world/level/storage/LevelStorageSource$LevelStorageAccess;Lcom/mojang/datafixers/DataFixer;Lnet/minecraft/world/level/levelgen/structure/templatesystem/StructureTemplateManager;Ljava/util/concurrent/Executor;Lnet/minecraft/util/thread/BlockableEventLoop;Lnet/minecraft/world/level/chunk/LightChunkGetter;Lnet/minecraft/world/level/chunk/ChunkGenerator;Lnet/minecraft/server/level/progress/ChunkProgressListener;Lnet/minecraft/world/level/entity/ChunkStatusUpdateListener;Ljava/util/function/Supplier;IZLorg/spongepowered/asm/mixin/injection/callback/CallbackInfo;)V doesn't use it's CallbackInfo
[30Sep2026 22:40:48.683] [Server thread/DEBUG] [mixin/]: sable.mixins.json:plot.serialization.ChunkMapMixin from mod sable->@Inject::sable$init(Lnet/minecraft/server/level/ServerLevel;Lnet/minecraft/world/level/storage/LevelStorageSource$LevelStorageAccess;Lcom/mojang/datafixers/DataFixer;Lnet/minecraft/world/level/levelgen/structure/templatesystem/StructureTemplateManager;Ljava/util/concurrent/Executor;Lnet/minecraft/util/thread/BlockableEventLoop;Lnet/minecraft/world/level/chunk/LightChunkGetter;Lnet/minecraft/world/level/chunk/ChunkGenerator;Lnet/minecraft/server/level/progress/ChunkProgressListener;Lnet/minecraft/world/level/entity/ChunkStatusUpdateListener;Ljava/util/function/Supplier;IZLorg/spongepowered/asm/mixin/injection/callback/CallbackInfo;)V has 0 override(s) in child classes
[30Sep2026 22:40:48.683] [Server thread/DEBUG] [mixin/]: sable.mixins.json:plot.serialization.ChunkMapMixin from mod sable->@Inject::sable$init(Lnet/minecraft/server/level/ServerLevel;Lnet/minecraft/world/level/storage/LevelStorageSource$LevelStorageAccess;Lcom/mojang/datafixers/DataFixer;Lnet/minecraft/world/level/levelgen/structure/templatesystem/StructureTemplateManager;Ljava/util/concurrent/Executor;Lnet/minecraft/util/thread/BlockableEventLoop;Lnet/minecraft/world/level/chunk/LightChunkGetter;Lnet/minecraft/world/level/chunk/ChunkGenerator;Lnet/minecraft/server/level/progress/ChunkProgressListener;Lnet/minecraft/world/level/entity/ChunkStatusUpdateListener;Ljava/util/function/Supplier;IZLorg/spongepowered/asm/mixin/injection/callback/CallbackInfo;)V won't be passed a CallbackInfo as a result
[30Sep2026 22:40:48.683] [Server thread/DEBUG] [mixin/]: sable.mixins.json:plot.serialization.ChunkMapMixin from mod sable->@Inject::sable$onStatusChange(Lnet/minecraft/world/level/ChunkPos;Lnet/minecraft/server/level/FullChunkStatus;Lorg/spongepowered/asm/mixin/injection/callback/CallbackInfo;)V doesn't use it's CallbackInfo
[30Sep2026 22:40:48.683] [Server thread/DEBUG] [mixin/]: sable.mixins.json:plot.serialization.ChunkMapMixin from mod sable->@Inject::sable$onStatusChange(Lnet/minecraft/world/level/ChunkPos;Lnet/minecraft/server/level/FullChunkStatus;Lorg/spongepowered/asm/mixin/injection/callback/CallbackInfo;)V has 0 override(s) in child classes
[30Sep2026 22:40:48.683] [Server thread/DEBUG] [mixin/]: sable.mixins.json:plot.serialization.ChunkMapMixin from mod sable->@Inject::sable$onStatusChange(Lnet/minecraft/world/level/ChunkPos;Lnet/minecraft/server/level/FullChunkStatus;Lorg/spongepowered/asm/mixin/injection/callback/CallbackInfo;)V won't be passed a CallbackInfo as a result
[30Sep2026 22:40:48.683] [Server thread/DEBUG] [mixin/]: DistantHorizons.neoforge.mixins.json:server.MixinChunkMap from mod distanthorizons->@Inject::onChunkSave(Lnet/minecraft/world/level/chunk/ChunkAccess;Lorg/spongepowered/asm/mixin/injection/callback/CallbackInfoReturnable;)V does use it's CallbackInfoReturnable
[30Sep2026 22:40:48.683] [Server thread/DEBUG] [mixin/]: DistantHorizons.neoforge.mixins.json:server.MixinChunkMap from mod distanthorizons->@Inject::onChunkSave(Lnet/minecraft/world/level/chunk/ChunkAccess;Lorg/spongepowered/asm/mixin/injection/callback/CallbackInfoReturnable;)V does use it's CallbackInfoReturnable
[30Sep2026 22:40:48.683] [Server thread/DEBUG] [mixin/]: DistantHorizons.neoforge.mixins.json:server.MixinChunkMap from mod distanthorizons->@Inject::onChunkSave(Lnet/minecraft/world/level/chunk/ChunkAccess;Lorg/spongepowered/asm/mixin/injection/callback/CallbackInfoReturnable;)V does use it's CallbackInfoReturnable
[30Sep2026 22:40:48.683] [Server thread/DEBUG] [mixin/]: DistantHorizons.neoforge.mixins.json:server.MixinChunkMap from mod distanthorizons->@Inject::onChunkSave(Lnet/minecraft/world/level/chunk/ChunkAccess;Lorg/spongepowered/asm/mixin/injection/callback/CallbackInfoReturnable;)V does use it's CallbackInfoReturnable
[30Sep2026 22:40:48.683] [Server thread/DEBUG] [mixin/]: DistantHorizons.neoforge.mixins.json:server.MixinChunkMap from mod distanthorizons->@Inject::onChunkSave(Lnet/minecraft/world/level/chunk/ChunkAccess;Lorg/spongepowered/asm/mixin/injection/callback/CallbackInfoReturnable;)V does use it's CallbackInfoReturnable
[30Sep2026 22:40:48.856] [Server thread/DEBUG] [mixin/]: Mixing chunk_container_replacement.LevelChunkSectionMixin from sable.mixins.json into net.minecraft.world.level.chunk.LevelChunkSection
[30Sep2026 22:40:48.926] [Server thread/DEBUG] [mixin/]: Mixing sculk_vibrations.GameEventDispatcherMixin from sable.mixins.json into net.minecraft.world.level.gameevent.GameEventDispatcher
[30Sep2026 22:40:48.927] [Server thread/DEBUG] [mixin/]: Renaming synthetic method lambda$sable$visitShipListeners$0(Ldev/ryanhcode/sable/companion/math/BoundingBox3dc;Lcom/llamalad7/mixinextras/sugar/ref/LocalRef;Ldev/ryanhcode/sable/companion/math/BoundingBox3i;Lcom/llamalad7/mixinextras/injector/wrapoperation/Operation;Lnet/minecraft/core/Holder;Lnet/minecraft/world/phys/Vec3;Lnet/minecraft/world/level/gameevent/GameEvent$Context;Ldev/ryanhcode/sable/sublevel/SubLevel;)V to mded67c0$sable$lambda$sable$visitShipListeners$0$0 in sable.mixins.json:sculk_vibrations.GameEventDispatcherMixin from mod sable
[30Sep2026 22:40:48.931] [Server thread/DEBUG] [mixin/]: sable.mixins.json:sculk_vibrations.GameEventDispatcherMixin from mod sable->@Inject::sable$useBBIntersection(Lnet/minecraft/core/Holder;Lnet/minecraft/world/phys/Vec3;Lnet/minecraft/world/level/gameevent/GameEvent$Context;Lorg/spongepowered/asm/mixin/injection/callback/CallbackInfo;)V doesn't use it's CallbackInfo
[30Sep2026 22:40:48.932] [Server thread/DEBUG] [mixin/]: sable.mixins.json:sculk_vibrations.GameEventDispatcherMixin from mod sable->@Inject::sable$useBBIntersection(Lnet/minecraft/core/Holder;Lnet/minecraft/world/phys/Vec3;Lnet/minecraft/world/level/gameevent/GameEvent$Context;Lorg/spongepowered/asm/mixin/injection/callback/CallbackInfo;)V has 0 override(s) in child classes
[30Sep2026 22:40:48.932] [Server thread/DEBUG] [mixin/]: sable.mixins.json:sculk_vibrations.GameEventDispatcherMixin from mod sable->@Inject::sable$useBBIntersection(Lnet/minecraft/core/Holder;Lnet/minecraft/world/phys/Vec3;Lnet/minecraft/world/level/gameevent/GameEvent$Context;Lorg/spongepowered/asm/mixin/injection/callback/CallbackInfo;)V won't be passed a CallbackInfo as a result
[30Sep2026 22:40:49.014] [Server thread/DEBUG] [com.simibubi.create.Create/]: Prepared Redstone Network Space for minecraft:overworld
[30Sep2026 22:40:49.014] [Server thread/DEBUG] [com.simibubi.create.Create/]: Prepared Kinetic Network Space for minecraft:overworld
[30Sep2026 22:40:49.311] [Server thread/INFO] [DistantHorizons-DistantHorizons-com.seibel.distanthorizons.core.level.AbstractDhServerLevel/]: Started DhServerLevel for [Wrapped{ServerLevel[Create2024]@minecraft:overworld}] at [[LocalSaveStructure@(.\world\data)]].
[30Sep2026 22:40:49.329] [DH-Full Data Migration Thread[0]/INFO] [DistantHorizons-DistantHorizons-com.seibel.distanthorizons.core.file.fullDatafile.V2.DataMigratorV1/]: No migration necessary.
[30Sep2026 22:40:49.378] [Server thread/INFO] [dev.ryanhcode.sable.Sable/]: Creating physics pipeline for ResourceKey[minecraft:dimension / minecraft:the_end] using RapierPhysicsPipelineProvider
[30Sep2026 22:40:49.513] [Server thread/DEBUG] [com.simibubi.create.Create/]: Prepared Redstone Network Space for minecraft:the_end
[30Sep2026 22:40:49.513] [Server thread/DEBUG] [com.simibubi.create.Create/]: Prepared Kinetic Network Space for minecraft:the_end
[30Sep2026 22:40:49.524] [DH-Full Data Migration Thread[0]/INFO] [DistantHorizons-DistantHorizons-com.seibel.distanthorizons.core.file.fullDatafile.V2.DataMigratorV1/]: No migration necessary.
[30Sep2026 22:40:49.533] [Server thread/INFO] [DistantHorizons-DistantHorizons-com.seibel.distanthorizons.core.level.AbstractDhServerLevel/]: Started DhServerLevel for [Wrapped{ServerLevel[Create2024]@minecraft:the_end}] at [[LocalSaveStructure@(.\world\DIM1\data;.\world\data)]].
[30Sep2026 22:40:49.534] [Server thread/INFO] [dev.ryanhcode.sable.Sable/]: Creating physics pipeline for ResourceKey[minecraft:dimension / minecraft:the_nether] using RapierPhysicsPipelineProvider
[30Sep2026 22:40:49.574] [Server thread/DEBUG] [com.simibubi.create.Create/]: Prepared Redstone Network Space for minecraft:the_nether
[30Sep2026 22:40:49.574] [Server thread/DEBUG] [com.simibubi.create.Create/]: Prepared Kinetic Network Space for minecraft:the_nether
[30Sep2026 22:40:49.587] [DH-Full Data Migration Thread[0]/INFO] [DistantHorizons-DistantHorizons-com.seibel.distanthorizons.core.file.fullDatafile.V2.DataMigratorV1/]: No migration necessary.
[30Sep2026 22:40:49.592] [Server thread/INFO] [DistantHorizons-DistantHorizons-com.seibel.distanthorizons.core.level.AbstractDhServerLevel/]: Started DhServerLevel for [Wrapped{ServerLevel[Create2024]@minecraft:the_nether}] at [[LocalSaveStructure@(.\world\DIM-1\data;.\world\DIM1\data;.\world\data)]].
[30Sep2026 22:40:49.599] [Server thread/INFO] [net.minecraft.server.MinecraftServer/]: Preparing start region for dimension minecraft:overworld
[30Sep2026 22:40:49.910] [DH-Request Module Ticker [minecraft:overworld] Thread[0]/INFO] [DistantHorizons-DistantHorizons-com.seibel.distanthorizons.core.generation.BatchGenerator/]: Batch Chunk Generator initialized
[30Sep2026 22:40:49.915] [DH-Request Module Ticker [minecraft:overworld] Thread[0]/INFO] [DistantHorizons-DistantHorizons-com.seibel.distanthorizons.core.generation.queues.WorldGenerationQueue/]: Creating world gen queue
[30Sep2026 22:40:49.916] [DH-Request Module Ticker [minecraft:overworld] Thread[0]/INFO] [DistantHorizons-DistantHorizons-com.seibel.distanthorizons.core.generation.queues.WorldGenerationQueue/]: Created world gen queue
[30Sep2026 22:40:49.917] [DH-Request Module Ticker [minecraft:overworld] Thread[0]/INFO] [DistantHorizons-DistantHorizons-com.seibel.distanthorizons.core.file.fullDatafile.GeneratedFullDataSourceProvider/]: Set world gen queue for level [minecraft:overworld].
[30Sep2026 22:40:49.952] [Worker-Main-17/INFO] [net.minecraft.server.level.progress.LoggerChunkProgressListener/]: Preparing spawn area: 0%
[30Sep2026 22:40:50.028] [Server thread/DEBUG] [mixin/]: Mixing compatibility.create.airflow.AirCurrentMixin from sable-neoforge.mixins.json into com.simibubi.create.content.kinetics.fan.AirCurrent
[30Sep2026 22:40:50.030] [Server thread/DEBUG] [mixin/]: Mixing diving_boots.AirCurrentMixin from simulated.mixins.json into com.simibubi.create.content.kinetics.fan.AirCurrent
[30Sep2026 22:40:50.032] [Server thread/DEBUG] [mixin/]: sable-neoforge.mixins.json:compatibility.create.airflow.AirCurrentMixin from mod sable->@Inject::sable$updateSubLevel(Lorg/spongepowered/asm/mixin/injection/callback/CallbackInfo;)V doesn't use it's CallbackInfo
[30Sep2026 22:40:50.032] [Server thread/DEBUG] [mixin/]: sable-neoforge.mixins.json:compatibility.create.airflow.AirCurrentMixin from mod sable->@Inject::sable$updateSubLevel(Lorg/spongepowered/asm/mixin/injection/callback/CallbackInfo;)V has 0 override(s) in child classes
[30Sep2026 22:40:50.032] [Server thread/DEBUG] [mixin/]: sable-neoforge.mixins.json:compatibility.create.airflow.AirCurrentMixin from mod sable->@Inject::sable$updateSubLevel(Lorg/spongepowered/asm/mixin/injection/callback/CallbackInfo;)V won't be passed a CallbackInfo as a result
[30Sep2026 22:40:50.052] [DH-Request Module Ticker [minecraft:the_end] Thread[0]/INFO] [DistantHorizons-DistantHorizons-com.seibel.distanthorizons.core.generation.BatchGenerator/]: Batch Chunk Generator initialized
[30Sep2026 22:40:50.053] [DH-Request Module Ticker [minecraft:the_end] Thread[0]/INFO] [DistantHorizons-DistantHorizons-com.seibel.distanthorizons.core.generation.queues.WorldGenerationQueue/]: Creating world gen queue
[30Sep2026 22:40:50.053] [DH-Request Module Ticker [minecraft:the_end] Thread[0]/INFO] [DistantHorizons-DistantHorizons-com.seibel.distanthorizons.core.generation.queues.WorldGenerationQueue/]: Created world gen queue
[30Sep2026 22:40:50.054] [DH-Request Module Ticker [minecraft:the_end] Thread[0]/INFO] [DistantHorizons-DistantHorizons-com.seibel.distanthorizons.core.file.fullDatafile.GeneratedFullDataSourceProvider/]: Set world gen queue for level [minecraft:the_end].
[30Sep2026 22:40:50.110] [DH-Request Module Ticker [minecraft:the_nether] Thread[0]/INFO] [DistantHorizons-DistantHorizons-com.seibel.distanthorizons.core.generation.BatchGenerator/]: Batch Chunk Generator initialized
[30Sep2026 22:40:50.110] [DH-Request Module Ticker [minecraft:the_nether] Thread[0]/INFO] [DistantHorizons-DistantHorizons-com.seibel.distanthorizons.core.generation.queues.WorldGenerationQueue/]: Creating world gen queue
[30Sep2026 22:40:50.110] [DH-Request Module Ticker [minecraft:the_nether] Thread[0]/INFO] [DistantHorizons-DistantHorizons-com.seibel.distanthorizons.core.generation.queues.WorldGenerationQueue/]: Created world gen queue
[30Sep2026 22:40:50.111] [DH-Request Module Ticker [minecraft:the_nether] Thread[0]/INFO] [DistantHorizons-DistantHorizons-com.seibel.distanthorizons.core.file.fullDatafile.GeneratedFullDataSourceProvider/]: Set world gen queue for level [minecraft:the_nether].
[30Sep2026 22:40:50.157] [Server thread/DEBUG] [mixin/]: Mixing steam_vent.BoilerDataMixin from aeronautics.mixins.json into com.simibubi.create.content.fluids.tank.BoilerData
[30Sep2026 22:40:50.157] [Server thread/DEBUG] [mixin/]: aeronautics.mixins.json:steam_vent.BoilerDataMixin from mod aeronautics: Class version 65 required is higher than the class version supported by the current version of Mixin (JAVA_18 supports class version 62)
[30Sep2026 22:40:50.161] [Server thread/DEBUG] [mixin/]: Mixing compatibility.create.fluid_tank_heating.BoilerDataMixin from sable-neoforge.mixins.json into com.simibubi.create.content.fluids.tank.BoilerData
[30Sep2026 22:40:50.161] [Server thread/DEBUG] [mixin/]: Renaming synthetic method lambda$sable$subLevelHeating$0(Lcom/llamalad7/mixinextras/injector/wrapoperation/Operation;Lnet/minecraft/world/level/Level;Ldev/ryanhcode/sable/sublevel/SubLevel;Lnet/minecraft/core/BlockPos;)Ljava/lang/Float; to mded67c0$sable$lambda$sable$subLevelHeating$0$0 in sable-neoforge.mixins.json:compatibility.create.fluid_tank_heating.BoilerDataMixin from mod sable
[30Sep2026 22:40:50.170] [Server thread/DEBUG] [mixin/]: aeronautics.mixins.json:steam_vent.BoilerDataMixin from mod aeronautics->@Inject::aeronautics$countVents1(Lcom/simibubi/create/content/fluids/tank/FluidTankBlockEntity;Lorg/spongepowered/asm/mixin/injection/callback/CallbackInfoReturnable;)V doesn't use it's CallbackInfoReturnable
[30Sep2026 22:40:50.170] [Server thread/DEBUG] [mixin/]: aeronautics.mixins.json:steam_vent.BoilerDataMixin from mod aeronautics->@Inject::aeronautics$countVents1(Lcom/simibubi/create/content/fluids/tank/FluidTankBlockEntity;Lorg/spongepowered/asm/mixin/injection/callback/CallbackInfoReturnable;)V has 0 override(s) in child classes
[30Sep2026 22:40:50.170] [Server thread/DEBUG] [mixin/]: aeronautics.mixins.json:steam_vent.BoilerDataMixin from mod aeronautics->@Inject::aeronautics$countVents1(Lcom/simibubi/create/content/fluids/tank/FluidTankBlockEntity;Lorg/spongepowered/asm/mixin/injection/callback/CallbackInfoReturnable;)V won't be passed a CallbackInfoReturnable as a result
[30Sep2026 22:40:50.170] [Server thread/DEBUG] [mixin/]: aeronautics.mixins.json:steam_vent.BoilerDataMixin from mod aeronautics->@Inject::aeronautics$countVents2(Lcom/simibubi/create/content/fluids/tank/FluidTankBlockEntity;Lorg/spongepowered/asm/mixin/injection/callback/CallbackInfoReturnable;)V doesn't use it's CallbackInfoReturnable
[30Sep2026 22:40:50.170] [Server thread/DEBUG] [mixin/]: aeronautics.mixins.json:steam_vent.BoilerDataMixin from mod aeronautics->@Inject::aeronautics$countVents2(Lcom/simibubi/create/content/fluids/tank/FluidTankBlockEntity;Lorg/spongepowered/asm/mixin/injection/callback/CallbackInfoReturnable;)V has 0 override(s) in child classes
[30Sep2026 22:40:50.170] [Server thread/DEBUG] [mixin/]: aeronautics.mixins.json:steam_vent.BoilerDataMixin from mod aeronautics->@Inject::aeronautics$countVents2(Lcom/simibubi/create/content/fluids/tank/FluidTankBlockEntity;Lorg/spongepowered/asm/mixin/injection/callback/CallbackInfoReturnable;)V won't be passed a CallbackInfoReturnable as a result
[30Sep2026 22:40:50.170] [Server thread/DEBUG] [mixin/]: aeronautics.mixins.json:steam_vent.BoilerDataMixin from mod aeronautics->@Inject::aeronautics$reformatBoilerTooltip(Ljava/util/List;ZILorg/spongepowered/asm/mixin/injection/callback/CallbackInfoReturnable;)V does use it's CallbackInfoReturnable
[30Sep2026 22:40:50.170] [Server thread/DEBUG] [mixin/]: aeronautics.mixins.json:steam_vent.BoilerDataMixin from mod aeronautics->@Inject::aeronautics$clearVents(Lorg/spongepowered/asm/mixin/injection/callback/CallbackInfo;)V doesn't use it's CallbackInfo
[30Sep2026 22:40:50.170] [Server thread/DEBUG] [mixin/]: aeronautics.mixins.json:steam_vent.BoilerDataMixin from mod aeronautics->@Inject::aeronautics$clearVents(Lorg/spongepowered/asm/mixin/injection/callback/CallbackInfo;)V has 0 override(s) in child classes
[30Sep2026 22:40:50.170] [Server thread/DEBUG] [mixin/]: aeronautics.mixins.json:steam_vent.BoilerDataMixin from mod aeronautics->@Inject::aeronautics$clearVents(Lorg/spongepowered/asm/mixin/injection/callback/CallbackInfo;)V won't be passed a CallbackInfo as a result
[30Sep2026 22:40:50.170] [Server thread/DEBUG] [mixin/]: aeronautics.mixins.json:steam_vent.BoilerDataMixin from mod aeronautics->@Inject::aeronautics$writeVentData(Lorg/spongepowered/asm/mixin/injection/callback/CallbackInfoReturnable;)V doesn't use it's CallbackInfoReturnable
[30Sep2026 22:40:50.170] [Server thread/DEBUG] [mixin/]: aeronautics.mixins.json:steam_vent.BoilerDataMixin from mod aeronautics->@Inject::aeronautics$writeVentData(Lorg/spongepowered/asm/mixin/injection/callback/CallbackInfoReturnable;)V has 0 override(s) in child classes
[30Sep2026 22:40:50.170] [Server thread/DEBUG] [mixin/]: aeronautics.mixins.json:steam_vent.BoilerDataMixin from mod aeronautics->@Inject::aeronautics$writeVentData(Lorg/spongepowered/asm/mixin/injection/callback/CallbackInfoReturnable;)V won't be passed a CallbackInfoReturnable as a result
[30Sep2026 22:40:50.171] [Server thread/DEBUG] [mixin/]: aeronautics.mixins.json:steam_vent.BoilerDataMixin from mod aeronautics->@Inject::aeronautics$readVentData(Lnet/minecraft/nbt/CompoundTag;ILorg/spongepowered/asm/mixin/injection/callback/CallbackInfo;)V doesn't use it's CallbackInfo
[30Sep2026 22:40:50.171] [Server thread/DEBUG] [mixin/]: aeronautics.mixins.json:steam_vent.BoilerDataMixin from mod aeronautics->@Inject::aeronautics$readVentData(Lnet/minecraft/nbt/CompoundTag;ILorg/spongepowered/asm/mixin/injection/callback/CallbackInfo;)V has 0 override(s) in child classes
[30Sep2026 22:40:50.171] [Server thread/DEBUG] [mixin/]: aeronautics.mixins.json:steam_vent.BoilerDataMixin from mod aeronautics->@Inject::aeronautics$readVentData(Lnet/minecraft/nbt/CompoundTag;ILorg/spongepowered/asm/mixin/injection/callback/CallbackInfo;)V won't be passed a CallbackInfo as a result
[30Sep2026 22:40:50.171] [Server thread/DEBUG] [mixin/]: sable-neoforge.mixins.json:compatibility.create.fluid_tank_heating.BoilerDataMixin from mod sable->@Inject::sable$forceUpdateHeatIfDisconnected(Lcom/simibubi/create/content/fluids/tank/FluidTankBlockEntity;Lorg/spongepowered/asm/mixin/injection/callback/CallbackInfo;)V doesn't use it's CallbackInfo
[30Sep2026 22:40:50.171] [Server thread/DEBUG] [mixin/]: sable-neoforge.mixins.json:compatibility.create.fluid_tank_heating.BoilerDataMixin from mod sable->@Inject::sable$forceUpdateHeatIfDisconnected(Lcom/simibubi/create/content/fluids/tank/FluidTankBlockEntity;Lorg/spongepowered/asm/mixin/injection/callback/CallbackInfo;)V has 0 override(s) in child classes
[30Sep2026 22:40:50.171] [Server thread/DEBUG] [mixin/]: sable-neoforge.mixins.json:compatibility.create.fluid_tank_heating.BoilerDataMixin from mod sable->@Inject::sable$forceUpdateHeatIfDisconnected(Lcom/simibubi/create/content/fluids/tank/FluidTankBlockEntity;Lorg/spongepowered/asm/mixin/injection/callback/CallbackInfo;)V won't be passed a CallbackInfo as a result
[30Sep2026 22:40:50.205] [Server thread/DEBUG] [mixin/]: Mixing compatibility.create.fluid_handling.OpenEndedPipeMixin from sable-neoforge.mixins.json into com.simibubi.create.content.fluids.OpenEndedPipe
[30Sep2026 22:40:50.208] [Server thread/DEBUG] [mixin/]: sable-neoforge.mixins.json:compatibility.create.fluid_handling.OpenEndedPipeMixin from mod sable->@Inject::sable$saveCurrentPos(Lnet/createmod/catnip/math/BlockFace;Lorg/spongepowered/asm/mixin/injection/callback/CallbackInfo;)V doesn't use it's CallbackInfo
[30Sep2026 22:40:50.208] [Server thread/DEBUG] [mixin/]: sable-neoforge.mixins.json:compatibility.create.fluid_handling.OpenEndedPipeMixin from mod sable->@Inject::sable$saveCurrentPos(Lnet/createmod/catnip/math/BlockFace;Lorg/spongepowered/asm/mixin/injection/callback/CallbackInfo;)V has 0 override(s) in child classes
[30Sep2026 22:40:50.208] [Server thread/DEBUG] [mixin/]: sable-neoforge.mixins.json:compatibility.create.fluid_handling.OpenEndedPipeMixin from mod sable->@Inject::sable$saveCurrentPos(Lnet/createmod/catnip/math/BlockFace;Lorg/spongepowered/asm/mixin/injection/callback/CallbackInfo;)V won't be passed a CallbackInfo as a result
[30Sep2026 22:40:50.507] [Server thread/DEBUG] [mixin/]: Mixing entity.entity_pathfinding.WalkNodeEvaluatorMixin from sable.mixins.json into net.minecraft.world.level.pathfinder.WalkNodeEvaluator
[30Sep2026 22:40:50.512] [Server thread/DEBUG] [mixin/]: sable.mixins.json:entity.entity_pathfinding.WalkNodeEvaluatorMixin from mod sable->@Inject::sable$init(Lorg/spongepowered/asm/mixin/injection/callback/CallbackInfoReturnable;)V doesn't use it's CallbackInfoReturnable
[30Sep2026 22:40:50.512] [Server thread/DEBUG] [mixin/]: sable.mixins.json:entity.entity_pathfinding.WalkNodeEvaluatorMixin from mod sable->@Inject::sable$init(Lorg/spongepowered/asm/mixin/injection/callback/CallbackInfoReturnable;)V has 0 override(s) in child classes
[30Sep2026 22:40:50.512] [Server thread/DEBUG] [mixin/]: sable.mixins.json:entity.entity_pathfinding.WalkNodeEvaluatorMixin from mod sable->@Inject::sable$init(Lorg/spongepowered/asm/mixin/injection/callback/CallbackInfoReturnable;)V won't be passed a CallbackInfoReturnable as a result
[30Sep2026 22:40:50.512] [Server thread/DEBUG] [mixin/]: sable.mixins.json:entity.entity_pathfinding.WalkNodeEvaluatorMixin from mod sable->@Inject::sable$canReachWithoutCollision(Lorg/spongepowered/asm/mixin/injection/callback/CallbackInfoReturnable;)V doesn't use it's CallbackInfoReturnable
[30Sep2026 22:40:50.512] [Server thread/DEBUG] [mixin/]: sable.mixins.json:entity.entity_pathfinding.WalkNodeEvaluatorMixin from mod sable->@Inject::sable$canReachWithoutCollision(Lorg/spongepowered/asm/mixin/injection/callback/CallbackInfoReturnable;)V has 0 override(s) in child classes
[30Sep2026 22:40:50.512] [Server thread/DEBUG] [mixin/]: sable.mixins.json:entity.entity_pathfinding.WalkNodeEvaluatorMixin from mod sable->@Inject::sable$canReachWithoutCollision(Lorg/spongepowered/asm/mixin/injection/callback/CallbackInfoReturnable;)V won't be passed a CallbackInfoReturnable as a result
[30Sep2026 22:40:50.543] [Server thread/DEBUG] [mixin/]: Mixing ProjectileUtilMixin from create.mixins.json into net.minecraft.world.entity.projectile.ProjectileUtil
[30Sep2026 22:40:50.543] [Server thread/DEBUG] [mixin/]: Mixing entity.entity_interaction.ProjectileUtilMixin from sable.mixins.json into net.minecraft.world.entity.projectile.ProjectileUtil
[30Sep2026 22:40:50.561] [Server thread/DEBUG] [mixin/]: Mixing BeehiveBlockEntity$BeeDataAccess from wthit.mixins.json into net.minecraft.world.level.block.entity.BeehiveBlockEntity$BeeData
[30Sep2026 22:40:50.561] [Server thread/DEBUG] [mixin/]: wthit.mixins.json:BeehiveBlockEntity$BeeDataAccess from mod wthit: Class version 65 required is higher than the class version supported by the current version of Mixin (JAVA_16 supports class version 60)
[30Sep2026 22:40:50.616] [Server thread/DEBUG] [mixin/]: Mixing entity.entity_pathfinding.FlyNodeEvaluatorMixin from sable.mixins.json into net.minecraft.world.level.pathfinder.FlyNodeEvaluator
[30Sep2026 22:40:50.623] [Server thread/DEBUG] [mixin/]: sable.mixins.json:entity.entity_pathfinding.FlyNodeEvaluatorMixin from mod sable->@Inject::sable$init(Lorg/spongepowered/asm/mixin/injection/callback/CallbackInfoReturnable;)V doesn't use it's CallbackInfoReturnable
[30Sep2026 22:40:50.623] [Server thread/DEBUG] [mixin/]: sable.mixins.json:entity.entity_pathfinding.FlyNodeEvaluatorMixin from mod sable->@Inject::sable$init(Lorg/spongepowered/asm/mixin/injection/callback/CallbackInfoReturnable;)V has 0 override(s) in child classes
[30Sep2026 22:40:50.623] [Server thread/DEBUG] [mixin/]: sable.mixins.json:entity.entity_pathfinding.FlyNodeEvaluatorMixin from mod sable->@Inject::sable$init(Lorg/spongepowered/asm/mixin/injection/callback/CallbackInfoReturnable;)V won't be passed a CallbackInfoReturnable as a result
[30Sep2026 22:40:50.634] [Server thread/DEBUG] [mixin/]: Mixing sculk_vibrations.VibrationSystemListenerMixin from sable.mixins.json into net.minecraft.world.level.gameevent.vibrations.VibrationSystem$Listener
[30Sep2026 22:40:50.644] [Server thread/DEBUG] [mixin/]: Mixing sculk_vibrations.EuclideanGameEventListenerRegistryMixin from sable.mixins.json into net.minecraft.world.level.gameevent.EuclideanGameEventListenerRegistry
[30Sep2026 22:40:50.676] [Server thread/DEBUG] [com.hlysine.create_power_loader.content.ChunkLoadManager/]: CPL: Inspecting level minecraft:overworld position -188, 69, -19 which has 0 non-ticking tickets and 9 ticking tickets.
[30Sep2026 22:40:50.678] [Server thread/DEBUG] [com.hlysine.create_power_loader.content.ChunkLoadManager/]: CPL: level minecraft:overworld position -188, 69, -19 reclaimed 9 chunks.
[30Sep2026 22:40:50.678] [Server thread/DEBUG] [com.hlysine.create_power_loader.content.ChunkLoadManager/]: CPL: Inspecting level minecraft:overworld position -274, 13, -15 which has 0 non-ticking tickets and 25 ticking tickets.
[30Sep2026 22:40:50.711] [Worker-Main-17/INFO] [net.minecraft.server.level.progress.LoggerChunkProgressListener/]: Preparing spawn area: 100%
[30Sep2026 22:40:50.711] [Worker-Main-17/INFO] [net.minecraft.server.level.progress.LoggerChunkProgressListener/]: Preparing spawn area: 100%
[30Sep2026 22:40:50.729] [Server thread/DEBUG] [com.hlysine.create_power_loader.content.ChunkLoadManager/]: CPL: level minecraft:overworld position -274, 13, -15 reclaimed 25 chunks.
[30Sep2026 22:40:50.805] [Server thread/INFO] [net.minecraft.server.level.progress.LoggerChunkProgressListener/]: Time elapsed: 1205 ms
[30Sep2026 22:40:50.806] [Server thread/INFO] [net.minecraft.server.dedicated.DedicatedServer/]: Done (3.256s)! For help, type "help"
[30Sep2026 22:40:50.811] [Server thread/DEBUG] [net.neoforged.neoforge.network.DualStackUtils/]: Detected IPv6 address: "0:0:0:0:0:0:0:0"
[30Sep2026 22:40:50.847] [Server thread/DEBUG] [net.neoforged.neoforge.server.LanguageHook/]: Loaded 26 language files for en_us
[30Sep2026 22:40:50.855] [Server thread/INFO] [net.neoforged.neoforge.server.permission.PermissionAPI/]: Successfully initialized permission handler neoforge:default_handler
[30Sep2026 22:40:50.867] [Server thread/INFO] [mcp.mobius.waila.config.PluginConfig/]: [WTHIT] Plugin config reloaded
[30Sep2026 22:40:50.870] [Server thread/INFO] [journeymap/]: Loaded null for service interface journeymap.api.services.WebMapService
[30Sep2026 22:40:50.870] [Server thread/INFO] [journeymap/]: Loaded journeymap.common.helpers.NeoForgeClientHooks@415455ca for service interface journeymap.api.services.ClientPlatformService
[30Sep2026 22:40:50.872] [Server thread/INFO] [journeymap/]: Loaded journeymap.common.helpers.NeoForgeHooks@1a3295bd for service interface journeymap.api.services.CommonPlatformService
[30Sep2026 22:40:50.888] [Server thread/INFO] [journeymap/]: Found @JourneyMapPlugin: journeymap.api.plugins.LoadedChunkOverlayPlugin
[30Sep2026 22:40:50.897] [Server thread/DEBUG] [mixin/]: Mixing compatibility.computercraft.WirelessNetworkMixin from sable.mixins.json into dan200.computercraft.shared.peripheral.modem.wireless.WirelessNetwork
[30Sep2026 22:40:50.919] [Server thread/INFO] [journeymap/]: Initialized IJourneyMapPlugin as:journeymap.api.plugins.LoadedChunkOverlayPlugin: for:journeymap_chunk_overlay
[30Sep2026 22:40:51.332] [Server thread/DEBUG] [mixin/]: Mixing entity.entity_tracking.TrackedEntityMixin from sable.mixins.json into net.minecraft.server.level.ChunkMap$TrackedEntity
[30Sep2026 22:40:51.461] [Server thread/DEBUG] [mixin/]: Mixing entity.entities_stick_sublevels.packet_mixin.ClientboundMoveEntityPacketPosMixin from sable.mixins.json into net.minecraft.network.protocol.game.ClientboundMoveEntityPacket$Pos
[30Sep2026 22:40:51.463] [Server thread/DEBUG] [mixin/]: sable.mixins.json:entity.entities_stick_sublevels.packet_mixin.ClientboundMoveEntityPacketPosMixin from mod sable->@Inject::sable$writeActuallyInSubLevel(Lnet/minecraft/network/FriendlyByteBuf;Lorg/spongepowered/asm/mixin/injection/callback/CallbackInfo;)V doesn't use it's CallbackInfo
[30Sep2026 22:40:51.463] [Server thread/DEBUG] [mixin/]: sable.mixins.json:entity.entities_stick_sublevels.packet_mixin.ClientboundMoveEntityPacketPosMixin from mod sable->@Inject::sable$writeActuallyInSubLevel(Lnet/minecraft/network/FriendlyByteBuf;Lorg/spongepowered/asm/mixin/injection/callback/CallbackInfo;)V has 0 override(s) in child classes
[30Sep2026 22:40:51.463] [Server thread/DEBUG] [mixin/]: sable.mixins.json:entity.entities_stick_sublevels.packet_mixin.ClientboundMoveEntityPacketPosMixin from mod sable->@Inject::sable$writeActuallyInSubLevel(Lnet/minecraft/network/FriendlyByteBuf;Lorg/spongepowered/asm/mixin/injection/callback/CallbackInfo;)V won't be passed a CallbackInfo as a result
[30Sep2026 22:40:51.463] [Server thread/DEBUG] [mixin/]: sable.mixins.json:entity.entities_stick_sublevels.packet_mixin.ClientboundMoveEntityPacketPosMixin from mod sable->@Inject::sable$readActuallyInSubLevel(Lnet/minecraft/network/FriendlyByteBuf;Lorg/spongepowered/asm/mixin/injection/callback/CallbackInfoReturnable;)V does use it's CallbackInfoReturnable
[30Sep2026 22:40:51.476] [Server thread/DEBUG] [mixin/]: Mixing compatibility.create.toolbox.ToolboxHandlerMixin from sable-neoforge.mixins.json into com.simibubi.create.content.equipment.toolbox.ToolboxHandler
[30Sep2026 22:40:51.477] [Server thread/DEBUG] [mixin/]: Renaming synthetic method lambda$sable$getNearestToolBoxRedirect$1(Lnet/minecraft/world/level/LevelAccessor;Lnet/minecraft/world/phys/Vec3;Lnet/minecraft/core/BlockPos;)D to mded67c0$sable$lambda$sable$getNearestToolBoxRedirect$1$0 in sable-neoforge.mixins.json:compatibility.create.toolbox.ToolboxHandlerMixin from mod sable
[30Sep2026 22:40:51.477] [Server thread/DEBUG] [mixin/]: Renaming synthetic method lambda$sable$getNearestToolBoxRedirect$0(Lnet/minecraft/world/level/LevelAccessor;Lnet/minecraft/world/phys/Vec3;DLnet/minecraft/core/BlockPos;)Z to mded67c0$sable$lambda$sable$getNearestToolBoxRedirect$0$1 in sable-neoforge.mixins.json:compatibility.create.toolbox.ToolboxHandlerMixin from mod sable
[30Sep2026 22:40:51.482] [Server thread/DEBUG] [mixin/]: sable-neoforge.mixins.json:compatibility.create.toolbox.ToolboxHandlerMixin from mod sable->@Inject::sable$withinRangeToolBoxRedirect(Lnet/minecraft/world/entity/player/Player;Lcom/simibubi/create/content/equipment/toolbox/ToolboxBlockEntity;Lorg/spongepowered/asm/mixin/injection/callback/CallbackInfoReturnable;)V does use it's CallbackInfoReturnable
[30Sep2026 22:40:51.483] [Server thread/DEBUG] [mixin/]: sable-neoforge.mixins.json:compatibility.create.toolbox.ToolboxHandlerMixin from mod sable->@Inject::sable$getNearestToolBoxRedirect(Lnet/minecraft/world/level/LevelAccessor;Lnet/minecraft/world/entity/player/Player;ILorg/spongepowered/asm/mixin/injection/callback/CallbackInfoReturnable;)V does use it's CallbackInfoReturnable
[30Sep2026 22:40:51.539] [Server thread/DEBUG] [mixin/]: Mixing extra_kinetics.RotationPropagatorMixin from simulated.mixins.json into com.simibubi.create.content.kinetics.RotationPropagator
[30Sep2026 22:40:51.542] [Server thread/DEBUG] [mixin/]: Mixing RotationPropagatorMixin from offroad.mixins.json into com.simibubi.create.content.kinetics.RotationPropagator
[30Sep2026 22:40:51.544] [Server thread/DEBUG] [mixin/]: offroad.mixins.json:RotationPropagatorMixin from mod offroad: Class version 65 required is higher than the class version supported by the current version of Mixin (JAVA_18 supports class version 62)
[30Sep2026 22:40:51.544] [Server thread/DEBUG] [mixin/]: Mixing flicker_tally_removal.RotationPropagatorMixin from simulated.mixins.json into com.simibubi.create.content.kinetics.RotationPropagator
[30Sep2026 22:40:51.576] [Server thread/DEBUG] [mixin/]: simulated.mixins.json:extra_kinetics.RotationPropagatorMixin from mod simulated->@Inject::simulated$addExtraKineticsBlockEntities(Lcom/simibubi/create/content/kinetics/base/KineticBlockEntity;Lorg/spongepowered/asm/mixin/injection/callback/CallbackInfoReturnable;)V does use it's CallbackInfoReturnable
[30Sep2026 22:40:51.577] [Server thread/DEBUG] [mixin/]: simulated.mixins.json:extra_kinetics.RotationPropagatorMixin from mod simulated->@Inject::simulated$getExtraKineticsBlockPositions(Lcom/simibubi/create/content/kinetics/base/KineticBlockEntity;Lorg/spongepowered/asm/mixin/injection/callback/CallbackInfoReturnable;)V does use it's CallbackInfoReturnable
[30Sep2026 22:40:51.839] [Server thread/INFO] [com.simibubi.create.Create/]: RecipeTrie of depth 3 with 109 nodes built with 117 variants, 107 ingredients, and 105 recipes
[30Sep2026 22:40:52.185] [ComputerCraft-Computer-Worker-0/DEBUG] [dan200.computercraft.core.asm.Generator/]: Generating method wrapper for dan200.computercraft.core.apis.TermAPI.nativePaletteColour.
[30Sep2026 22:40:52.189] [ComputerCraft-Computer-Worker-0/DEBUG] [dan200.computercraft.core.asm.Generator/]: Generating method wrapper for dan200.computercraft.core.apis.TermMethods.clear.
[30Sep2026 22:40:52.191] [ComputerCraft-Computer-Worker-0/DEBUG] [dan200.computercraft.core.asm.Generator/]: Generating method wrapper for dan200.computercraft.core.apis.TermMethods.write.
[30Sep2026 22:40:52.228] [ComputerCraft-Computer-Worker-0/DEBUG] [dan200.computercraft.core.asm.Generator/]: Generating method wrapper for dan200.computercraft.core.apis.TermMethods.getSize.
[30Sep2026 22:40:52.230] [ComputerCraft-Computer-Worker-0/DEBUG] [dan200.computercraft.core.asm.Generator/]: Generating method wrapper for dan200.computercraft.core.apis.TermMethods.getCursorPos.
[30Sep2026 22:40:52.231] [ComputerCraft-Computer-Worker-0/DEBUG] [dan200.computercraft.core.asm.Generator/]: Generating method wrapper for dan200.computercraft.core.apis.TermMethods.getBackgroundColour.
[30Sep2026 22:40:52.232] [ComputerCraft-Computer-Worker-0/DEBUG] [dan200.computercraft.core.asm.Generator/]: Generating method wrapper for dan200.computercraft.core.apis.TermMethods.setBackgroundColour.
[30Sep2026 22:40:52.235] [ComputerCraft-Computer-Worker-0/DEBUG] [dan200.computercraft.core.asm.Generator/]: Generating method wrapper for dan200.computercraft.core.apis.TermMethods.setPaletteColour.
[30Sep2026 22:40:52.236] [ComputerCraft-Computer-Worker-0/DEBUG] [dan200.computercraft.core.asm.Generator/]: Generating method wrapper for dan200.computercraft.core.apis.TermMethods.getPaletteColour.
[30Sep2026 22:40:52.237] [ComputerCraft-Computer-Worker-0/DEBUG] [dan200.computercraft.core.asm.Generator/]: Generating method wrapper for dan200.computercraft.core.apis.TermMethods.getIsColour.
[30Sep2026 22:40:52.237] [ComputerCraft-Computer-Worker-0/DEBUG] [dan200.computercraft.core.asm.Generator/]: Generating method wrapper for dan200.computercraft.core.apis.TermMethods.clearLine.
[30Sep2026 22:40:52.237] [ComputerCraft-Computer-Worker-0/DEBUG] [dan200.computercraft.core.asm.Generator/]: Generating method wrapper for dan200.computercraft.core.apis.TermMethods.blit.
[30Sep2026 22:40:52.243] [Server thread/DEBUG] [mixin/]: Mixing MixinCustomPacketPayload_1 from badpackets.mixins.json into net.minecraft.network.protocol.common.custom.CustomPacketPayload$1
[30Sep2026 22:40:52.244] [Server thread/DEBUG] [mixin/]: badpackets.mixins.json:MixinCustomPacketPayload_1 from mod badpackets: Class version 65 required is higher than the class version supported by the current version of Mixin (JAVA_16 supports class version 60)
[30Sep2026 22:40:52.246] [ComputerCraft-Computer-Worker-0/DEBUG] [dan200.computercraft.core.asm.Generator/]: Generating method wrapper for dan200.computercraft.core.apis.TermMethods.scroll.
[30Sep2026 22:40:52.246] [ComputerCraft-Computer-Worker-0/DEBUG] [dan200.computercraft.core.asm.Generator/]: Generating method wrapper for dan200.computercraft.core.apis.TermMethods.setCursorBlink.
[30Sep2026 22:40:52.247] [ComputerCraft-Computer-Worker-0/DEBUG] [dan200.computercraft.core.asm.Generator/]: Generating method wrapper for dan200.computercraft.core.apis.TermMethods.getTextColour.
[30Sep2026 22:40:52.247] [ComputerCraft-Computer-Worker-0/DEBUG] [dan200.computercraft.core.asm.Generator/]: Generating method wrapper for dan200.computercraft.core.apis.TermMethods.getCursorBlink.
[30Sep2026 22:40:52.247] [Server thread/DEBUG] [mixin/]: badpackets.mixins.json:MixinCustomPacketPayload_1 from mod badpackets->@Inject::badpackets_encode(Lnet/minecraft/network/FriendlyByteBuf;Lnet/minecraft/network/protocol/common/custom/CustomPacketPayload$Type;Lnet/minecraft/network/protocol/common/custom/CustomPacketPayload;Lorg/spongepowered/asm/mixin/injection/callback/CallbackInfo;)V does use it's CallbackInfo
[30Sep2026 22:40:52.247] [Server thread/DEBUG] [mixin/]: badpackets.mixins.json:MixinCustomPacketPayload_1 from mod badpackets->@Inject::badpackets_decode(Lnet/minecraft/network/FriendlyByteBuf;Lorg/spongepowered/asm/mixin/injection/callback/CallbackInfoReturnable;Lnet/minecraft/resources/ResourceLocation;)V does use it's CallbackInfoReturnable
[30Sep2026 22:40:52.248] [ComputerCraft-Computer-Worker-0/DEBUG] [dan200.computercraft.core.asm.Generator/]: Generating method wrapper for dan200.computercraft.core.apis.TermMethods.setCursorPos.
[30Sep2026 22:40:52.253] [ComputerCraft-Computer-Worker-0/DEBUG] [dan200.computercraft.core.asm.Generator/]: Generating method wrapper for dan200.computercraft.core.apis.TermMethods.setTextColour.
[30Sep2026 22:40:52.254] [ComputerCraft-Computer-Worker-0/DEBUG] [dan200.computercraft.core.asm.Generator/]: Skipping bridge Lua Method dan200.computercraft.shared.peripheral.generic.methods.InventoryMethods.pushItems
[30Sep2026 22:40:52.254] [ComputerCraft-Computer-Worker-0/DEBUG] [dan200.computercraft.core.asm.Generator/]: Skipping bridge Lua Method dan200.computercraft.shared.peripheral.generic.methods.InventoryMethods.pullItems
[30Sep2026 22:40:52.254] [ComputerCraft-Computer-Worker-0/DEBUG] [dan200.computercraft.core.asm.Generator/]: Skipping bridge Lua Method dan200.computercraft.shared.peripheral.generic.methods.InventoryMethods.size
[30Sep2026 22:40:52.254] [ComputerCraft-Computer-Worker-0/DEBUG] [dan200.computercraft.core.asm.Generator/]: Skipping bridge Lua Method dan200.computercraft.shared.peripheral.generic.methods.InventoryMethods.list
[30Sep2026 22:40:52.254] [ComputerCraft-Computer-Worker-0/DEBUG] [dan200.computercraft.core.asm.Generator/]: Skipping bridge Lua Method dan200.computercraft.shared.peripheral.generic.methods.InventoryMethods.getItemDetail
[30Sep2026 22:40:52.254] [ComputerCraft-Computer-Worker-0/DEBUG] [dan200.computercraft.core.asm.Generator/]: Skipping bridge Lua Method dan200.computercraft.shared.peripheral.generic.methods.InventoryMethods.getItemLimit
[30Sep2026 22:40:52.254] [ComputerCraft-Computer-Worker-0/DEBUG] [dan200.computercraft.core.asm.Generator/]: Skipping bridge Lua Method dan200.computercraft.shared.peripheral.generic.methods.FluidMethods.pushFluid
[30Sep2026 22:40:52.254] [ComputerCraft-Computer-Worker-0/DEBUG] [dan200.computercraft.core.asm.Generator/]: Skipping bridge Lua Method dan200.computercraft.shared.peripheral.generic.methods.FluidMethods.pullFluid
[30Sep2026 22:40:52.254] [ComputerCraft-Computer-Worker-0/DEBUG] [dan200.computercraft.core.asm.Generator/]: Skipping bridge Lua Method dan200.computercraft.shared.peripheral.generic.methods.FluidMethods.tanks
[30Sep2026 22:40:52.254] [ComputerCraft-Computer-Worker-0/DEBUG] [dan200.computercraft.core.asm.Generator/]: Skipping bridge Lua Method dan200.computercraft.shared.peripheral.generic.methods.EnergyMethods.getEnergy
[30Sep2026 22:40:52.254] [ComputerCraft-Computer-Worker-0/DEBUG] [dan200.computercraft.core.asm.Generator/]: Skipping bridge Lua Method dan200.computercraft.shared.peripheral.generic.methods.EnergyMethods.getEnergyCapacity
[30Sep2026 22:40:52.258] [ComputerCraft-Computer-Worker-0/DEBUG] [dan200.computercraft.core.asm.Generator/]: Generating method wrapper for dan200.computercraft.core.apis.RedstoneAPI.getSides.
[30Sep2026 22:40:52.258] [ComputerCraft-Computer-Worker-0/DEBUG] [dan200.computercraft.core.asm.Generator/]: Generating method wrapper for dan200.computercraft.core.apis.RedstoneMethods.getOutput.
[30Sep2026 22:40:52.266] [ComputerCraft-Computer-Worker-0/DEBUG] [dan200.computercraft.core.asm.Generator/]: Generating method wrapper for dan200.computercraft.core.apis.RedstoneMethods.setAnalogOutput.
[30Sep2026 22:40:52.269] [ComputerCraft-Computer-Worker-0/DEBUG] [dan200.computercraft.core.asm.Generator/]: Generating method wrapper for dan200.computercraft.core.apis.RedstoneMethods.getAnalogInput.
[30Sep2026 22:40:52.269] [ComputerCraft-Computer-Worker-0/DEBUG] [dan200.computercraft.core.asm.Generator/]: Generating method wrapper for dan200.computercraft.core.apis.RedstoneMethods.testBundledInput.
[30Sep2026 22:40:52.270] [Server thread/DEBUG] [mixin/]: Mixing entity.entities_stick_sublevels.packet_mixin.ClientboundTeleportEntityPacketMixin from sable.mixins.json into net.minecraft.network.protocol.game.ClientboundTeleportEntityPacket
[30Sep2026 22:40:52.272] [Server thread/DEBUG] [mixin/]: sable.mixins.json:entity.entities_stick_sublevels.packet_mixin.ClientboundTeleportEntityPacketMixin from mod sable->@Inject::sable$readActuallyInSubLevel(Lnet/minecraft/network/FriendlyByteBuf;Lorg/spongepowered/asm/mixin/injection/callback/CallbackInfo;)V doesn't use it's CallbackInfo
[30Sep2026 22:40:52.272] [Server thread/DEBUG] [mixin/]: sable.mixins.json:entity.entities_stick_sublevels.packet_mixin.ClientboundTeleportEntityPacketMixin from mod sable->@Inject::sable$readActuallyInSubLevel(Lnet/minecraft/network/FriendlyByteBuf;Lorg/spongepowered/asm/mixin/injection/callback/CallbackInfo;)V has 0 override(s) in child classes
[30Sep2026 22:40:52.272] [Server thread/DEBUG] [mixin/]: sable.mixins.json:entity.entities_stick_sublevels.packet_mixin.ClientboundTeleportEntityPacketMixin from mod sable->@Inject::sable$readActuallyInSubLevel(Lnet/minecraft/network/FriendlyByteBuf;Lorg/spongepowered/asm/mixin/injection/callback/CallbackInfo;)V won't be passed a CallbackInfo as a result
[30Sep2026 22:40:52.272] [Server thread/DEBUG] [mixin/]: sable.mixins.json:entity.entities_stick_sublevels.packet_mixin.ClientboundTeleportEntityPacketMixin from mod sable->@Inject::sable$writeActuallyInSubLevel(Lnet/minecraft/network/FriendlyByteBuf;Lorg/spongepowered/asm/mixin/injection/callback/CallbackInfo;)V doesn't use it's CallbackInfo
[30Sep2026 22:40:52.272] [Server thread/DEBUG] [mixin/]: sable.mixins.json:entity.entities_stick_sublevels.packet_mixin.ClientboundTeleportEntityPacketMixin from mod sable->@Inject::sable$writeActuallyInSubLevel(Lnet/minecraft/network/FriendlyByteBuf;Lorg/spongepowered/asm/mixin/injection/callback/CallbackInfo;)V has 0 override(s) in child classes
[30Sep2026 22:40:52.272] [Server thread/DEBUG] [mixin/]: sable.mixins.json:entity.entities_stick_sublevels.packet_mixin.ClientboundTeleportEntityPacketMixin from mod sable->@Inject::sable$writeActuallyInSubLevel(Lnet/minecraft/network/FriendlyByteBuf;Lorg/spongepowered/asm/mixin/injection/callback/CallbackInfo;)V won't be passed a CallbackInfo as a result
[30Sep2026 22:40:52.273] [ComputerCraft-Computer-Worker-0/DEBUG] [dan200.computercraft.core.asm.Generator/]: Generating method wrapper for dan200.computercraft.core.apis.RedstoneMethods.getBundledInput.
[30Sep2026 22:40:52.274] [ComputerCraft-Computer-Worker-0/DEBUG] [dan200.computercraft.core.asm.Generator/]: Generating method wrapper for dan200.computercraft.core.apis.RedstoneMethods.getBundledOutput.
[30Sep2026 22:40:52.274] [ComputerCraft-Computer-Worker-0/DEBUG] [dan200.computercraft.core.asm.Generator/]: Generating method wrapper for dan200.computercraft.core.apis.RedstoneMethods.setBundledOutput.
[30Sep2026 22:40:52.274] [ComputerCraft-Computer-Worker-0/DEBUG] [dan200.computercraft.core.asm.Generator/]: Generating method wrapper for dan200.computercraft.core.apis.RedstoneMethods.getAnalogOutput.
[30Sep2026 22:40:52.275] [ComputerCraft-Computer-Worker-0/DEBUG] [dan200.computercraft.core.asm.Generator/]: Generating method wrapper for dan200.computercraft.core.apis.RedstoneMethods.setOutput.
[30Sep2026 22:40:52.275] [ComputerCraft-Computer-Worker-0/DEBUG] [dan200.computercraft.core.asm.Generator/]: Generating method wrapper for dan200.computercraft.core.apis.RedstoneMethods.getInput.
[30Sep2026 22:40:52.280] [ComputerCraft-Computer-Worker-0/DEBUG] [dan200.computercraft.core.asm.Generator/]: Generating method wrapper for dan200.computercraft.core.apis.FSAPI.isDir.
[30Sep2026 22:40:52.282] [ComputerCraft-Computer-Worker-0/DEBUG] [dan200.computercraft.core.asm.Generator/]: Generating method wrapper for dan200.computercraft.core.apis.FSAPI.getName.
[30Sep2026 22:40:52.284] [ComputerCraft-Computer-Worker-0/DEBUG] [dan200.computercraft.core.asm.Generator/]: Generating method wrapper for dan200.computercraft.core.apis.FSAPI.list.
[30Sep2026 22:40:52.284] [ComputerCraft-Computer-Worker-0/DEBUG] [dan200.computercraft.core.asm.Generator/]: Generating method wrapper for dan200.computercraft.core.apis.FSAPI.delete.
[30Sep2026 22:40:52.284] [ComputerCraft-Computer-Worker-0/DEBUG] [dan200.computercraft.core.asm.Generator/]: Generating method wrapper for dan200.computercraft.core.apis.FSAPI.combine.
[30Sep2026 22:40:52.285] [ComputerCraft-Computer-Worker-0/DEBUG] [dan200.computercraft.core.asm.Generator/]: Generating method wrapper for dan200.computercraft.core.apis.FSAPI.open.
[30Sep2026 22:40:52.287] [ComputerCraft-Computer-Worker-0/DEBUG] [dan200.computercraft.core.asm.Generator/]: Generating method wrapper for dan200.computercraft.core.apis.FSAPI.copy.
[30Sep2026 22:40:52.290] [ComputerCraft-Computer-Worker-0/DEBUG] [dan200.computercraft.core.asm.Generator/]: Generating method wrapper for dan200.computercraft.core.apis.FSAPI.getSize.
[30Sep2026 22:40:52.291] [Server thread/DEBUG] [mixin/]: Mixing clip_overwrite.ClipContextMixin from sable.mixins.json into net.minecraft.world.level.ClipContext
[30Sep2026 22:40:52.293] [ComputerCraft-Computer-Worker-0/DEBUG] [dan200.computercraft.core.asm.Generator/]: Generating method wrapper for dan200.computercraft.core.apis.FSAPI.isReadOnly.
[30Sep2026 22:40:52.294] [ComputerCraft-Computer-Worker-0/DEBUG] [dan200.computercraft.core.asm.Generator/]: Generating method wrapper for dan200.computercraft.core.apis.FSAPI.exists.
[30Sep2026 22:40:52.294] [ComputerCraft-Computer-Worker-0/DEBUG] [dan200.computercraft.core.asm.Generator/]: Generating method wrapper for dan200.computercraft.core.apis.FSAPI.getFreeSpace.
[30Sep2026 22:40:52.295] [ComputerCraft-Computer-Worker-0/DEBUG] [dan200.computercraft.core.asm.Generator/]: Generating method wrapper for dan200.computercraft.core.apis.FSAPI.getDrive.
[30Sep2026 22:40:52.295] [ComputerCraft-Computer-Worker-0/DEBUG] [dan200.computercraft.core.asm.Generator/]: Generating method wrapper for dan200.computercraft.core.apis.FSAPI.attributes.
[30Sep2026 22:40:52.296] [ComputerCraft-Computer-Worker-0/DEBUG] [dan200.computercraft.core.asm.Generator/]: Generating method wrapper for dan200.computercraft.core.apis.FSAPI.move.
[30Sep2026 22:40:52.296] [ComputerCraft-Computer-Worker-0/DEBUG] [dan200.computercraft.core.asm.Generator/]: Generating method wrapper for dan200.computercraft.core.apis.FSAPI.getDir.
[30Sep2026 22:40:52.296] [ComputerCraft-Computer-Worker-0/DEBUG] [dan200.computercraft.core.asm.Generator/]: Generating method wrapper for dan200.computercraft.core.apis.FSAPI.makeDir.
[30Sep2026 22:40:52.296] [ComputerCraft-Computer-Worker-0/DEBUG] [dan200.computercraft.core.asm.Generator/]: Generating method wrapper for dan200.computercraft.core.apis.FSAPI.getCapacity.
[30Sep2026 22:40:52.297] [ComputerCraft-Computer-Worker-0/DEBUG] [dan200.computercraft.core.asm.Generator/]: Generating method wrapper for dan200.computercraft.core.apis.PeripheralAPI.getMethods.
[30Sep2026 22:40:52.297] [ComputerCraft-Computer-Worker-0/DEBUG] [dan200.computercraft.core.asm.Generator/]: Generating method wrapper for dan200.computercraft.core.apis.PeripheralAPI.isPresent.
[30Sep2026 22:40:52.297] [ComputerCraft-Computer-Worker-0/DEBUG] [dan200.computercraft.core.asm.Generator/]: Generating method wrapper for dan200.computercraft.core.apis.PeripheralAPI.call.
[30Sep2026 22:40:52.298] [ComputerCraft-Computer-Worker-0/DEBUG] [dan200.computercraft.core.asm.Generator/]: Generating method wrapper for dan200.computercraft.core.apis.PeripheralAPI.getType.
[30Sep2026 22:40:52.298] [ComputerCraft-Computer-Worker-0/DEBUG] [dan200.computercraft.core.asm.Generator/]: Generating method wrapper for dan200.computercraft.core.apis.PeripheralAPI.hasType.
[30Sep2026 22:40:52.299] [ComputerCraft-Computer-Worker-0/DEBUG] [dan200.computercraft.core.asm.Generator/]: Generating method wrapper for dan200.computercraft.core.apis.OSAPI.queueEvent.
[30Sep2026 22:40:52.299] [ComputerCraft-Computer-Worker-0/DEBUG] [dan200.computercraft.core.asm.Generator/]: Generating method wrapper for dan200.computercraft.core.apis.OSAPI.clock.
[30Sep2026 22:40:52.301] [ComputerCraft-Computer-Worker-0/DEBUG] [dan200.computercraft.core.asm.Generator/]: Generating method wrapper for dan200.computercraft.core.apis.OSAPI.time.
[30Sep2026 22:40:52.301] [ComputerCraft-Computer-Worker-0/DEBUG] [dan200.computercraft.core.asm.Generator/]: Generating method wrapper for dan200.computercraft.core.apis.OSAPI.date.
[30Sep2026 22:40:52.303] [ComputerCraft-Computer-Worker-0/DEBUG] [dan200.computercraft.core.asm.Generator/]: Generating method wrapper for dan200.computercraft.core.apis.OSAPI.day.
[30Sep2026 22:40:52.303] [ComputerCraft-Computer-Worker-0/DEBUG] [dan200.computercraft.core.asm.Generator/]: Generating method wrapper for dan200.computercraft.core.apis.OSAPI.epoch.
[30Sep2026 22:40:52.303] [ComputerCraft-Computer-Worker-0/DEBUG] [dan200.computercraft.core.asm.Generator/]: Generating method wrapper for dan200.computercraft.core.apis.OSAPI.doShutdown.
[30Sep2026 22:40:52.303] [ComputerCraft-Computer-Worker-0/DEBUG] [dan200.computercraft.core.asm.Generator/]: Generating method wrapper for dan200.computercraft.core.apis.OSAPI.setAlarm.
[30Sep2026 22:40:52.307] [ComputerCraft-Computer-Worker-0/DEBUG] [dan200.computercraft.core.asm.Generator/]: Generating method wrapper for dan200.computercraft.core.apis.OSAPI.doReboot.
[30Sep2026 22:40:52.307] [ComputerCraft-Computer-Worker-0/DEBUG] [dan200.computercraft.core.asm.Generator/]: Generating method wrapper for dan200.computercraft.core.apis.OSAPI.getComputerID.
[30Sep2026 22:40:52.307] [ComputerCraft-Computer-Worker-0/DEBUG] [dan200.computercraft.core.asm.Generator/]: Generating method wrapper for dan200.computercraft.core.apis.OSAPI.setComputerLabel.
[30Sep2026 22:40:52.308] [ComputerCraft-Computer-Worker-0/DEBUG] [dan200.computercraft.core.asm.Generator/]: Generating method wrapper for dan200.computercraft.core.apis.OSAPI.cancelAlarm.
[30Sep2026 22:40:52.308] [ComputerCraft-Computer-Worker-0/DEBUG] [dan200.computercraft.core.asm.Generator/]: Generating method wrapper for dan200.computercraft.core.apis.OSAPI.getComputerLabel.
[30Sep2026 22:40:52.308] [ComputerCraft-Computer-Worker-0/DEBUG] [dan200.computercraft.core.asm.Generator/]: Generating method wrapper for dan200.computercraft.core.apis.OSAPI.cancelTimer.
[30Sep2026 22:40:52.308] [ComputerCraft-Computer-Worker-0/DEBUG] [dan200.computercraft.core.asm.Generator/]: Generating method wrapper for dan200.computercraft.core.apis.OSAPI.startTimer.
[30Sep2026 22:40:52.309] [ComputerCraft-Computer-Worker-0/DEBUG] [dan200.computercraft.core.asm.Generator/]: Generating method wrapper for dan200.computercraft.core.apis.HTTPAPI.checkURL.
[30Sep2026 22:40:52.309] [ComputerCraft-Computer-Worker-0/DEBUG] [dan200.computercraft.core.asm.Generator/]: Generating method wrapper for dan200.computercraft.core.apis.HTTPAPI.websocket.
[30Sep2026 22:40:52.310] [ComputerCraft-Computer-Worker-0/DEBUG] [dan200.computercraft.core.asm.Generator/]: Generating method wrapper for dan200.computercraft.core.apis.HTTPAPI.request.
[30Sep2026 22:40:52.311] [ComputerCraft-Computer-Worker-0/DEBUG] [dan200.computercraft.core.asm.Generator/]: Generating method wrapper for dan200.computercraft.shared.turtle.apis.TurtleAPI.forward.
[30Sep2026 22:40:52.311] [ComputerCraft-Computer-Worker-0/DEBUG] [dan200.computercraft.core.asm.Generator/]: Generating method wrapper for dan200.computercraft.shared.turtle.apis.TurtleAPI.compareTo.
[30Sep2026 22:40:52.311] [ComputerCraft-Computer-Worker-0/DEBUG] [dan200.computercraft.core.asm.Generator/]: Generating method wrapper for dan200.computercraft.shared.turtle.apis.TurtleAPI.compare.
[30Sep2026 22:40:52.311] [ComputerCraft-Computer-Worker-0/DEBUG] [dan200.computercraft.core.asm.Generator/]: Generating method wrapper for dan200.computercraft.shared.turtle.apis.TurtleAPI.transferTo.
[30Sep2026 22:40:52.314] [ComputerCraft-Computer-Worker-0/DEBUG] [dan200.computercraft.core.asm.Generator/]: Generating method wrapper for dan200.computercraft.shared.turtle.apis.TurtleAPI.up.
[30Sep2026 22:40:52.314] [ComputerCraft-Computer-Worker-0/DEBUG] [dan200.computercraft.core.asm.Generator/]: Generating method wrapper for dan200.computercraft.shared.turtle.apis.TurtleAPI.back.
[30Sep2026 22:40:52.314] [ComputerCraft-Computer-Worker-0/DEBUG] [dan200.computercraft.core.asm.Generator/]: Generating method wrapper for dan200.computercraft.shared.turtle.apis.TurtleAPI.dig.
[30Sep2026 22:40:52.314] [ComputerCraft-Computer-Worker-0/DEBUG] [dan200.computercraft.core.asm.Generator/]: Generating method wrapper for dan200.computercraft.shared.turtle.apis.TurtleAPI.down.
[30Sep2026 22:40:52.315] [ComputerCraft-Computer-Worker-0/DEBUG] [dan200.computercraft.core.asm.Generator/]: Generating method wrapper for dan200.computercraft.shared.turtle.apis.TurtleAPI.getItemCount.
[30Sep2026 22:40:52.315] [ComputerCraft-Computer-Worker-0/DEBUG] [dan200.computercraft.core.asm.Generator/]: Generating method wrapper for dan200.computercraft.shared.turtle.apis.TurtleAPI.refuel.
[30Sep2026 22:40:52.315] [ComputerCraft-Computer-Worker-0/DEBUG] [dan200.computercraft.core.asm.Generator/]: Generating method wrapper for dan200.computercraft.shared.turtle.apis.TurtleAPI.detect.
[30Sep2026 22:40:52.315] [ComputerCraft-Computer-Worker-0/DEBUG] [dan200.computercraft.core.asm.Generator/]: Generating method wrapper for dan200.computercraft.shared.turtle.apis.TurtleAPI.turnLeft.
[30Sep2026 22:40:52.315] [ComputerCraft-Computer-Worker-0/DEBUG] [dan200.computercraft.core.asm.Generator/]: Generating method wrapper for dan200.computercraft.shared.turtle.apis.TurtleAPI.placeUp.
[30Sep2026 22:40:52.315] [ComputerCraft-Computer-Worker-0/DEBUG] [dan200.computercraft.core.asm.Generator/]: Generating method wrapper for dan200.computercraft.shared.turtle.apis.TurtleAPI.turnRight.
[30Sep2026 22:40:52.315] [ComputerCraft-Computer-Worker-0/DEBUG] [dan200.computercraft.core.asm.Generator/]: Generating method wrapper for dan200.computercraft.shared.turtle.apis.TurtleAPI.placeDown.
[30Sep2026 22:40:52.316] [ComputerCraft-Computer-Worker-0/DEBUG] [dan200.computercraft.core.asm.Generator/]: Generating method wrapper for dan200.computercraft.shared.turtle.apis.TurtleAPI.digUp.
[30Sep2026 22:40:52.316] [ComputerCraft-Computer-Worker-0/DEBUG] [dan200.computercraft.core.asm.Generator/]: Generating method wrapper for dan200.computercraft.shared.turtle.apis.TurtleAPI.dropUp.
[30Sep2026 22:40:52.316] [ComputerCraft-Computer-Worker-0/DEBUG] [dan200.computercraft.core.asm.Generator/]: Generating method wrapper for dan200.computercraft.shared.turtle.apis.TurtleAPI.dropDown.
[30Sep2026 22:40:52.316] [ComputerCraft-Computer-Worker-0/DEBUG] [dan200.computercraft.core.asm.Generator/]: Generating method wrapper for dan200.computercraft.shared.turtle.apis.TurtleAPI.compareUp.
[30Sep2026 22:40:52.316] [ComputerCraft-Computer-Worker-0/DEBUG] [dan200.computercraft.core.asm.Generator/]: Generating method wrapper for dan200.computercraft.shared.turtle.apis.TurtleAPI.detectDown.
[30Sep2026 22:40:52.316] [ComputerCraft-Computer-Worker-0/DEBUG] [dan200.computercraft.core.asm.Generator/]: Generating method wrapper for dan200.computercraft.shared.turtle.apis.TurtleAPI.digDown.
[30Sep2026 22:40:52.316] [ComputerCraft-Computer-Worker-0/DEBUG] [dan200.computercraft.core.asm.Generator/]: Generating method wrapper for dan200.computercraft.shared.turtle.apis.TurtleAPI.attackUp.
[30Sep2026 22:40:52.316] [ComputerCraft-Computer-Worker-0/DEBUG] [dan200.computercraft.core.asm.Generator/]: Generating method wrapper for dan200.computercraft.shared.turtle.apis.TurtleAPI.attackDown.
[30Sep2026 22:40:52.317] [ComputerCraft-Computer-Worker-0/DEBUG] [dan200.computercraft.core.asm.Generator/]: Generating method wrapper for dan200.computercraft.shared.turtle.apis.TurtleAPI.detectUp.
[30Sep2026 22:40:52.317] [ComputerCraft-Computer-Worker-0/DEBUG] [dan200.computercraft.core.asm.Generator/]: Generating method wrapper for dan200.computercraft.shared.turtle.apis.TurtleAPI.suck.
[30Sep2026 22:40:52.317] [ComputerCraft-Computer-Worker-0/DEBUG] [dan200.computercraft.core.asm.Generator/]: Generating method wrapper for dan200.computercraft.shared.turtle.apis.TurtleAPI.suckUp.
[30Sep2026 22:40:52.317] [ComputerCraft-Computer-Worker-0/DEBUG] [dan200.computercraft.core.asm.Generator/]: Generating method wrapper for dan200.computercraft.shared.turtle.apis.TurtleAPI.suckDown.
[30Sep2026 22:40:52.318] [ComputerCraft-Computer-Worker-0/DEBUG] [dan200.computercraft.core.asm.Generator/]: Generating method wrapper for dan200.computercraft.shared.turtle.apis.TurtleAPI.equipLeft.
[30Sep2026 22:40:52.318] [ComputerCraft-Computer-Worker-0/DEBUG] [dan200.computercraft.core.asm.Generator/]: Generating method wrapper for dan200.computercraft.shared.turtle.apis.TurtleAPI.equipRight.
[30Sep2026 22:40:52.318] [ComputerCraft-Computer-Worker-0/DEBUG] [dan200.computercraft.core.asm.Generator/]: Generating method wrapper for dan200.computercraft.shared.turtle.apis.TurtleAPI.inspectUp.
[30Sep2026 22:40:52.318] [ComputerCraft-Computer-Worker-0/DEBUG] [dan200.computercraft.core.asm.Generator/]: Generating method wrapper for dan200.computercraft.shared.turtle.apis.TurtleAPI.getItemDetail.
[30Sep2026 22:40:52.321] [Server thread/DEBUG] [mixin/]: Mixing entity.entity_pathfinding.RandomPosMixin from sable.mixins.json into net.minecraft.world.entity.ai.util.RandomPos
[30Sep2026 22:40:52.323] [ComputerCraft-Computer-Worker-0/DEBUG] [dan200.computercraft.core.asm.Generator/]: Generating method wrapper for dan200.computercraft.shared.turtle.apis.TurtleAPI.select.
[30Sep2026 22:40:52.323] [ComputerCraft-Computer-Worker-0/DEBUG] [dan200.computercraft.core.asm.Generator/]: Generating method wrapper for dan200.computercraft.shared.turtle.apis.TurtleAPI.getFuelLevel.
[30Sep2026 22:40:52.323] [ComputerCraft-Computer-Worker-0/DEBUG] [dan200.computercraft.core.asm.Generator/]: Generating method wrapper for dan200.computercraft.shared.turtle.apis.TurtleAPI.getFuelLimit.
[30Sep2026 22:40:52.323] [ComputerCraft-Computer-Worker-0/DEBUG] [dan200.computercraft.core.asm.Generator/]: Generating method wrapper for dan200.computercraft.shared.turtle.apis.TurtleAPI.inspect.
[30Sep2026 22:40:52.324] [ComputerCraft-Computer-Worker-0/DEBUG] [dan200.computercraft.core.asm.Generator/]: Generating method wrapper for dan200.computercraft.shared.turtle.apis.TurtleAPI.place.
[30Sep2026 22:40:52.325] [ComputerCraft-Computer-Worker-0/DEBUG] [dan200.computercraft.core.asm.Generator/]: Generating method wrapper for dan200.computercraft.shared.turtle.apis.TurtleAPI.getEquippedRight.
[30Sep2026 22:40:52.325] [ComputerCraft-Computer-Worker-0/DEBUG] [dan200.computercraft.core.asm.Generator/]: Generating method wrapper for dan200.computercraft.shared.turtle.apis.TurtleAPI.getEquippedLeft.
[30Sep2026 22:40:52.326] [ComputerCraft-Computer-Worker-0/DEBUG] [dan200.computercraft.core.asm.Generator/]: Generating method wrapper for dan200.computercraft.shared.turtle.apis.TurtleAPI.compareDown.
[30Sep2026 22:40:52.326] [ComputerCraft-Computer-Worker-0/DEBUG] [dan200.computercraft.core.asm.Generator/]: Generating method wrapper for dan200.computercraft.shared.turtle.apis.TurtleAPI.inspectDown.
[30Sep2026 22:40:52.327] [ComputerCraft-Computer-Worker-0/DEBUG] [dan200.computercraft.core.asm.Generator/]: Generating method wrapper for dan200.computercraft.shared.turtle.apis.TurtleAPI.getItemSpace.
[30Sep2026 22:40:52.328] [ComputerCraft-Computer-Worker-0/DEBUG] [dan200.computercraft.core.asm.Generator/]: Generating method wrapper for dan200.computercraft.shared.turtle.apis.TurtleAPI.attack.
[30Sep2026 22:40:52.328] [ComputerCraft-Computer-Worker-0/DEBUG] [dan200.computercraft.core.asm.Generator/]: Generating method wrapper for dan200.computercraft.shared.turtle.apis.TurtleAPI.getSelectedSlot.
[30Sep2026 22:40:52.328] [ComputerCraft-Computer-Worker-0/DEBUG] [dan200.computercraft.core.asm.Generator/]: Generating method wrapper for dan200.computercraft.shared.turtle.apis.TurtleAPI.drop.
[30Sep2026 22:40:52.329] [Server thread/DEBUG] [mixin/]: Mixing entity.entity_pathfinding.PathfindingContextMixin from sable.mixins.json into net.minecraft.world.level.pathfinder.PathfindingContext
[30Sep2026 22:40:52.330] [Server thread/DEBUG] [mixin/]: sable.mixins.json:entity.entity_pathfinding.PathfindingContextMixin from mod sable->@Inject::sable$init(Lnet/minecraft/world/level/CollisionGetter;Lnet/minecraft/world/entity/Mob;Lorg/spongepowered/asm/mixin/injection/callback/CallbackInfo;)V doesn't use it's CallbackInfo
[30Sep2026 22:40:52.330] [Server thread/DEBUG] [mixin/]: sable.mixins.json:entity.entity_pathfinding.PathfindingContextMixin from mod sable->@Inject::sable$init(Lnet/minecraft/world/level/CollisionGetter;Lnet/minecraft/world/entity/Mob;Lorg/spongepowered/asm/mixin/injection/callback/CallbackInfo;)V has 0 override(s) in child classes
[30Sep2026 22:40:52.330] [Server thread/DEBUG] [mixin/]: sable.mixins.json:entity.entity_pathfinding.PathfindingContextMixin from mod sable->@Inject::sable$init(Lnet/minecraft/world/level/CollisionGetter;Lnet/minecraft/world/entity/Mob;Lorg/spongepowered/asm/mixin/injection/callback/CallbackInfo;)V won't be passed a CallbackInfo as a result
[30Sep2026 22:40:52.347] [Server thread/DEBUG] [mixin/]: Mixing entity.entity_pathfinding.PathMixin from sable.mixins.json into net.minecraft.world.level.pathfinder.Path
[30Sep2026 22:40:52.386] [Server thread/INFO] [com.simibubi.create.Create/]: RecipeTrie of depth 8 with 591 nodes built with 494 variants, 335 ingredients, and 469 recipes
[30Sep2026 22:40:52.406] [Server thread/DEBUG] [dan200.computercraft.core.asm.Generator/]: Skipping bridge Lua Method dan200.computercraft.shared.peripheral.generic.methods.InventoryMethods.pushItems
[30Sep2026 22:40:52.406] [Server thread/DEBUG] [dan200.computercraft.core.asm.Generator/]: Skipping bridge Lua Method dan200.computercraft.shared.peripheral.generic.methods.InventoryMethods.pullItems
[30Sep2026 22:40:52.406] [Server thread/DEBUG] [dan200.computercraft.core.asm.Generator/]: Skipping bridge Lua Method dan200.computercraft.shared.peripheral.generic.methods.InventoryMethods.size
[30Sep2026 22:40:52.406] [Server thread/DEBUG] [dan200.computercraft.core.asm.Generator/]: Skipping bridge Lua Method dan200.computercraft.shared.peripheral.generic.methods.InventoryMethods.list
[30Sep2026 22:40:52.406] [Server thread/DEBUG] [dan200.computercraft.core.asm.Generator/]: Skipping bridge Lua Method dan200.computercraft.shared.peripheral.generic.methods.InventoryMethods.getItemDetail
[30Sep2026 22:40:52.407] [Server thread/DEBUG] [dan200.computercraft.core.asm.Generator/]: Skipping bridge Lua Method dan200.computercraft.shared.peripheral.generic.methods.InventoryMethods.getItemLimit
[30Sep2026 22:40:52.407] [Server thread/DEBUG] [dan200.computercraft.core.asm.Generator/]: Skipping bridge Lua Method dan200.computercraft.shared.peripheral.generic.methods.FluidMethods.pushFluid
[30Sep2026 22:40:52.407] [Server thread/DEBUG] [dan200.computercraft.core.asm.Generator/]: Skipping bridge Lua Method dan200.computercraft.shared.peripheral.generic.methods.FluidMethods.pullFluid
[30Sep2026 22:40:52.407] [Server thread/DEBUG] [dan200.computercraft.core.asm.Generator/]: Skipping bridge Lua Method dan200.computercraft.shared.peripheral.generic.methods.FluidMethods.tanks
[30Sep2026 22:40:52.407] [Server thread/DEBUG] [dan200.computercraft.core.asm.Generator/]: Skipping bridge Lua Method dan200.computercraft.shared.peripheral.generic.methods.EnergyMethods.getEnergy
[30Sep2026 22:40:52.407] [Server thread/DEBUG] [dan200.computercraft.core.asm.Generator/]: Skipping bridge Lua Method dan200.computercraft.shared.peripheral.generic.methods.EnergyMethods.getEnergyCapacity
[30Sep2026 22:40:52.412] [Server thread/DEBUG] [dan200.computercraft.core.asm.Generator/]: Generating method wrapper for dan200.computercraft.shared.peripheral.generic.methods.InventoryMethods.pushItems.
[30Sep2026 22:40:52.421] [Server thread/DEBUG] [dan200.computercraft.core.asm.Generator/]: Generating method wrapper for dan200.computercraft.shared.peripheral.generic.methods.InventoryMethods.pullItems.
[30Sep2026 22:40:52.422] [Server thread/DEBUG] [dan200.computercraft.core.asm.Generator/]: Generating method wrapper for dan200.computercraft.shared.peripheral.generic.methods.InventoryMethods.size.
[30Sep2026 22:40:52.425] [Server thread/DEBUG] [dan200.computercraft.core.asm.Generator/]: Generating method wrapper for dan200.computercraft.shared.peripheral.generic.methods.InventoryMethods.list.
[30Sep2026 22:40:52.426] [Server thread/DEBUG] [dan200.computercraft.core.asm.Generator/]: Generating method wrapper for dan200.computercraft.shared.peripheral.generic.methods.InventoryMethods.getItemDetail.
[30Sep2026 22:40:52.429] [Server thread/DEBUG] [dan200.computercraft.core.asm.Generator/]: Generating method wrapper for dan200.computercraft.shared.peripheral.generic.methods.InventoryMethods.getItemLimit.
[30Sep2026 22:40:52.461] [Server thread/DEBUG] [mixin/]: Mixing sable_hooks.SableCommonEventsMixin from aeronautics.mixins.json into dev.ryanhcode.sable.SableCommonEvents
[30Sep2026 22:40:52.461] [Server thread/DEBUG] [mixin/]: aeronautics.mixins.json:sable_hooks.SableCommonEventsMixin from mod aeronautics: Class version 65 required is higher than the class version supported by the current version of Mixin (JAVA_18 supports class version 62)
[30Sep2026 22:40:52.462] [Server thread/DEBUG] [mixin/]: Mixing sable_hooks.SableCommonEventsMixin from simulated.mixins.json into dev.ryanhcode.sable.SableCommonEvents
[30Sep2026 22:40:52.463] [Server thread/DEBUG] [mixin/]: aeronautics.mixins.json:sable_hooks.SableCommonEventsMixin from mod aeronautics->@Inject::onBlockChange(Lnet/minecraft/server/level/ServerLevel;Lnet/minecraft/world/level/chunk/LevelChunk;IIILnet/minecraft/world/level/block/state/BlockState;Lnet/minecraft/world/level/block/state/BlockState;Lorg/spongepowered/asm/mixin/injection/callback/CallbackInfo;)V doesn't use it's CallbackInfo
[30Sep2026 22:40:52.463] [Server thread/DEBUG] [mixin/]: simulated.mixins.json:sable_hooks.SableCommonEventsMixin from mod simulated->@Inject::onBlockChange(Lnet/minecraft/server/level/ServerLevel;Lnet/minecraft/world/level/chunk/LevelChunk;IIILnet/minecraft/world/level/block/state/BlockState;Lnet/minecraft/world/level/block/state/BlockState;Lorg/spongepowered/asm/mixin/injection/callback/CallbackInfo;)V doesn't use it's CallbackInfo
[30Sep2026 22:40:52.483] [ComputerCraft-Computer-Worker-0/DEBUG] [dan200.computercraft.core.asm.Generator/]: Generating method wrapper for dan200.computercraft.core.apis.handles.ReadHandle.read.
[30Sep2026 22:40:52.483] [ComputerCraft-Computer-Worker-0/DEBUG] [dan200.computercraft.core.asm.Generator/]: Generating method wrapper for dan200.computercraft.core.apis.handles.ReadHandle.readLine.
[30Sep2026 22:40:52.483] [ComputerCraft-Computer-Worker-0/DEBUG] [dan200.computercraft.core.asm.Generator/]: Generating method wrapper for dan200.computercraft.core.apis.handles.ReadHandle.seek.
[30Sep2026 22:40:52.484] [ComputerCraft-Computer-Worker-0/DEBUG] [dan200.computercraft.core.asm.Generator/]: Generating method wrapper for dan200.computercraft.core.apis.handles.ReadHandle.readAll.
[30Sep2026 22:40:52.484] [ComputerCraft-Computer-Worker-0/DEBUG] [dan200.computercraft.core.asm.Generator/]: Generating method wrapper for dan200.computercraft.core.apis.handles.AbstractHandle.close.
[30Sep2026 22:40:52.633] [Server thread/DEBUG] [mixin/]: Mixing entity.entities_stick_sublevels.packet_mixin.ClientboundMoveEntityPacketPosRotMixin from sable.mixins.json into net.minecraft.network.protocol.game.ClientboundMoveEntityPacket$PosRot
[30Sep2026 22:40:52.634] [Server thread/DEBUG] [mixin/]: sable.mixins.json:entity.entities_stick_sublevels.packet_mixin.ClientboundMoveEntityPacketPosRotMixin from mod sable->@Inject::sable$writeActuallyInSubLevel(Lnet/minecraft/network/FriendlyByteBuf;Lorg/spongepowered/asm/mixin/injection/callback/CallbackInfo;)V doesn't use it's CallbackInfo
[30Sep2026 22:40:52.634] [Server thread/DEBUG] [mixin/]: sable.mixins.json:entity.entities_stick_sublevels.packet_mixin.ClientboundMoveEntityPacketPosRotMixin from mod sable->@Inject::sable$writeActuallyInSubLevel(Lnet/minecraft/network/FriendlyByteBuf;Lorg/spongepowered/asm/mixin/injection/callback/CallbackInfo;)V has 0 override(s) in child classes
[30Sep2026 22:40:52.634] [Server thread/DEBUG] [mixin/]: sable.mixins.json:entity.entities_stick_sublevels.packet_mixin.ClientboundMoveEntityPacketPosRotMixin from mod sable->@Inject::sable$writeActuallyInSubLevel(Lnet/minecraft/network/FriendlyByteBuf;Lorg/spongepowered/asm/mixin/injection/callback/CallbackInfo;)V won't be passed a CallbackInfo as a result
[30Sep2026 22:40:52.634] [Server thread/DEBUG] [mixin/]: sable.mixins.json:entity.entities_stick_sublevels.packet_mixin.ClientboundMoveEntityPacketPosRotMixin from mod sable->@Inject::sable$readActuallyInSubLevel(Lnet/minecraft/network/FriendlyByteBuf;Lorg/spongepowered/asm/mixin/injection/callback/CallbackInfoReturnable;)V does use it's CallbackInfoReturnable
[30Sep2026 22:40:52.844] [Server thread/DEBUG] [mixin/]: Mixing sculk_vibrations.VibrationSystemTickerMixin from sable.mixins.json into net.minecraft.world.level.gameevent.vibrations.VibrationSystem$Ticker
[30Sep2026 22:40:53.485] [Server thread/DEBUG] [mixin/]: Mixing compatibility.create.belt.BeltMovementHandlerMixin from sable-neoforge.mixins.json into com.simibubi.create.content.kinetics.belt.transport.BeltMovementHandler
[30Sep2026 22:40:53.490] [Server thread/DEBUG] [mixin/]: sable-neoforge.mixins.json:compatibility.create.belt.BeltMovementHandlerMixin from mod sable->@Inject::sable$maxUpStep(Lcom/simibubi/create/content/kinetics/belt/BeltBlockEntity;Lnet/minecraft/world/entity/Entity;Lcom/simibubi/create/content/kinetics/belt/transport/BeltMovementHandler$TransportedEntityInfo;Lorg/spongepowered/asm/mixin/injection/callback/CallbackInfo;)V doesn't use it's CallbackInfo
[30Sep2026 22:40:53.726] [Server thread/DEBUG] [mixin/]: Mixing propeller_collision.ContraptionColliderMixin from aeronautics.mixins.json into com.simibubi.create.content.contraptions.ContraptionCollider
[30Sep2026 22:40:53.727] [Server thread/DEBUG] [mixin/]: aeronautics.mixins.json:propeller_collision.ContraptionColliderMixin from mod aeronautics: Class version 65 required is higher than the class version supported by the current version of Mixin (JAVA_18 supports class version 62)
[30Sep2026 22:40:53.728] [Server thread/DEBUG] [mixin/]: Mixing compatibility.create.contraptions.ContraptionColliderMixin from sable-neoforge.mixins.json into com.simibubi.create.content.contraptions.ContraptionCollider
[30Sep2026 22:40:53.758] [Server thread/DEBUG] [mixin/]: aeronautics.mixins.json:propeller_collision.ContraptionColliderMixin from mod aeronautics->@Inject::sable$removeInitialDeltaMovement(Lorg/spongepowered/asm/mixin/injection/callback/CallbackInfo;)V doesn't use it's CallbackInfo
[30Sep2026 22:40:53.759] [Server thread/DEBUG] [mixin/]: aeronautics.mixins.json:propeller_collision.ContraptionColliderMixin from mod aeronautics->@Inject::sable$saveInitialDeltaMovement(Lorg/spongepowered/asm/mixin/injection/callback/CallbackInfo;)V doesn't use it's CallbackInfo
[30Sep2026 22:40:53.759] [Server thread/DEBUG] [mixin/]: aeronautics.mixins.json:propeller_collision.ContraptionColliderMixin from mod aeronautics->@Inject::sable$saveInitialDeltaMovement(Lorg/spongepowered/asm/mixin/injection/callback/CallbackInfo;)V doesn't use it's CallbackInfo
[30Sep2026 22:40:53.759] [Server thread/DEBUG] [mixin/]: aeronautics.mixins.json:propeller_collision.ContraptionColliderMixin from mod aeronautics->@Inject::sable$saveInitialDeltaMovement(Lorg/spongepowered/asm/mixin/injection/callback/CallbackInfo;)V doesn't use it's CallbackInfo
[30Sep2026 22:40:53.759] [Server thread/DEBUG] [mixin/]: aeronautics.mixins.json:propeller_collision.ContraptionColliderMixin from mod aeronautics->@Inject::sable$saveInitialDeltaMovement(Lorg/spongepowered/asm/mixin/injection/callback/CallbackInfo;)V doesn't use it's CallbackInfo
[30Sep2026 22:40:53.759] [Server thread/DEBUG] [mixin/]: aeronautics.mixins.json:propeller_collision.ContraptionColliderMixin from mod aeronautics->@Inject::sable$saveInitialDeltaMovement(Lorg/spongepowered/asm/mixin/injection/callback/CallbackInfo;)V doesn't use it's CallbackInfo
[30Sep2026 22:40:54.973] [Server thread/DEBUG] [mixin/]: Mixing compatibility.create.contraptions.Matrix3dAccessor from sable-neoforge.mixins.json into com.simibubi.create.foundation.collision.Matrix3d
[30Sep2026 22:41:36.937] [Netty Server IO #2/DEBUG] [io.netty.util.Recycler/]: -Dio.netty.recycler.maxCapacityPerThread: 4096
[30Sep2026 22:41:36.937] [Netty Server IO #2/DEBUG] [io.netty.util.Recycler/]: -Dio.netty.recycler.ratio: 8
[30Sep2026 22:41:36.937] [Netty Server IO #2/DEBUG] [io.netty.util.Recycler/]: -Dio.netty.recycler.chunkSize: 32
[30Sep2026 22:41:36.937] [Netty Server IO #2/DEBUG] [io.netty.util.Recycler/]: -Dio.netty.recycler.blocking: false
[30Sep2026 22:41:36.937] [Netty Server IO #2/DEBUG] [io.netty.util.Recycler/]: -Dio.netty.recycler.batchFastThreadLocalOnly: true
[30Sep2026 22:41:58.465] [User Authenticator #1/INFO] [net.minecraft.server.network.ServerLoginPacketListenerImpl/]: UUID of player MainBlaine is 364d3aaa-fb1e-4fda-b9e6-cddafe37ea26
[30Sep2026 22:41:58.566] [Netty Server IO #3/DEBUG] [mixin/]: Mixing MixinServerConfigurationPacketListenerImpl from badpackets.mixins.json into net.minecraft.server.network.ServerConfigurationPacketListenerImpl
[30Sep2026 22:41:58.566] [Netty Server IO #3/DEBUG] [mixin/]: badpackets.mixins.json:MixinServerConfigurationPacketListenerImpl from mod badpackets: Class version 65 required is higher than the class version supported by the current version of Mixin (JAVA_16 supports class version 60)
[30Sep2026 22:41:58.573] [Netty Server IO #3/DEBUG] [mixin/]: badpackets.mixins.json:MixinServerConfigurationPacketListenerImpl from mod badpackets->@Inject::badpackets_createPacketHandler(Lnet/minecraft/server/MinecraftServer;Lnet/minecraft/network/Connection;Lnet/minecraft/server/network/CommonListenerCookie;Lorg/spongepowered/asm/mixin/injection/callback/CallbackInfo;)V doesn't use it's CallbackInfo
[30Sep2026 22:41:58.573] [Netty Server IO #3/DEBUG] [mixin/]: badpackets.mixins.json:MixinServerConfigurationPacketListenerImpl from mod badpackets->@Inject::badpackets_createPacketHandler(Lnet/minecraft/server/MinecraftServer;Lnet/minecraft/network/Connection;Lnet/minecraft/server/network/CommonListenerCookie;Lorg/spongepowered/asm/mixin/injection/callback/CallbackInfo;)V has 0 override(s) in child classes
[30Sep2026 22:41:58.573] [Netty Server IO #3/DEBUG] [mixin/]: badpackets.mixins.json:MixinServerConfigurationPacketListenerImpl from mod badpackets->@Inject::badpackets_createPacketHandler(Lnet/minecraft/server/MinecraftServer;Lnet/minecraft/network/Connection;Lnet/minecraft/server/network/CommonListenerCookie;Lorg/spongepowered/asm/mixin/injection/callback/CallbackInfo;)V won't be passed a CallbackInfo as a result
[30Sep2026 22:41:58.573] [Netty Server IO #3/DEBUG] [mixin/]: badpackets.mixins.json:MixinServerConfigurationPacketListenerImpl from mod badpackets->@Inject::badpackets_initPacketHandler(Lorg/spongepowered/asm/mixin/injection/callback/CallbackInfo;)V doesn't use it's CallbackInfo
[30Sep2026 22:41:58.573] [Netty Server IO #3/DEBUG] [mixin/]: badpackets.mixins.json:MixinServerConfigurationPacketListenerImpl from mod badpackets->@Inject::badpackets_initPacketHandler(Lorg/spongepowered/asm/mixin/injection/callback/CallbackInfo;)V has 0 override(s) in child classes
[30Sep2026 22:41:58.573] [Netty Server IO #3/DEBUG] [mixin/]: badpackets.mixins.json:MixinServerConfigurationPacketListenerImpl from mod badpackets->@Inject::badpackets_initPacketHandler(Lorg/spongepowered/asm/mixin/injection/callback/CallbackInfo;)V won't be passed a CallbackInfo as a result
[30Sep2026 22:41:58.573] [Netty Server IO #3/DEBUG] [mixin/]: badpackets.mixins.json:MixinServerConfigurationPacketListenerImpl from mod badpackets->@Inject::badpackets_attachCustomTaskContext(Lorg/spongepowered/asm/mixin/injection/callback/CallbackInfo;Lnet/minecraft/server/network/ConfigurationTask;)V doesn't use it's CallbackInfo
[30Sep2026 22:41:58.573] [Netty Server IO #3/DEBUG] [mixin/]: badpackets.mixins.json:MixinServerConfigurationPacketListenerImpl from mod badpackets->@Inject::badpackets_attachCustomTaskContext(Lorg/spongepowered/asm/mixin/injection/callback/CallbackInfo;Lnet/minecraft/server/network/ConfigurationTask;)V has 0 override(s) in child classes
[30Sep2026 22:41:58.573] [Netty Server IO #3/DEBUG] [mixin/]: badpackets.mixins.json:MixinServerConfigurationPacketListenerImpl from mod badpackets->@Inject::badpackets_attachCustomTaskContext(Lorg/spongepowered/asm/mixin/injection/callback/CallbackInfo;Lnet/minecraft/server/network/ConfigurationTask;)V won't be passed a CallbackInfo as a result
[30Sep2026 22:41:58.573] [Netty Server IO #3/DEBUG] [mixin/]: badpackets.mixins.json:MixinServerConfigurationPacketListenerImpl from mod badpackets->@Inject::badpackets_detachCustomTaskContext(Lnet/minecraft/server/network/ConfigurationTask$Type;Lorg/spongepowered/asm/mixin/injection/callback/CallbackInfo;)V doesn't use it's CallbackInfo
[30Sep2026 22:41:58.573] [Netty Server IO #3/DEBUG] [mixin/]: badpackets.mixins.json:MixinServerConfigurationPacketListenerImpl from mod badpackets->@Inject::badpackets_detachCustomTaskContext(Lnet/minecraft/server/network/ConfigurationTask$Type;Lorg/spongepowered/asm/mixin/injection/callback/CallbackInfo;)V has 0 override(s) in child classes
[30Sep2026 22:41:58.573] [Netty Server IO #3/DEBUG] [mixin/]: badpackets.mixins.json:MixinServerConfigurationPacketListenerImpl from mod badpackets->@Inject::badpackets_detachCustomTaskContext(Lnet/minecraft/server/network/ConfigurationTask$Type;Lorg/spongepowered/asm/mixin/injection/callback/CallbackInfo;)V won't be passed a CallbackInfo as a result
[30Sep2026 22:41:58.652] [Netty Server IO #3/DEBUG] [net.neoforged.neoforge.network.filters.NetworkFilters/]: Injected net.neoforged.neoforge.network.filters.GenericPacketSplitter@22d8b677 into net.minecraft.network.Connection@66dc806
[30Sep2026 22:42:00.546] [Server thread/DEBUG] [mixin/]: Mixing entity.entities_stick_sublevels.player.ServerboundMovePlayerPacketMixin from sable.mixins.json into net.minecraft.network.protocol.game.ServerboundMovePlayerPacket
[30Sep2026 22:42:00.615] [Netty Server IO #3/DEBUG] [net.neoforged.neoforge.network.filters.NetworkFilters/]: Injected net.neoforged.neoforge.network.filters.GenericPacketSplitter@1cb861f9 into net.minecraft.network.Connection@66dc806
[30Sep2026 22:42:00.794] [Server thread/INFO] [net.minecraft.server.players.PlayerList/]: MainBlaine[/127.0.0.1:2546] logged in with entity id 1264 at (-200.90735700579083, 69.0, -1.319176228971561)
[30Sep2026 22:42:00.795] [Server thread/INFO] [dev.ryanhcode.sable.Sable/]: Beginning attempted authentication with player MainBlaine
[30Sep2026 22:42:00.983] [Server thread/INFO] [net.minecraft.server.MinecraftServer/]: MainBlaine joined the game
[30Sep2026 22:42:01.306] [Server thread/INFO] [DistantHorizons-DistantHorizons-com.seibel.distanthorizons.core.api.internal.ServerApi/]: Player [MainBlaine] joined.
[30Sep2026 22:42:01.773] [Netty Server IO #0/INFO] [dev.ryanhcode.sable.Sable/]: UDP authentication complete with /127.0.0.1:2546, UDP routing to /127.0.0.1:57412
[30Sep2026 22:42:03.639] [Server thread/WARN] [net.minecraft.server.MinecraftServer/]: Can't keep up! Is the server overloaded? Running 2022ms or 40 ticks behind
[30Sep2026 22:42:07.006] [Server thread/DEBUG] [mcp.mobius.waila.registry.RegistryFilter/]: [WTHIT] Start filter for minecraft:block
[30Sep2026 22:42:07.006] [Server thread/DEBUG] [mcp.mobius.waila.registry.RegistryFilter/]: [WTHIT] 	Negate: false, Tag      : #waila:extra/energy_blacklist
[30Sep2026 22:42:07.008] [Server thread/DEBUG] [mcp.mobius.waila.registry.RegistryFilter/]: [WTHIT] Finished in 1ms, id: 1451994025
[30Sep2026 22:42:07.008] [Server thread/DEBUG] [mcp.mobius.waila.registry.RegistryFilter/]: [WTHIT] Start filter for minecraft:block_entity_type
[30Sep2026 22:42:07.008] [Server thread/DEBUG] [mcp.mobius.waila.registry.RegistryFilter/]: [WTHIT] 	Negate: false, Tag      : #waila:extra/energy_blacklist
[30Sep2026 22:42:07.008] [Server thread/DEBUG] [mcp.mobius.waila.registry.RegistryFilter/]: [WTHIT] Finished in 0ms, id: 562525143
[30Sep2026 22:42:07.008] [Server thread/DEBUG] [mcp.mobius.waila.registry.RegistryFilter/]: [WTHIT] Start filter for minecraft:entity_type
[30Sep2026 22:42:07.008] [Server thread/DEBUG] [mcp.mobius.waila.registry.RegistryFilter/]: [WTHIT] 	Negate: false, Tag      : #waila:extra/energy_blacklist
[30Sep2026 22:42:07.008] [Server thread/DEBUG] [mcp.mobius.waila.registry.RegistryFilter/]: [WTHIT] Finished in 0ms, id: 894323806
[30Sep2026 22:42:07.010] [Server thread/DEBUG] [mcp.mobius.waila.registry.RegistryFilter/]: [WTHIT] Start filter for minecraft:block
[30Sep2026 22:42:07.010] [Server thread/DEBUG] [mcp.mobius.waila.registry.RegistryFilter/]: [WTHIT] 	Negate: false, Tag      : #waila:extra/fluid_blacklist
[30Sep2026 22:42:07.010] [Server thread/DEBUG] [mcp.mobius.waila.registry.RegistryFilter/]: [WTHIT] Finished in 0ms, id: 2061673454
[30Sep2026 22:42:07.010] [Server thread/DEBUG] [mcp.mobius.waila.registry.RegistryFilter/]: [WTHIT] Start filter for minecraft:block_entity_type
[30Sep2026 22:42:07.010] [Server thread/DEBUG] [mcp.mobius.waila.registry.RegistryFilter/]: [WTHIT] 	Negate: false, Tag      : #waila:extra/fluid_blacklist
[30Sep2026 22:42:07.010] [Server thread/DEBUG] [mcp.mobius.waila.registry.RegistryFilter/]: [WTHIT] Finished in 0ms, id: 415861804
[30Sep2026 22:42:07.010] [Server thread/DEBUG] [mcp.mobius.waila.registry.RegistryFilter/]: [WTHIT] Start filter for minecraft:entity_type
[30Sep2026 22:42:07.010] [Server thread/DEBUG] [mcp.mobius.waila.registry.RegistryFilter/]: [WTHIT] 	Negate: false, Tag      : #waila:extra/fluid_blacklist
[30Sep2026 22:42:07.010] [Server thread/DEBUG] [mcp.mobius.waila.registry.RegistryFilter/]: [WTHIT] Finished in 0ms, id: 473869342
[30Sep2026 22:42:07.012] [Server thread/DEBUG] [mcp.mobius.waila.registry.RegistryFilter/]: [WTHIT] Start filter for minecraft:block
[30Sep2026 22:42:07.012] [Server thread/DEBUG] [mcp.mobius.waila.registry.RegistryFilter/]: [WTHIT] 	Negate: false, Tag      : #waila:extra/item_blacklist
[30Sep2026 22:42:07.012] [Server thread/DEBUG] [mcp.mobius.waila.registry.RegistryFilter/]: [WTHIT] Finished in 0ms, id: 118930777
[30Sep2026 22:42:07.012] [Server thread/DEBUG] [mcp.mobius.waila.registry.RegistryFilter/]: [WTHIT] Start filter for minecraft:block_entity_type
[30Sep2026 22:42:07.012] [Server thread/DEBUG] [mcp.mobius.waila.registry.RegistryFilter/]: [WTHIT] 	Negate: false, Tag      : #waila:extra/item_blacklist
[30Sep2026 22:42:07.012] [Server thread/DEBUG] [mcp.mobius.waila.registry.RegistryFilter/]: [WTHIT] Finished in 0ms, id: 2037927690
[30Sep2026 22:42:07.012] [Server thread/DEBUG] [mcp.mobius.waila.registry.RegistryFilter/]: [WTHIT] Start filter for minecraft:entity_type
[30Sep2026 22:42:07.012] [Server thread/DEBUG] [mcp.mobius.waila.registry.RegistryFilter/]: [WTHIT] 	Negate: false, Tag      : #waila:extra/item_blacklist
[30Sep2026 22:42:07.012] [Server thread/DEBUG] [mcp.mobius.waila.registry.RegistryFilter/]: [WTHIT] Finished in 0ms, id: 1330077855
[30Sep2026 22:42:07.013] [Server thread/DEBUG] [mcp.mobius.waila.registry.RegistryFilter/]: [WTHIT] Start filter for minecraft:block
[30Sep2026 22:42:07.013] [Server thread/DEBUG] [mcp.mobius.waila.registry.RegistryFilter/]: [WTHIT] 	Negate: false, Tag      : #waila:extra/progress_blacklist
[30Sep2026 22:42:07.013] [Server thread/DEBUG] [mcp.mobius.waila.registry.RegistryFilter/]: [WTHIT] Finished in 0ms, id: 513999047
[30Sep2026 22:42:07.013] [Server thread/DEBUG] [mcp.mobius.waila.registry.RegistryFilter/]: [WTHIT] Start filter for minecraft:block_entity_type
[30Sep2026 22:42:07.013] [Server thread/DEBUG] [mcp.mobius.waila.registry.RegistryFilter/]: [WTHIT] 	Negate: false, Tag      : #waila:extra/progress_blacklist
[30Sep2026 22:42:07.013] [Server thread/DEBUG] [mcp.mobius.waila.registry.RegistryFilter/]: [WTHIT] Finished in 0ms, id: 1478464229
[30Sep2026 22:42:07.013] [Server thread/DEBUG] [mcp.mobius.waila.registry.RegistryFilter/]: [WTHIT] Start filter for minecraft:entity_type
[30Sep2026 22:42:07.013] [Server thread/DEBUG] [mcp.mobius.waila.registry.RegistryFilter/]: [WTHIT] 	Negate: false, Tag      : #waila:extra/progress_blacklist
[30Sep2026 22:42:07.013] [Server thread/DEBUG] [mcp.mobius.waila.registry.RegistryFilter/]: [WTHIT] Finished in 0ms, id: 999998284
[30Sep2026 22:42:10.053] [Server thread/DEBUG] [mixin/]: Mixing compatibility.create.schematics.StructureTemplateMixin from sable-neoforge.mixins.json into net.minecraft.world.level.levelgen.structure.templatesystem.StructureTemplate
[30Sep2026 22:42:10.054] [Server thread/DEBUG] [mixin/]: Renaming synthetic method lambda$fillEntityList$0(Ldev/ryanhcode/sable/ActiveSableCompanion;Ldev/ryanhcode/sable/sublevel/SubLevel;Lnet/minecraft/world/entity/Entity;)Z to mded67c0$sable$lambda$fillEntityList$0$0 in sable-neoforge.mixins.json:compatibility.create.schematics.StructureTemplateMixin from mod sable
[30Sep2026 22:42:10.058] [Server thread/DEBUG] [mixin/]: sable-neoforge.mixins.json:compatibility.create.schematics.StructureTemplateMixin from mod sable->@Inject::sable$load(Lnet/minecraft/core/HolderGetter;Lnet/minecraft/nbt/CompoundTag;Lorg/spongepowered/asm/mixin/injection/callback/CallbackInfo;)V doesn't use it's CallbackInfo
[30Sep2026 22:42:10.058] [Server thread/DEBUG] [mixin/]: sable-neoforge.mixins.json:compatibility.create.schematics.StructureTemplateMixin from mod sable->@Inject::sable$load(Lnet/minecraft/core/HolderGetter;Lnet/minecraft/nbt/CompoundTag;Lorg/spongepowered/asm/mixin/injection/callback/CallbackInfo;)V has 0 override(s) in child classes
[30Sep2026 22:42:10.058] [Server thread/DEBUG] [mixin/]: sable-neoforge.mixins.json:compatibility.create.schematics.StructureTemplateMixin from mod sable->@Inject::sable$load(Lnet/minecraft/core/HolderGetter;Lnet/minecraft/nbt/CompoundTag;Lorg/spongepowered/asm/mixin/injection/callback/CallbackInfo;)V won't be passed a CallbackInfo as a result
[30Sep2026 22:42:10.058] [Server thread/DEBUG] [mixin/]: sable-neoforge.mixins.json:compatibility.create.schematics.StructureTemplateMixin from mod sable->@Inject::fillEntityList(Lnet/minecraft/world/level/Level;Lnet/minecraft/core/BlockPos;Lnet/minecraft/core/BlockPos;Lorg/spongepowered/asm/mixin/injection/callback/CallbackInfo;)V doesn't use it's CallbackInfo
[30Sep2026 22:42:10.058] [Server thread/DEBUG] [mixin/]: sable-neoforge.mixins.json:compatibility.create.schematics.StructureTemplateMixin from mod sable->@Inject::fillEntityList(Lnet/minecraft/world/level/Level;Lnet/minecraft/core/BlockPos;Lnet/minecraft/core/BlockPos;Lorg/spongepowered/asm/mixin/injection/callback/CallbackInfo;)V has 0 override(s) in child classes
[30Sep2026 22:42:10.058] [Server thread/DEBUG] [mixin/]: sable-neoforge.mixins.json:compatibility.create.schematics.StructureTemplateMixin from mod sable->@Inject::fillEntityList(Lnet/minecraft/world/level/Level;Lnet/minecraft/core/BlockPos;Lnet/minecraft/core/BlockPos;Lorg/spongepowered/asm/mixin/injection/callback/CallbackInfo;)V won't be passed a CallbackInfo as a result
[30Sep2026 22:42:31.461] [Server thread/WARN] [net.minecraft.server.MinecraftServer/]: Can't keep up! Is the server overloaded? Running 12845ms or 256 ticks behind
[30Sep2026 22:42:55.534] [Server thread/WARN] [net.minecraft.server.MinecraftServer/]: Can't keep up! Is the server overloaded? Running 9118ms or 182 ticks behind
[30Sep2026 22:43:19.353] [Server thread/WARN] [net.minecraft.server.MinecraftServer/]: Can't keep up! Is the server overloaded? Running 8836ms or 176 ticks behind
[30Sep2026 22:43:44.027] [Server thread/WARN] [net.minecraft.server.MinecraftServer/]: Can't keep up! Is the server overloaded? Running 9711ms or 194 ticks behind
[30Sep2026 22:43:51.928] [Server thread/DEBUG] [cpw.mods.inventorysorter.InventorySorter/]: Got action SORT slot 42
[30Sep2026 22:43:51.933] [Server thread/DEBUG] [cpw.mods.inventorysorter.InventorySorter/]: Slot mapping {[]=InventoryMapping{i=[], c=net.minecraft.world.inventory.ChestMenu@3c410e23, b=81, e=89}, []=InventoryMapping{i=[], c=net.minecraft.world.inventory.ChestMenu@3c410e23, b=54, e=80}, net.minecraft.world.CompoundContainer@78c3314f=InventoryMapping{i=net.minecraft.world.CompoundContainer@78c3314f, c=net.minecraft.world.inventory.ChestMenu@3c410e23, b=0, e=53}}
[30Sep2026 22:43:51.934] [Server thread/DEBUG] [cpw.mods.inventorysorter.InventorySorter/]: Action slot InventoryMapping{i=net.minecraft.world.CompoundContainer@78c3314f, c=net.minecraft.world.inventory.ChestMenu@3c410e23, b=0, e=53}
[30Sep2026 22:44:07.757] [Server thread/WARN] [net.minecraft.server.MinecraftServer/]: Can't keep up! Is the server overloaded? Running 8741ms or 174 ticks behind
[30Sep2026 22:46:42.295] [Server thread/INFO] [dev.ryanhcode.sable.Sable/]: Saving sub-levels for level 'ServerLevel[Create2024]'/minecraft:overworld
[30Sep2026 22:46:42.393] [Server thread/INFO] [dev.ryanhcode.sable.Sable/]: Saving sub-levels for level 'ServerLevel[Create2024]'/minecraft:the_end
[30Sep2026 22:46:42.394] [Server thread/INFO] [dev.ryanhcode.sable.Sable/]: Saving sub-levels for level 'ServerLevel[Create2024]'/minecraft:the_nether
[30Sep2026 22:46:42.396] [Server thread/DEBUG] [net.neoforged.neoforge.common.CommonHooks/WP]: Gathered mod list to write to world save Create2024
[30Sep2026 22:48:06.300] [Server thread/DEBUG] [cpw.mods.inventorysorter.InventorySorter/]: Got action SORT slot 33
[30Sep2026 22:48:06.301] [Server thread/DEBUG] [cpw.mods.inventorysorter.InventorySorter/]: Slot mapping {net.minecraft.world.inventory.TransientCraftingContainer@32ae328f=InventoryMapping{i=net.minecraft.world.inventory.TransientCraftingContainer@32ae328f, c=net.minecraft.world.inventory.InventoryMenu@1c77c98e, b=1, e=4}, []=InventoryMapping{i=[], c=net.minecraft.world.inventory.InventoryMenu@1c77c98e, b=36, e=44}, []=InventoryMapping{i=[], c=net.minecraft.world.inventory.InventoryMenu@1c77c98e, b=9, e=35}, net.minecraft.world.inventory.ResultContainer@10d5988d=InventoryMapping{i=net.minecraft.world.inventory.ResultContainer@10d5988d, c=net.minecraft.world.inventory.InventoryMenu@1c77c98e, b=0, e=0}, []=InventoryMapping{i=[], c=net.minecraft.world.inventory.InventoryMenu@1c77c98e, b=45, e=45}}
[30Sep2026 22:48:06.301] [Server thread/DEBUG] [cpw.mods.inventorysorter.InventorySorter/]: Action slot InventoryMapping{i=[], c=net.minecraft.world.inventory.InventoryMenu@1c77c98e, b=9, e=35}
[30Sep2026 22:48:07.897] [Server thread/DEBUG] [cpw.mods.inventorysorter.InventorySorter/]: Got action SORT slot 25
[30Sep2026 22:48:07.897] [Server thread/DEBUG] [cpw.mods.inventorysorter.InventorySorter/]: Slot mapping {net.minecraft.world.inventory.TransientCraftingContainer@32ae328f=InventoryMapping{i=net.minecraft.world.inventory.TransientCraftingContainer@32ae328f, c=net.minecraft.world.inventory.InventoryMenu@1c77c98e, b=1, e=4}, []=InventoryMapping{i=[], c=net.minecraft.world.inventory.InventoryMenu@1c77c98e, b=36, e=44}, []=InventoryMapping{i=[], c=net.minecraft.world.inventory.InventoryMenu@1c77c98e, b=9, e=35}, net.minecraft.world.inventory.ResultContainer@10d5988d=InventoryMapping{i=net.minecraft.world.inventory.ResultContainer@10d5988d, c=net.minecraft.world.inventory.InventoryMenu@1c77c98e, b=0, e=0}, []=InventoryMapping{i=[], c=net.minecraft.world.inventory.InventoryMenu@1c77c98e, b=45, e=45}}
[30Sep2026 22:48:07.897] [Server thread/DEBUG] [cpw.mods.inventorysorter.InventorySorter/]: Action slot InventoryMapping{i=[], c=net.minecraft.world.inventory.InventoryMenu@1c77c98e, b=9, e=35}
[30Sep2026 22:50:08.196] [Server thread/WARN] [net.minecraft.server.level.ServerPlayerGameMode/]: Mismatch in destroy block pos: BlockPos{x=-160, y=64, z=-38} BlockPos{x=-159, y=63, z=-40}
[30Sep2026 22:51:42.262] [Server thread/INFO] [dev.ryanhcode.sable.Sable/]: Saving sub-levels for level 'ServerLevel[Create2024]'/minecraft:overworld
[30Sep2026 22:51:42.308] [Server thread/INFO] [dev.ryanhcode.sable.Sable/]: Saving sub-levels for level 'ServerLevel[Create2024]'/minecraft:the_end
[30Sep2026 22:51:42.308] [Server thread/INFO] [dev.ryanhcode.sable.Sable/]: Saving sub-levels for level 'ServerLevel[Create2024]'/minecraft:the_nether
[30Sep2026 22:51:42.309] [Server thread/DEBUG] [net.neoforged.neoforge.common.CommonHooks/WP]: Gathered mod list to write to world save Create2024
[30Sep2026 22:52:55.390] [Server thread/WARN] [net.minecraft.server.level.ServerPlayerGameMode/]: Mismatch in destroy block pos: BlockPos{x=-161, y=62, z=-38} BlockPos{x=-160, y=65, z=-35}
[30Sep2026 22:53:16.644] [Server thread/WARN] [net.minecraft.server.level.ServerPlayerGameMode/]: Mismatch in destroy block pos: BlockPos{x=-158, y=63, z=-44} BlockPos{x=-160, y=63, z=-35}
[30Sep2026 22:54:21.827] [Server thread/WARN] [net.minecraft.server.MinecraftServer/]: Can't keep up! Is the server overloaded? Running 2011ms or 40 ticks behind
[30Sep2026 22:54:40.308] [Server thread/WARN] [net.minecraft.server.MinecraftServer/]: Can't keep up! Is the server overloaded? Running 3492ms or 69 ticks behind
[30Sep2026 22:54:50.135] [Netty Server IO #8/ERROR] [net.minecraft.network.PacketEncoder/]: Error sending packet clientbound/minecraft:disconnect
io.netty.handler.codec.EncoderException: Sending unknown packet 'clientbound/minecraft:disconnect'
	at TRANSFORMER/minecraft@1.21.1/net.minecraft.network.codec.IdDispatchCodec.encode(IdDispatchCodec.java:47) ~[server-1.21.1-20240808.144430-srg.jar%23133!/:?]
	at TRANSFORMER/minecraft@1.21.1/net.minecraft.network.codec.IdDispatchCodec.encode(IdDispatchCodec.java:14) ~[server-1.21.1-20240808.144430-srg.jar%23133!/:?]
	at TRANSFORMER/minecraft@1.21.1/net.minecraft.network.PacketEncoder.encode(PacketEncoder.java:24) ~[server-1.21.1-20240808.144430-srg.jar%23133!/:?]
	at TRANSFORMER/minecraft@1.21.1/net.minecraft.network.PacketEncoder.encode(PacketEncoder.java:12) ~[server-1.21.1-20240808.144430-srg.jar%23133!/:?]
	at MC-BOOTSTRAP/io.netty.codec@4.1.97.Final/io.netty.handler.codec.MessageToByteEncoder.write(MessageToByteEncoder.java:107) ~[netty-codec-4.1.97.Final.jar%23102!/:4.1.97.Final]
	at MC-BOOTSTRAP/io.netty.transport@4.1.97.Final/io.netty.channel.AbstractChannelHandlerContext.invokeWrite0(AbstractChannelHandlerContext.java:881) ~[netty-transport-4.1.97.Final.jar%23106!/:4.1.97.Final]
	at MC-BOOTSTRAP/io.netty.transport@4.1.97.Final/io.netty.channel.AbstractChannelHandlerContext.invokeWrite(AbstractChannelHandlerContext.java:863) ~[netty-transport-4.1.97.Final.jar%23106!/:4.1.97.Final]
	at MC-BOOTSTRAP/io.netty.transport@4.1.97.Final/io.netty.channel.AbstractChannelHandlerContext.write(AbstractChannelHandlerContext.java:968) ~[netty-transport-4.1.97.Final.jar%23106!/:4.1.97.Final]
	at MC-BOOTSTRAP/io.netty.transport@4.1.97.Final/io.netty.channel.AbstractChannelHandlerContext.write(AbstractChannelHandlerContext.java:856) ~[netty-transport-4.1.97.Final.jar%23106!/:4.1.97.Final]
	at MC-BOOTSTRAP/io.netty.transport@4.1.97.Final/io.netty.channel.ChannelOutboundHandlerAdapter.write(ChannelOutboundHandlerAdapter.java:113) ~[netty-transport-4.1.97.Final.jar%23106!/:4.1.97.Final]
	at TRANSFORMER/minecraft@1.21.1/net.minecraft.network.Connection$2.write(Connection.java:528) ~[server-1.21.1-20240808.144430-srg.jar%23133!/:?]
	at MC-BOOTSTRAP/io.netty.transport@4.1.97.Final/io.netty.channel.AbstractChannelHandlerContext.invokeWrite0(AbstractChannelHandlerContext.java:881) ~[netty-transport-4.1.97.Final.jar%23106!/:4.1.97.Final]
	at MC-BOOTSTRAP/io.netty.transport@4.1.97.Final/io.netty.channel.AbstractChannelHandlerContext.invokeWriteAndFlush(AbstractChannelHandlerContext.java:940) ~[netty-transport-4.1.97.Final.jar%23106!/:4.1.97.Final]
	at MC-BOOTSTRAP/io.netty.transport@4.1.97.Final/io.netty.channel.AbstractChannelHandlerContext.write(AbstractChannelHandlerContext.java:966) ~[netty-transport-4.1.97.Final.jar%23106!/:4.1.97.Final]
	at MC-BOOTSTRAP/io.netty.transport@4.1.97.Final/io.netty.channel.AbstractChannelHandlerContext.writeAndFlush(AbstractChannelHandlerContext.java:934) ~[netty-transport-4.1.97.Final.jar%23106!/:4.1.97.Final]
	at MC-BOOTSTRAP/io.netty.transport@4.1.97.Final/io.netty.channel.AbstractChannelHandlerContext.writeAndFlush(AbstractChannelHandlerContext.java:984) ~[netty-transport-4.1.97.Final.jar%23106!/:4.1.97.Final]
	at MC-BOOTSTRAP/io.netty.transport@4.1.97.Final/io.netty.channel.DefaultChannelPipeline.writeAndFlush(DefaultChannelPipeline.java:1025) ~[netty-transport-4.1.97.Final.jar%23106!/:4.1.97.Final]
	at MC-BOOTSTRAP/io.netty.transport@4.1.97.Final/io.netty.channel.AbstractChannel.writeAndFlush(AbstractChannel.java:306) ~[netty-transport-4.1.97.Final.jar%23106!/:4.1.97.Final]
	at TRANSFORMER/minecraft@1.21.1/net.minecraft.network.Connection.doSendPacket(Connection.java:364) ~[server-1.21.1-20240808.144430-srg.jar%23133!/:?]
	at TRANSFORMER/minecraft@1.21.1/net.minecraft.network.Connection.sendPacket(Connection.java:357) ~[server-1.21.1-20240808.144430-srg.jar%23133!/:?]
	at TRANSFORMER/minecraft@1.21.1/net.minecraft.network.Connection.send(Connection.java:339) ~[server-1.21.1-20240808.144430-srg.jar%23133!/:?]
	at TRANSFORMER/minecraft@1.21.1/net.minecraft.network.Connection.send(Connection.java:333) ~[server-1.21.1-20240808.144430-srg.jar%23133!/:?]
	at TRANSFORMER/minecraft@1.21.1/net.minecraft.network.Connection.exceptionCaught(Connection.java:168) ~[server-1.21.1-20240808.144430-srg.jar%23133!/:?]
	at MC-BOOTSTRAP/io.netty.transport@4.1.97.Final/io.netty.channel.AbstractChannelHandlerContext.invokeExceptionCaught(AbstractChannelHandlerContext.java:346) ~[netty-transport-4.1.97.Final.jar%23106!/:4.1.97.Final]
	at MC-BOOTSTRAP/io.netty.transport@4.1.97.Final/io.netty.channel.AbstractChannelHandlerContext.invokeExceptionCaught(AbstractChannelHandlerContext.java:325) ~[netty-transport-4.1.97.Final.jar%23106!/:4.1.97.Final]
	at MC-BOOTSTRAP/io.netty.transport@4.1.97.Final/io.netty.channel.AbstractChannelHandlerContext.fireExceptionCaught(AbstractChannelHandlerContext.java:317) ~[netty-transport-4.1.97.Final.jar%23106!/:4.1.97.Final]
	at MC-BOOTSTRAP/io.netty.transport@4.1.97.Final/io.netty.channel.DefaultChannelPipeline$HeadContext.exceptionCaught(DefaultChannelPipeline.java:1377) ~[netty-transport-4.1.97.Final.jar%23106!/:4.1.97.Final]
	at MC-BOOTSTRAP/io.netty.transport@4.1.97.Final/io.netty.channel.AbstractChannelHandlerContext.invokeExceptionCaught(AbstractChannelHandlerContext.java:346) ~[netty-transport-4.1.97.Final.jar%23106!/:4.1.97.Final]
	at MC-BOOTSTRAP/io.netty.transport@4.1.97.Final/io.netty.channel.AbstractChannelHandlerContext.invokeExceptionCaught(AbstractChannelHandlerContext.java:325) ~[netty-transport-4.1.97.Final.jar%23106!/:4.1.97.Final]
	at MC-BOOTSTRAP/io.netty.transport@4.1.97.Final/io.netty.channel.DefaultChannelPipeline.fireExceptionCaught(DefaultChannelPipeline.java:907) ~[netty-transport-4.1.97.Final.jar%23106!/:4.1.97.Final]
	at MC-BOOTSTRAP/io.netty.transport@4.1.97.Final/io.netty.channel.nio.AbstractNioByteChannel$NioByteUnsafe.handleReadException(AbstractNioByteChannel.java:125) ~[netty-transport-4.1.97.Final.jar%23106!/:4.1.97.Final]
	at MC-BOOTSTRAP/io.netty.transport@4.1.97.Final/io.netty.channel.nio.AbstractNioByteChannel$NioByteUnsafe.read(AbstractNioByteChannel.java:177) ~[netty-transport-4.1.97.Final.jar%23106!/:4.1.97.Final]
	at MC-BOOTSTRAP/io.netty.transport@4.1.97.Final/io.netty.channel.nio.NioEventLoop.processSelectedKey(NioEventLoop.java:788) ~[netty-transport-4.1.97.Final.jar%23106!/:4.1.97.Final]
	at MC-BOOTSTRAP/io.netty.transport@4.1.97.Final/io.netty.channel.nio.NioEventLoop.processSelectedKeysOptimized(NioEventLoop.java:724) ~[netty-transport-4.1.97.Final.jar%23106!/:4.1.97.Final]
	at MC-BOOTSTRAP/io.netty.transport@4.1.97.Final/io.netty.channel.nio.NioEventLoop.processSelectedKeys(NioEventLoop.java:650) ~[netty-transport-4.1.97.Final.jar%23106!/:4.1.97.Final]
	at MC-BOOTSTRAP/io.netty.transport@4.1.97.Final/io.netty.channel.nio.NioEventLoop.run(NioEventLoop.java:562) ~[netty-transport-4.1.97.Final.jar%23106!/:4.1.97.Final]
	at MC-BOOTSTRAP/io.netty.common@4.1.97.Final/io.netty.util.concurrent.SingleThreadEventExecutor$4.run(SingleThreadEventExecutor.java:997) ~[netty-common-4.1.97.Final.jar%23103!/:4.1.97.Final]
	at MC-BOOTSTRAP/io.netty.common@4.1.97.Final/io.netty.util.internal.ThreadExecutorMap$2.run(ThreadExecutorMap.java:74) ~[netty-common-4.1.97.Final.jar%23103!/:4.1.97.Final]
	at java.base/java.lang.Thread.run(Thread.java:1583) [?:?]
[30Sep2026 22:54:58.470] [Server thread/WARN] [net.minecraft.server.MinecraftServer/]: Can't keep up! Is the server overloaded? Running 2003ms or 40 ticks behind
[30Sep2026 22:55:23.116] [Server thread/WARN] [net.minecraft.server.MinecraftServer/]: Can't keep up! Is the server overloaded? Running 2000ms or 40 ticks behind
[30Sep2026 22:55:47.575] [Server thread/WARN] [net.minecraft.server.MinecraftServer/]: Can't keep up! Is the server overloaded? Running 2009ms or 40 ticks behind
[30Sep2026 22:56:10.340] [Server thread/WARN] [net.minecraft.server.MinecraftServer/]: Can't keep up! Is the server overloaded? Running 2023ms or 40 ticks behind
[30Sep2026 22:56:31.369] [Server thread/WARN] [net.minecraft.server.MinecraftServer/]: Can't keep up! Is the server overloaded? Running 2003ms or 40 ticks behind
[30Sep2026 22:56:40.400] [Server thread/WARN] [net.minecraft.server.level.ServerPlayerGameMode/]: Mismatch in destroy block pos: BlockPos{x=-160, y=63, z=-34} BlockPos{x=-160, y=64, z=-40}
[30Sep2026 22:56:56.054] [Server thread/WARN] [net.minecraft.server.MinecraftServer/]: Can't keep up! Is the server overloaded? Running 2038ms or 40 ticks behind
[30Sep2026 22:57:00.102] [Server thread/INFO] [dev.ryanhcode.sable.Sable/]: Saving sub-levels for level 'ServerLevel[Create2024]'/minecraft:overworld
[30Sep2026 22:57:00.147] [Server thread/INFO] [dev.ryanhcode.sable.Sable/]: Saving sub-levels for level 'ServerLevel[Create2024]'/minecraft:the_end
[30Sep2026 22:57:00.147] [Server thread/INFO] [dev.ryanhcode.sable.Sable/]: Saving sub-levels for level 'ServerLevel[Create2024]'/minecraft:the_nether
[30Sep2026 22:57:00.149] [Server thread/DEBUG] [net.neoforged.neoforge.common.CommonHooks/WP]: Gathered mod list to write to world save Create2024
[30Sep2026 22:57:22.429] [Server thread/WARN] [net.minecraft.server.level.ServerPlayerGameMode/]: Mismatch in destroy block pos: BlockPos{x=-160, y=63, z=-34} BlockPos{x=-160, y=64, z=-40}
[30Sep2026 22:57:24.941] [Server thread/WARN] [net.minecraft.server.MinecraftServer/]: Can't keep up! Is the server overloaded? Running 2025ms or 40 ticks behind
[30Sep2026 22:57:45.968] [Server thread/WARN] [net.minecraft.server.MinecraftServer/]: Can't keep up! Is the server overloaded? Running 2001ms or 40 ticks behind
[30Sep2026 22:57:46.975] [Server thread/WARN] [net.minecraft.server.level.ServerPlayerGameMode/]: Mismatch in destroy block pos: BlockPos{x=-160, y=65, z=-40} BlockPos{x=-161, y=64, z=-40}
[30Sep2026 22:57:53.302] [Server thread/WARN] [net.minecraft.server.level.ServerPlayerGameMode/]: Mismatch in destroy block pos: BlockPos{x=-160, y=65, z=-40} BlockPos{x=-160, y=64, z=-42}
[30Sep2026 22:58:05.775] [Server thread/WARN] [net.minecraft.server.MinecraftServer/]: Can't keep up! Is the server overloaded? Running 2008ms or 40 ticks behind
[30Sep2026 22:58:32.268] [Server thread/WARN] [net.minecraft.server.MinecraftServer/]: Can't keep up! Is the server overloaded? Running 2001ms or 40 ticks behind
[30Sep2026 22:58:56.988] [Server thread/WARN] [net.minecraft.server.MinecraftServer/]: Can't keep up! Is the server overloaded? Running 2022ms or 40 ticks behind
[30Sep2026 22:59:11.394] [Server thread/WARN] [net.minecraft.server.level.ServerPlayerGameMode/]: Mismatch in destroy block pos: BlockPos{x=-160, y=64, z=-41} BlockPos{x=-160, y=63, z=-42}
[30Sep2026 22:59:15.476] [Server thread/WARN] [net.minecraft.server.MinecraftServer/]: Can't keep up! Is the server overloaded? Running 2009ms or 40 ticks behind
[30Sep2026 22:59:34.700] [Server thread/WARN] [net.minecraft.server.level.ServerPlayerGameMode/]: Mismatch in destroy block pos: BlockPos{x=-160, y=64, z=-41} BlockPos{x=-160, y=64, z=-42}
[30Sep2026 22:59:35.239] [Server thread/WARN] [net.minecraft.server.MinecraftServer/]: Can't keep up! Is the server overloaded? Running 2022ms or 40 ticks behind
[30Sep2026 22:59:59.469] [Server thread/WARN] [net.minecraft.server.MinecraftServer/]: Can't keep up! Is the server overloaded? Running 2003ms or 40 ticks behind
[30Sep2026 23:00:18.173] [Server thread/WARN] [net.minecraft.server.MinecraftServer/]: Can't keep up! Is the server overloaded? Running 2006ms or 40 ticks behind
[30Sep2026 23:00:44.032] [Server thread/WARN] [net.minecraft.server.MinecraftServer/]: Can't keep up! Is the server overloaded? Running 2016ms or 40 ticks behind
[30Sep2026 23:01:10.878] [Server thread/WARN] [net.minecraft.server.MinecraftServer/]: Can't keep up! Is the server overloaded? Running 2012ms or 40 ticks behind
[30Sep2026 23:01:44.029] [Server thread/WARN] [net.minecraft.server.MinecraftServer/]: Can't keep up! Is the server overloaded? Running 2012ms or 40 ticks behind
[30Sep2026 23:01:58.952] [Server thread/WARN] [net.minecraft.server.level.ServerPlayerGameMode/]: Mismatch in destroy block pos: BlockPos{x=-161, y=65, z=-39} BlockPos{x=-160, y=65, z=-40}
[30Sep2026 23:02:07.821] [Server thread/WARN] [net.minecraft.server.MinecraftServer/]: Can't keep up! Is the server overloaded? Running 2004ms or 40 ticks behind
[30Sep2026 23:02:26.866] [Server thread/INFO] [dev.ryanhcode.sable.Sable/]: Saving sub-levels for level 'ServerLevel[Create2024]'/minecraft:overworld
[30Sep2026 23:02:26.919] [Server thread/INFO] [dev.ryanhcode.sable.Sable/]: Saving sub-levels for level 'ServerLevel[Create2024]'/minecraft:the_end
[30Sep2026 23:02:26.919] [Server thread/INFO] [dev.ryanhcode.sable.Sable/]: Saving sub-levels for level 'ServerLevel[Create2024]'/minecraft:the_nether
[30Sep2026 23:02:26.919] [Server thread/DEBUG] [net.neoforged.neoforge.common.CommonHooks/WP]: Gathered mod list to write to world save Create2024
[30Sep2026 23:02:37.900] [Server thread/WARN] [net.minecraft.server.MinecraftServer/]: Can't keep up! Is the server overloaded? Running 2034ms or 40 ticks behind
[30Sep2026 23:03:02.638] [Server thread/WARN] [net.minecraft.server.MinecraftServer/]: Can't keep up! Is the server overloaded? Running 2021ms or 40 ticks behind
[30Sep2026 23:03:19.891] [Server thread/WARN] [net.minecraft.server.level.ServerPlayerGameMode/]: Mismatch in destroy block pos: BlockPos{x=-159, y=64, z=-39} BlockPos{x=-161, y=63, z=-39}
[30Sep2026 23:03:22.289] [Server thread/WARN] [net.minecraft.server.MinecraftServer/]: Can't keep up! Is the server overloaded? Running 2023ms or 40 ticks behind
[30Sep2026 23:03:22.535] [Server thread/WARN] [net.minecraft.server.level.ServerPlayerGameMode/]: Mismatch in destroy block pos: BlockPos{x=-159, y=64, z=-39} BlockPos{x=-160, y=64, z=-39}
[30Sep2026 23:03:45.826] [Server thread/WARN] [net.minecraft.server.MinecraftServer/]: Can't keep up! Is the server overloaded? Running 2010ms or 40 ticks behind
[30Sep2026 23:04:04.871] [Server thread/WARN] [net.minecraft.server.MinecraftServer/]: Can't keep up! Is the server overloaded? Running 2005ms or 40 ticks behind
[30Sep2026 23:04:30.720] [Server thread/WARN] [net.minecraft.server.MinecraftServer/]: Can't keep up! Is the server overloaded? Running 2004ms or 40 ticks behind
[30Sep2026 23:04:52.124] [Server thread/WARN] [net.minecraft.server.MinecraftServer/]: Can't keep up! Is the server overloaded? Running 2007ms or 40 ticks behind
[30Sep2026 23:05:40.243] [Server thread/WARN] [net.minecraft.server.level.ServerPlayerGameMode/]: Mismatch in destroy block pos: BlockPos{x=-159, y=63, z=-40} BlockPos{x=-158, y=65, z=-39}
[30Sep2026 23:06:14.253] [Server thread/WARN] [net.minecraft.server.level.ServerPlayerGameMode/]: Mismatch in destroy block pos: BlockPos{x=-158, y=63, z=-40} BlockPos{x=-161, y=64, z=-40}
[30Sep2026 23:06:16.198] [Server thread/WARN] [net.minecraft.server.level.ServerPlayerGameMode/]: Mismatch in destroy block pos: BlockPos{x=-158, y=63, z=-40} BlockPos{x=-161, y=64, z=-40}
[30Sep2026 23:06:25.202] [Server thread/WARN] [net.minecraft.server.level.ServerPlayerGameMode/]: Mismatch in destroy block pos: BlockPos{x=-158, y=63, z=-40} BlockPos{x=-160, y=63, z=-40}
[30Sep2026 23:06:48.241] [Server thread/WARN] [net.minecraft.server.level.ServerPlayerGameMode/]: Mismatch in destroy block pos: BlockPos{x=-158, y=64, z=-40} BlockPos{x=-161, y=64, z=-42}
[30Sep2026 23:07:03.091] [Server thread/WARN] [net.minecraft.server.level.ServerPlayerGameMode/]: Mismatch in destroy block pos: BlockPos{x=-158, y=64, z=-40} BlockPos{x=-163, y=64, z=-39}
[30Sep2026 23:07:39.715] [Server thread/INFO] [dev.ryanhcode.sable.Sable/]: Saving sub-levels for level 'ServerLevel[Create2024]'/minecraft:overworld
[30Sep2026 23:07:39.757] [Server thread/INFO] [dev.ryanhcode.sable.Sable/]: Saving sub-levels for level 'ServerLevel[Create2024]'/minecraft:the_end
[30Sep2026 23:07:39.757] [Server thread/INFO] [dev.ryanhcode.sable.Sable/]: Saving sub-levels for level 'ServerLevel[Create2024]'/minecraft:the_nether
[30Sep2026 23:07:39.758] [Server thread/DEBUG] [net.neoforged.neoforge.common.CommonHooks/WP]: Gathered mod list to write to world save Create2024
[30Sep2026 23:08:13.248] [Server thread/WARN] [net.minecraft.server.level.ServerPlayerGameMode/]: Mismatch in destroy block pos: BlockPos{x=-158, y=64, z=-40} BlockPos{x=-161, y=63, z=-40}
[30Sep2026 23:08:42.341] [Server thread/WARN] [net.minecraft.server.level.ServerPlayerGameMode/]: Mismatch in destroy block pos: BlockPos{x=-158, y=64, z=-40} BlockPos{x=-162, y=63, z=-40}
[30Sep2026 23:12:39.705] [Server thread/INFO] [dev.ryanhcode.sable.Sable/]: Saving sub-levels for level 'ServerLevel[Create2024]'/minecraft:overworld
[30Sep2026 23:12:39.737] [Server thread/INFO] [dev.ryanhcode.sable.Sable/]: Saving sub-levels for level 'ServerLevel[Create2024]'/minecraft:the_end
[30Sep2026 23:12:39.738] [Server thread/INFO] [dev.ryanhcode.sable.Sable/]: Saving sub-levels for level 'ServerLevel[Create2024]'/minecraft:the_nether
[30Sep2026 23:12:39.738] [Server thread/DEBUG] [net.neoforged.neoforge.common.CommonHooks/WP]: Gathered mod list to write to world save Create2024
[30Sep2026 23:14:46.953] [Server thread/INFO] [net.minecraft.server.MinecraftServer/]: [MainBlaine: Set the time to 1000]
[30Sep2026 23:17:31.000] [Server thread/WARN] [net.minecraft.server.level.ServerPlayerGameMode/]: Mismatch in destroy block pos: BlockPos{x=-177, y=65, z=15} BlockPos{x=-178, y=64, z=14}
[30Sep2026 23:17:39.702] [Server thread/INFO] [dev.ryanhcode.sable.Sable/]: Saving sub-levels for level 'ServerLevel[Create2024]'/minecraft:overworld
[30Sep2026 23:17:39.734] [Server thread/INFO] [dev.ryanhcode.sable.Sable/]: Saving sub-levels for level 'ServerLevel[Create2024]'/minecraft:the_end
[30Sep2026 23:17:39.736] [Server thread/INFO] [dev.ryanhcode.sable.Sable/]: Saving sub-levels for level 'ServerLevel[Create2024]'/minecraft:the_nether
[30Sep2026 23:17:39.736] [Server thread/DEBUG] [net.neoforged.neoforge.common.CommonHooks/WP]: Gathered mod list to write to world save Create2024
[30Sep2026 23:17:43.444] [Server thread/WARN] [net.minecraft.server.level.ServerPlayerGameMode/]: Mismatch in destroy block pos: BlockPos{x=-177, y=65, z=15} BlockPos{x=-185, y=66, z=13}
[30Sep2026 23:19:15.198] [Server thread/WARN] [net.minecraft.server.level.ServerPlayerGameMode/]: Mismatch in destroy block pos: BlockPos{x=-185, y=69, z=11} BlockPos{x=-181, y=67, z=16}
[30Sep2026 23:22:39.711] [Server thread/INFO] [dev.ryanhcode.sable.Sable/]: Saving sub-levels for level 'ServerLevel[Create2024]'/minecraft:overworld
[30Sep2026 23:22:39.745] [Server thread/INFO] [dev.ryanhcode.sable.Sable/]: Saving sub-levels for level 'ServerLevel[Create2024]'/minecraft:the_end
[30Sep2026 23:22:39.746] [Server thread/INFO] [dev.ryanhcode.sable.Sable/]: Saving sub-levels for level 'ServerLevel[Create2024]'/minecraft:the_nether
[30Sep2026 23:22:39.746] [Server thread/DEBUG] [net.neoforged.neoforge.common.CommonHooks/WP]: Gathered mod list to write to world save Create2024
[30Sep2026 23:25:12.501] [Server thread/DEBUG] [mixin/]: Mixing compatibility.create.raycast.RaycastHelperMixin from sable-neoforge.mixins.json into com.simibubi.create.foundation.utility.RaycastHelper
[30Sep2026 23:25:12.528] [Server thread/DEBUG] [mixin/]: sable-neoforge.mixins.json:compatibility.create.raycast.RaycastHelperMixin from mod sable->@Inject::sable$rayTraceSublevels(Lnet/minecraft/world/entity/player/Player;DLjava/util/function/Predicate;Lorg/spongepowered/asm/mixin/injection/callback/CallbackInfoReturnable;)V does use it's CallbackInfoReturnable
[30Sep2026 23:27:39.713] [Server thread/INFO] [dev.ryanhcode.sable.Sable/]: Saving sub-levels for level 'ServerLevel[Create2024]'/minecraft:overworld
[30Sep2026 23:27:39.747] [Server thread/INFO] [dev.ryanhcode.sable.Sable/]: Saving sub-levels for level 'ServerLevel[Create2024]'/minecraft:the_end
[30Sep2026 23:27:39.747] [Server thread/INFO] [dev.ryanhcode.sable.Sable/]: Saving sub-levels for level 'ServerLevel[Create2024]'/minecraft:the_nether
[30Sep2026 23:27:39.748] [Server thread/DEBUG] [net.neoforged.neoforge.common.CommonHooks/WP]: Gathered mod list to write to world save Create2024
[30Sep2026 23:31:17.245] [Server thread/WARN] [net.minecraft.server.level.ServerPlayerGameMode/]: Mismatch in destroy block pos: BlockPos{x=-183, y=64, z=11} BlockPos{x=-182, y=66, z=10}
[30Sep2026 23:32:39.711] [Server thread/INFO] [dev.ryanhcode.sable.Sable/]: Saving sub-levels for level 'ServerLevel[Create2024]'/minecraft:overworld
[30Sep2026 23:32:39.743] [Server thread/INFO] [dev.ryanhcode.sable.Sable/]: Saving sub-levels for level 'ServerLevel[Create2024]'/minecraft:the_end
[30Sep2026 23:32:39.743] [Server thread/INFO] [dev.ryanhcode.sable.Sable/]: Saving sub-levels for level 'ServerLevel[Create2024]'/minecraft:the_nether
[30Sep2026 23:32:39.744] [Server thread/DEBUG] [net.neoforged.neoforge.common.CommonHooks/WP]: Gathered mod list to write to world save Create2024
[30Sep2026 23:32:59.953] [Netty Server IO #0/WARN] [io.netty.channel.DefaultChannelPipeline/]: An exceptionCaught() event was fired, and it reached at the tail of the pipeline. It usually means the last handler in the pipeline did not handle the exception.
io.netty.handler.codec.DecoderException: java.io.IOException: Received an invalid packet ID: 254
	at MC-BOOTSTRAP/io.netty.codec@4.1.97.Final/io.netty.handler.codec.MessageToMessageDecoder.channelRead(MessageToMessageDecoder.java:98) ~[netty-codec-4.1.97.Final.jar%23102!/:4.1.97.Final]
	at MC-BOOTSTRAP/io.netty.transport@4.1.97.Final/io.netty.channel.AbstractChannelHandlerContext.invokeChannelRead(AbstractChannelHandlerContext.java:444) ~[netty-transport-4.1.97.Final.jar%23106!/:4.1.97.Final]
	at MC-BOOTSTRAP/io.netty.transport@4.1.97.Final/io.netty.channel.AbstractChannelHandlerContext.invokeChannelRead(AbstractChannelHandlerContext.java:420) ~[netty-transport-4.1.97.Final.jar%23106!/:4.1.97.Final]
	at MC-BOOTSTRAP/io.netty.transport@4.1.97.Final/io.netty.channel.AbstractChannelHandlerContext.fireChannelRead(AbstractChannelHandlerContext.java:412) ~[netty-transport-4.1.97.Final.jar%23106!/:4.1.97.Final]
	at MC-BOOTSTRAP/io.netty.handler@4.1.97.Final/io.netty.handler.flow.FlowControlHandler.dequeue(FlowControlHandler.java:202) ~[netty-handler-4.1.97.Final.jar%23104!/:4.1.97.Final]
	at MC-BOOTSTRAP/io.netty.handler@4.1.97.Final/io.netty.handler.flow.FlowControlHandler.channelRead(FlowControlHandler.java:164) ~[netty-handler-4.1.97.Final.jar%23104!/:4.1.97.Final]
	at MC-BOOTSTRAP/io.netty.transport@4.1.97.Final/io.netty.channel.AbstractChannelHandlerContext.invokeChannelRead(AbstractChannelHandlerContext.java:442) ~[netty-transport-4.1.97.Final.jar%23106!/:4.1.97.Final]
	at MC-BOOTSTRAP/io.netty.transport@4.1.97.Final/io.netty.channel.AbstractChannelHandlerContext.invokeChannelRead(AbstractChannelHandlerContext.java:420) ~[netty-transport-4.1.97.Final.jar%23106!/:4.1.97.Final]
	at MC-BOOTSTRAP/io.netty.transport@4.1.97.Final/io.netty.channel.AbstractChannelHandlerContext.fireChannelRead(AbstractChannelHandlerContext.java:412) ~[netty-transport-4.1.97.Final.jar%23106!/:4.1.97.Final]
	at MC-BOOTSTRAP/io.netty.codec@4.1.97.Final/io.netty.handler.codec.ByteToMessageDecoder.channelRead(ByteToMessageDecoder.java:324) ~[netty-codec-4.1.97.Final.jar%23102!/:4.1.97.Final]
	at MC-BOOTSTRAP/io.netty.transport@4.1.97.Final/io.netty.channel.AbstractChannelHandlerContext.invokeChannelRead(AbstractChannelHandlerContext.java:444) ~[netty-transport-4.1.97.Final.jar%23106!/:4.1.97.Final]
	at MC-BOOTSTRAP/io.netty.transport@4.1.97.Final/io.netty.channel.AbstractChannelHandlerContext.invokeChannelRead(AbstractChannelHandlerContext.java:420) ~[netty-transport-4.1.97.Final.jar%23106!/:4.1.97.Final]
	at MC-BOOTSTRAP/io.netty.transport@4.1.97.Final/io.netty.channel.AbstractChannelHandlerContext.fireChannelRead(AbstractChannelHandlerContext.java:412) ~[netty-transport-4.1.97.Final.jar%23106!/:4.1.97.Final]
	at MC-BOOTSTRAP/io.netty.transport@4.1.97.Final/io.netty.channel.DefaultChannelPipeline$HeadContext.channelRead(DefaultChannelPipeline.java:1410) ~[netty-transport-4.1.97.Final.jar%23106!/:4.1.97.Final]
	at MC-BOOTSTRAP/io.netty.transport@4.1.97.Final/io.netty.channel.AbstractChannelHandlerContext.invokeChannelRead(AbstractChannelHandlerContext.java:440) ~[netty-transport-4.1.97.Final.jar%23106!/:4.1.97.Final]
	at MC-BOOTSTRAP/io.netty.transport@4.1.97.Final/io.netty.channel.AbstractChannelHandlerContext.invokeChannelRead(AbstractChannelHandlerContext.java:420) ~[netty-transport-4.1.97.Final.jar%23106!/:4.1.97.Final]
	at MC-BOOTSTRAP/io.netty.transport@4.1.97.Final/io.netty.channel.DefaultChannelPipeline.fireChannelRead(DefaultChannelPipeline.java:919) ~[netty-transport-4.1.97.Final.jar%23106!/:4.1.97.Final]
	at MC-BOOTSTRAP/io.netty.transport@4.1.97.Final/io.netty.channel.nio.AbstractNioMessageChannel$NioMessageUnsafe.read(AbstractNioMessageChannel.java:97) ~[netty-transport-4.1.97.Final.jar%23106!/:4.1.97.Final]
	at MC-BOOTSTRAP/io.netty.transport@4.1.97.Final/io.netty.channel.nio.NioEventLoop.processSelectedKey(NioEventLoop.java:788) ~[netty-transport-4.1.97.Final.jar%23106!/:4.1.97.Final]
	at MC-BOOTSTRAP/io.netty.transport@4.1.97.Final/io.netty.channel.nio.NioEventLoop.processSelectedKeysOptimized(NioEventLoop.java:724) ~[netty-transport-4.1.97.Final.jar%23106!/:4.1.97.Final]
	at MC-BOOTSTRAP/io.netty.transport@4.1.97.Final/io.netty.channel.nio.NioEventLoop.processSelectedKeys(NioEventLoop.java:650) ~[netty-transport-4.1.97.Final.jar%23106!/:4.1.97.Final]
	at MC-BOOTSTRAP/io.netty.transport@4.1.97.Final/io.netty.channel.nio.NioEventLoop.run(NioEventLoop.java:562) ~[netty-transport-4.1.97.Final.jar%23106!/:4.1.97.Final]
	at MC-BOOTSTRAP/io.netty.common@4.1.97.Final/io.netty.util.concurrent.SingleThreadEventExecutor$4.run(SingleThreadEventExecutor.java:997) ~[netty-common-4.1.97.Final.jar%23103!/:4.1.97.Final]
	at MC-BOOTSTRAP/io.netty.common@4.1.97.Final/io.netty.util.internal.ThreadExecutorMap$2.run(ThreadExecutorMap.java:74) ~[netty-common-4.1.97.Final.jar%23103!/:4.1.97.Final]
	at java.base/java.lang.Thread.run(Thread.java:1583) [?:?]
Caused by: java.io.IOException: Received an invalid packet ID: 254
	at TRANSFORMER/sable@2.0.5/dev.ryanhcode.sable.network.udp.SableUDPPacketDecoder.decode(SableUDPPacketDecoder.java:37) ~[sable-neoforge-1.21.1-2.0.5.jar%23149!/:2.0.5]
	at TRANSFORMER/sable@2.0.5/dev.ryanhcode.sable.network.udp.SableUDPPacketDecoder.decode(SableUDPPacketDecoder.java:14) ~[sable-neoforge-1.21.1-2.0.5.jar%23149!/:2.0.5]
	at MC-BOOTSTRAP/io.netty.codec@4.1.97.Final/io.netty.handler.codec.MessageToMessageDecoder.channelRead(MessageToMessageDecoder.java:88) ~[netty-codec-4.1.97.Final.jar%23102!/:4.1.97.Final]
	... 24 more
[30Sep2026 23:32:59.954] [Netty Server IO #0/ERROR] [dev.ryanhcode.sable.Sable/]: Server UDP channel caught exception
io.netty.handler.codec.DecoderException: java.io.IOException: Received an invalid packet ID: 254
	at MC-BOOTSTRAP/io.netty.codec@4.1.97.Final/io.netty.handler.codec.MessageToMessageDecoder.channelRead(MessageToMessageDecoder.java:98) ~[netty-codec-4.1.97.Final.jar%23102!/:4.1.97.Final]
	at MC-BOOTSTRAP/io.netty.transport@4.1.97.Final/io.netty.channel.AbstractChannelHandlerContext.invokeChannelRead(AbstractChannelHandlerContext.java:444) ~[netty-transport-4.1.97.Final.jar%23106!/:4.1.97.Final]
	at MC-BOOTSTRAP/io.netty.transport@4.1.97.Final/io.netty.channel.AbstractChannelHandlerContext.invokeChannelRead(AbstractChannelHandlerContext.java:420) ~[netty-transport-4.1.97.Final.jar%23106!/:4.1.97.Final]
	at MC-BOOTSTRAP/io.netty.transport@4.1.97.Final/io.netty.channel.AbstractChannelHandlerContext.fireChannelRead(AbstractChannelHandlerContext.java:412) ~[netty-transport-4.1.97.Final.jar%23106!/:4.1.97.Final]
	at MC-BOOTSTRAP/io.netty.handler@4.1.97.Final/io.netty.handler.flow.FlowControlHandler.dequeue(FlowControlHandler.java:202) ~[netty-handler-4.1.97.Final.jar%23104!/:4.1.97.Final]
	at MC-BOOTSTRAP/io.netty.handler@4.1.97.Final/io.netty.handler.flow.FlowControlHandler.channelRead(FlowControlHandler.java:164) ~[netty-handler-4.1.97.Final.jar%23104!/:4.1.97.Final]
	at MC-BOOTSTRAP/io.netty.transport@4.1.97.Final/io.netty.channel.AbstractChannelHandlerContext.invokeChannelRead(AbstractChannelHandlerContext.java:442) ~[netty-transport-4.1.97.Final.jar%23106!/:4.1.97.Final]
	at MC-BOOTSTRAP/io.netty.transport@4.1.97.Final/io.netty.channel.AbstractChannelHandlerContext.invokeChannelRead(AbstractChannelHandlerContext.java:420) ~[netty-transport-4.1.97.Final.jar%23106!/:4.1.97.Final]
	at MC-BOOTSTRAP/io.netty.transport@4.1.97.Final/io.netty.channel.AbstractChannelHandlerContext.fireChannelRead(AbstractChannelHandlerContext.java:412) ~[netty-transport-4.1.97.Final.jar%23106!/:4.1.97.Final]
	at MC-BOOTSTRAP/io.netty.codec@4.1.97.Final/io.netty.handler.codec.ByteToMessageDecoder.channelRead(ByteToMessageDecoder.java:324) ~[netty-codec-4.1.97.Final.jar%23102!/:4.1.97.Final]
	at MC-BOOTSTRAP/io.netty.transport@4.1.97.Final/io.netty.channel.AbstractChannelHandlerContext.invokeChannelRead(AbstractChannelHandlerContext.java:444) ~[netty-transport-4.1.97.Final.jar%23106!/:4.1.97.Final]
	at MC-BOOTSTRAP/io.netty.transport@4.1.97.Final/io.netty.channel.AbstractChannelHandlerContext.invokeChannelRead(AbstractChannelHandlerContext.java:420) ~[netty-transport-4.1.97.Final.jar%23106!/:4.1.97.Final]
	at MC-BOOTSTRAP/io.netty.transport@4.1.97.Final/io.netty.channel.AbstractChannelHandlerContext.fireChannelRead(AbstractChannelHandlerContext.java:412) ~[netty-transport-4.1.97.Final.jar%23106!/:4.1.97.Final]
	at MC-BOOTSTRAP/io.netty.transport@4.1.97.Final/io.netty.channel.DefaultChannelPipeline$HeadContext.channelRead(DefaultChannelPipeline.java:1410) ~[netty-transport-4.1.97.Final.jar%23106!/:4.1.97.Final]
	at MC-BOOTSTRAP/io.netty.transport@4.1.97.Final/io.netty.channel.AbstractChannelHandlerContext.invokeChannelRead(AbstractChannelHandlerContext.java:440) ~[netty-transport-4.1.97.Final.jar%23106!/:4.1.97.Final]
	at MC-BOOTSTRAP/io.netty.transport@4.1.97.Final/io.netty.channel.AbstractChannelHandlerContext.invokeChannelRead(AbstractChannelHandlerContext.java:420) ~[netty-transport-4.1.97.Final.jar%23106!/:4.1.97.Final]
	at MC-BOOTSTRAP/io.netty.transport@4.1.97.Final/io.netty.channel.DefaultChannelPipeline.fireChannelRead(DefaultChannelPipeline.java:919) ~[netty-transport-4.1.97.Final.jar%23106!/:4.1.97.Final]
	at MC-BOOTSTRAP/io.netty.transport@4.1.97.Final/io.netty.channel.nio.AbstractNioMessageChannel$NioMessageUnsafe.read(AbstractNioMessageChannel.java:97) ~[netty-transport-4.1.97.Final.jar%23106!/:4.1.97.Final]
	at MC-BOOTSTRAP/io.netty.transport@4.1.97.Final/io.netty.channel.nio.NioEventLoop.processSelectedKey(NioEventLoop.java:788) ~[netty-transport-4.1.97.Final.jar%23106!/:4.1.97.Final]
	at MC-BOOTSTRAP/io.netty.transport@4.1.97.Final/io.netty.channel.nio.NioEventLoop.processSelectedKeysOptimized(NioEventLoop.java:724) ~[netty-transport-4.1.97.Final.jar%23106!/:4.1.97.Final]
	at MC-BOOTSTRAP/io.netty.transport@4.1.97.Final/io.netty.channel.nio.NioEventLoop.processSelectedKeys(NioEventLoop.java:650) ~[netty-transport-4.1.97.Final.jar%23106!/:4.1.97.Final]
	at MC-BOOTSTRAP/io.netty.transport@4.1.97.Final/io.netty.channel.nio.NioEventLoop.run(NioEventLoop.java:562) ~[netty-transport-4.1.97.Final.jar%23106!/:4.1.97.Final]
	at MC-BOOTSTRAP/io.netty.common@4.1.97.Final/io.netty.util.concurrent.SingleThreadEventExecutor$4.run(SingleThreadEventExecutor.java:997) ~[netty-common-4.1.97.Final.jar%23103!/:4.1.97.Final]
	at MC-BOOTSTRAP/io.netty.common@4.1.97.Final/io.netty.util.internal.ThreadExecutorMap$2.run(ThreadExecutorMap.java:74) ~[netty-common-4.1.97.Final.jar%23103!/:4.1.97.Final]
	at java.base/java.lang.Thread.run(Thread.java:1583) [?:?]
Caused by: java.io.IOException: Received an invalid packet ID: 254
	at TRANSFORMER/sable@2.0.5/dev.ryanhcode.sable.network.udp.SableUDPPacketDecoder.decode(SableUDPPacketDecoder.java:37) ~[sable-neoforge-1.21.1-2.0.5.jar%23149!/:2.0.5]
	at TRANSFORMER/sable@2.0.5/dev.ryanhcode.sable.network.udp.SableUDPPacketDecoder.decode(SableUDPPacketDecoder.java:14) ~[sable-neoforge-1.21.1-2.0.5.jar%23149!/:2.0.5]
	at MC-BOOTSTRAP/io.netty.codec@4.1.97.Final/io.netty.handler.codec.MessageToMessageDecoder.channelRead(MessageToMessageDecoder.java:88) ~[netty-codec-4.1.97.Final.jar%23102!/:4.1.97.Final]
	... 24 more
[30Sep2026 23:36:21.592] [Server thread/DEBUG] [cpw.mods.inventorysorter.InventorySorter/]: Got action SORT slot 51
[30Sep2026 23:36:21.593] [Server thread/DEBUG] [cpw.mods.inventorysorter.InventorySorter/]: Slot mapping {[]=InventoryMapping{i=[], c=net.minecraft.world.inventory.ChestMenu@3f651dd1, b=54, e=62}, []=InventoryMapping{i=[], c=net.minecraft.world.inventory.ChestMenu@3f651dd1, b=27, e=53}, net.minecraft.world.level.block.entity.BarrelBlockEntity@76084957=InventoryMapping{i=net.minecraft.world.level.block.entity.BarrelBlockEntity@76084957, c=net.minecraft.world.inventory.ChestMenu@3f651dd1, b=0, e=26}}
[30Sep2026 23:36:21.593] [Server thread/DEBUG] [cpw.mods.inventorysorter.InventorySorter/]: Action slot InventoryMapping{i=[], c=net.minecraft.world.inventory.ChestMenu@3f651dd1, b=27, e=53}
[30Sep2026 23:36:47.037] [Server thread/DEBUG] [cpw.mods.inventorysorter.InventorySorter/]: Got action SORT slot 42
[30Sep2026 23:36:47.037] [Server thread/DEBUG] [cpw.mods.inventorysorter.InventorySorter/]: Slot mapping {[]=InventoryMapping{i=[], c=net.minecraft.world.inventory.ChestMenu@49705253, b=54, e=62}, []=InventoryMapping{i=[], c=net.minecraft.world.inventory.ChestMenu@49705253, b=27, e=53}, net.minecraft.world.level.block.entity.BarrelBlockEntity@76084957=InventoryMapping{i=net.minecraft.world.level.block.entity.BarrelBlockEntity@76084957, c=net.minecraft.world.inventory.ChestMenu@49705253, b=0, e=26}}
[30Sep2026 23:36:47.037] [Server thread/DEBUG] [cpw.mods.inventorysorter.InventorySorter/]: Action slot InventoryMapping{i=[], c=net.minecraft.world.inventory.ChestMenu@49705253, b=27, e=53}
[30Sep2026 23:37:30.636] [Netty Server IO #23/ERROR] [net.minecraft.network.PacketEncoder/]: Error sending packet clientbound/minecraft:disconnect
io.netty.handler.codec.EncoderException: Sending unknown packet 'clientbound/minecraft:disconnect'
	at TRANSFORMER/minecraft@1.21.1/net.minecraft.network.codec.IdDispatchCodec.encode(IdDispatchCodec.java:47) ~[server-1.21.1-20240808.144430-srg.jar%23133!/:?]
	at TRANSFORMER/minecraft@1.21.1/net.minecraft.network.codec.IdDispatchCodec.encode(IdDispatchCodec.java:14) ~[server-1.21.1-20240808.144430-srg.jar%23133!/:?]
	at TRANSFORMER/minecraft@1.21.1/net.minecraft.network.PacketEncoder.encode(PacketEncoder.java:24) ~[server-1.21.1-20240808.144430-srg.jar%23133!/:?]
	at TRANSFORMER/minecraft@1.21.1/net.minecraft.network.PacketEncoder.encode(PacketEncoder.java:12) ~[server-1.21.1-20240808.144430-srg.jar%23133!/:?]
	at MC-BOOTSTRAP/io.netty.codec@4.1.97.Final/io.netty.handler.codec.MessageToByteEncoder.write(MessageToByteEncoder.java:107) ~[netty-codec-4.1.97.Final.jar%23102!/:4.1.97.Final]
	at MC-BOOTSTRAP/io.netty.transport@4.1.97.Final/io.netty.channel.AbstractChannelHandlerContext.invokeWrite0(AbstractChannelHandlerContext.java:881) ~[netty-transport-4.1.97.Final.jar%23106!/:4.1.97.Final]
	at MC-BOOTSTRAP/io.netty.transport@4.1.97.Final/io.netty.channel.AbstractChannelHandlerContext.invokeWrite(AbstractChannelHandlerContext.java:863) ~[netty-transport-4.1.97.Final.jar%23106!/:4.1.97.Final]
	at MC-BOOTSTRAP/io.netty.transport@4.1.97.Final/io.netty.channel.AbstractChannelHandlerContext.write(AbstractChannelHandlerContext.java:968) ~[netty-transport-4.1.97.Final.jar%23106!/:4.1.97.Final]
	at MC-BOOTSTRAP/io.netty.transport@4.1.97.Final/io.netty.channel.AbstractChannelHandlerContext.write(AbstractChannelHandlerContext.java:856) ~[netty-transport-4.1.97.Final.jar%23106!/:4.1.97.Final]
	at MC-BOOTSTRAP/io.netty.transport@4.1.97.Final/io.netty.channel.ChannelOutboundHandlerAdapter.write(ChannelOutboundHandlerAdapter.java:113) ~[netty-transport-4.1.97.Final.jar%23106!/:4.1.97.Final]
	at TRANSFORMER/minecraft@1.21.1/net.minecraft.network.Connection$2.write(Connection.java:528) ~[server-1.21.1-20240808.144430-srg.jar%23133!/:?]
	at MC-BOOTSTRAP/io.netty.transport@4.1.97.Final/io.netty.channel.AbstractChannelHandlerContext.invokeWrite0(AbstractChannelHandlerContext.java:881) ~[netty-transport-4.1.97.Final.jar%23106!/:4.1.97.Final]
	at MC-BOOTSTRAP/io.netty.transport@4.1.97.Final/io.netty.channel.AbstractChannelHandlerContext.invokeWriteAndFlush(AbstractChannelHandlerContext.java:940) ~[netty-transport-4.1.97.Final.jar%23106!/:4.1.97.Final]
	at MC-BOOTSTRAP/io.netty.transport@4.1.97.Final/io.netty.channel.AbstractChannelHandlerContext.write(AbstractChannelHandlerContext.java:966) ~[netty-transport-4.1.97.Final.jar%23106!/:4.1.97.Final]
	at MC-BOOTSTRAP/io.netty.transport@4.1.97.Final/io.netty.channel.AbstractChannelHandlerContext.writeAndFlush(AbstractChannelHandlerContext.java:934) ~[netty-transport-4.1.97.Final.jar%23106!/:4.1.97.Final]
	at MC-BOOTSTRAP/io.netty.transport@4.1.97.Final/io.netty.channel.AbstractChannelHandlerContext.writeAndFlush(AbstractChannelHandlerContext.java:984) ~[netty-transport-4.1.97.Final.jar%23106!/:4.1.97.Final]
	at MC-BOOTSTRAP/io.netty.transport@4.1.97.Final/io.netty.channel.DefaultChannelPipeline.writeAndFlush(DefaultChannelPipeline.java:1025) ~[netty-transport-4.1.97.Final.jar%23106!/:4.1.97.Final]
	at MC-BOOTSTRAP/io.netty.transport@4.1.97.Final/io.netty.channel.AbstractChannel.writeAndFlush(AbstractChannel.java:306) ~[netty-transport-4.1.97.Final.jar%23106!/:4.1.97.Final]
	at TRANSFORMER/minecraft@1.21.1/net.minecraft.network.Connection.doSendPacket(Connection.java:364) ~[server-1.21.1-20240808.144430-srg.jar%23133!/:?]
	at TRANSFORMER/minecraft@1.21.1/net.minecraft.network.Connection.sendPacket(Connection.java:357) ~[server-1.21.1-20240808.144430-srg.jar%23133!/:?]
	at TRANSFORMER/minecraft@1.21.1/net.minecraft.network.Connection.send(Connection.java:339) ~[server-1.21.1-20240808.144430-srg.jar%23133!/:?]
	at TRANSFORMER/minecraft@1.21.1/net.minecraft.network.Connection.send(Connection.java:333) ~[server-1.21.1-20240808.144430-srg.jar%23133!/:?]
	at TRANSFORMER/minecraft@1.21.1/net.minecraft.network.Connection.exceptionCaught(Connection.java:168) ~[server-1.21.1-20240808.144430-srg.jar%23133!/:?]
	at MC-BOOTSTRAP/io.netty.transport@4.1.97.Final/io.netty.channel.AbstractChannelHandlerContext.invokeExceptionCaught(AbstractChannelHandlerContext.java:346) ~[netty-transport-4.1.97.Final.jar%23106!/:4.1.97.Final]
	at MC-BOOTSTRAP/io.netty.transport@4.1.97.Final/io.netty.channel.AbstractChannelHandlerContext.invokeExceptionCaught(AbstractChannelHandlerContext.java:325) ~[netty-transport-4.1.97.Final.jar%23106!/:4.1.97.Final]
	at MC-BOOTSTRAP/io.netty.transport@4.1.97.Final/io.netty.channel.AbstractChannelHandlerContext.fireExceptionCaught(AbstractChannelHandlerContext.java:317) ~[netty-transport-4.1.97.Final.jar%23106!/:4.1.97.Final]
	at MC-BOOTSTRAP/io.netty.transport@4.1.97.Final/io.netty.channel.DefaultChannelPipeline$HeadContext.exceptionCaught(DefaultChannelPipeline.java:1377) ~[netty-transport-4.1.97.Final.jar%23106!/:4.1.97.Final]
	at MC-BOOTSTRAP/io.netty.transport@4.1.97.Final/io.netty.channel.AbstractChannelHandlerContext.invokeExceptionCaught(AbstractChannelHandlerContext.java:346) ~[netty-transport-4.1.97.Final.jar%23106!/:4.1.97.Final]
	at MC-BOOTSTRAP/io.netty.transport@4.1.97.Final/io.netty.channel.AbstractChannelHandlerContext.invokeExceptionCaught(AbstractChannelHandlerContext.java:325) ~[netty-transport-4.1.97.Final.jar%23106!/:4.1.97.Final]
	at MC-BOOTSTRAP/io.netty.transport@4.1.97.Final/io.netty.channel.DefaultChannelPipeline.fireExceptionCaught(DefaultChannelPipeline.java:907) ~[netty-transport-4.1.97.Final.jar%23106!/:4.1.97.Final]
	at MC-BOOTSTRAP/io.netty.transport@4.1.97.Final/io.netty.channel.nio.AbstractNioByteChannel$NioByteUnsafe.handleReadException(AbstractNioByteChannel.java:125) ~[netty-transport-4.1.97.Final.jar%23106!/:4.1.97.Final]
	at MC-BOOTSTRAP/io.netty.transport@4.1.97.Final/io.netty.channel.nio.AbstractNioByteChannel$NioByteUnsafe.read(AbstractNioByteChannel.java:177) ~[netty-transport-4.1.97.Final.jar%23106!/:4.1.97.Final]
	at MC-BOOTSTRAP/io.netty.transport@4.1.97.Final/io.netty.channel.nio.NioEventLoop.processSelectedKey(NioEventLoop.java:788) ~[netty-transport-4.1.97.Final.jar%23106!/:4.1.97.Final]
	at MC-BOOTSTRAP/io.netty.transport@4.1.97.Final/io.netty.channel.nio.NioEventLoop.processSelectedKeysOptimized(NioEventLoop.java:724) ~[netty-transport-4.1.97.Final.jar%23106!/:4.1.97.Final]
	at MC-BOOTSTRAP/io.netty.transport@4.1.97.Final/io.netty.channel.nio.NioEventLoop.processSelectedKeys(NioEventLoop.java:650) ~[netty-transport-4.1.97.Final.jar%23106!/:4.1.97.Final]
	at MC-BOOTSTRAP/io.netty.transport@4.1.97.Final/io.netty.channel.nio.NioEventLoop.run(NioEventLoop.java:562) ~[netty-transport-4.1.97.Final.jar%23106!/:4.1.97.Final]
	at MC-BOOTSTRAP/io.netty.common@4.1.97.Final/io.netty.util.concurrent.SingleThreadEventExecutor$4.run(SingleThreadEventExecutor.java:997) ~[netty-common-4.1.97.Final.jar%23103!/:4.1.97.Final]
	at MC-BOOTSTRAP/io.netty.common@4.1.97.Final/io.netty.util.internal.ThreadExecutorMap$2.run(ThreadExecutorMap.java:74) ~[netty-common-4.1.97.Final.jar%23103!/:4.1.97.Final]
	at java.base/java.lang.Thread.run(Thread.java:1583) [?:?]
[30Sep2026 23:37:39.712] [Server thread/INFO] [dev.ryanhcode.sable.Sable/]: Saving sub-levels for level 'ServerLevel[Create2024]'/minecraft:overworld
[30Sep2026 23:37:39.747] [Server thread/INFO] [dev.ryanhcode.sable.Sable/]: Saving sub-levels for level 'ServerLevel[Create2024]'/minecraft:the_end
[30Sep2026 23:37:39.747] [Server thread/INFO] [dev.ryanhcode.sable.Sable/]: Saving sub-levels for level 'ServerLevel[Create2024]'/minecraft:the_nether
[30Sep2026 23:37:39.748] [Server thread/DEBUG] [net.neoforged.neoforge.common.CommonHooks/WP]: Gathered mod list to write to world save Create2024
[30Sep2026 23:41:09.348] [Server thread/DEBUG] [cpw.mods.inventorysorter.InventorySorter/]: Got action SORT slot 50
[30Sep2026 23:41:09.348] [Server thread/DEBUG] [cpw.mods.inventorysorter.InventorySorter/]: Slot mapping {[]=InventoryMapping{i=[], c=net.minecraft.world.inventory.ChestMenu@15b702b6, b=81, e=89}, []=InventoryMapping{i=[], c=net.minecraft.world.inventory.ChestMenu@15b702b6, b=54, e=80}, net.minecraft.world.CompoundContainer@78d3130a=InventoryMapping{i=net.minecraft.world.CompoundContainer@78d3130a, c=net.minecraft.world.inventory.ChestMenu@15b702b6, b=0, e=53}}
[30Sep2026 23:41:09.349] [Server thread/DEBUG] [cpw.mods.inventorysorter.InventorySorter/]: Action slot InventoryMapping{i=net.minecraft.world.CompoundContainer@78d3130a, c=net.minecraft.world.inventory.ChestMenu@15b702b6, b=0, e=53}
[30Sep2026 23:42:39.729] [Server thread/INFO] [dev.ryanhcode.sable.Sable/]: Saving sub-levels for level 'ServerLevel[Create2024]'/minecraft:overworld
[30Sep2026 23:42:39.768] [Server thread/INFO] [dev.ryanhcode.sable.Sable/]: Saving sub-levels for level 'ServerLevel[Create2024]'/minecraft:the_end
[30Sep2026 23:42:39.768] [Server thread/INFO] [dev.ryanhcode.sable.Sable/]: Saving sub-levels for level 'ServerLevel[Create2024]'/minecraft:the_nether
[30Sep2026 23:42:39.769] [Server thread/DEBUG] [net.neoforged.neoforge.common.CommonHooks/WP]: Gathered mod list to write to world save Create2024
[30Sep2026 23:44:30.691] [Server thread/DEBUG] [cpw.mods.inventorysorter.InventorySorter/]: Got action SORT slot 49
[30Sep2026 23:44:30.691] [Server thread/DEBUG] [cpw.mods.inventorysorter.InventorySorter/]: Slot mapping {[]=InventoryMapping{i=[], c=net.minecraft.world.inventory.ChestMenu@87306a7, b=54, e=62}, []=InventoryMapping{i=[], c=net.minecraft.world.inventory.ChestMenu@87306a7, b=27, e=53}, net.minecraft.world.level.block.entity.BarrelBlockEntity@76084957=InventoryMapping{i=net.minecraft.world.level.block.entity.BarrelBlockEntity@76084957, c=net.minecraft.world.inventory.ChestMenu@87306a7, b=0, e=26}}
[30Sep2026 23:44:30.691] [Server thread/DEBUG] [cpw.mods.inventorysorter.InventorySorter/]: Action slot InventoryMapping{i=[], c=net.minecraft.world.inventory.ChestMenu@87306a7, b=27, e=53}
[30Sep2026 23:44:48.092] [Server thread/DEBUG] [cpw.mods.inventorysorter.InventorySorter/]: Got action SORT slot 51
[30Sep2026 23:44:48.092] [Server thread/DEBUG] [cpw.mods.inventorysorter.InventorySorter/]: Slot mapping {[]=InventoryMapping{i=[], c=net.minecraft.world.inventory.ChestMenu@65188ab3, b=81, e=89}, net.minecraft.world.CompoundContainer@6c2907ff=InventoryMapping{i=net.minecraft.world.CompoundContainer@6c2907ff, c=net.minecraft.world.inventory.ChestMenu@65188ab3, b=0, e=53}, []=InventoryMapping{i=[], c=net.minecraft.world.inventory.ChestMenu@65188ab3, b=54, e=80}}
[30Sep2026 23:44:48.092] [Server thread/DEBUG] [cpw.mods.inventorysorter.InventorySorter/]: Action slot InventoryMapping{i=net.minecraft.world.CompoundContainer@6c2907ff, c=net.minecraft.world.inventory.ChestMenu@65188ab3, b=0, e=53}
[30Sep2026 23:47:39.709] [Server thread/INFO] [dev.ryanhcode.sable.Sable/]: Saving sub-levels for level 'ServerLevel[Create2024]'/minecraft:overworld
[30Sep2026 23:47:39.743] [Server thread/INFO] [dev.ryanhcode.sable.Sable/]: Saving sub-levels for level 'ServerLevel[Create2024]'/minecraft:the_end
[30Sep2026 23:47:39.743] [Server thread/INFO] [dev.ryanhcode.sable.Sable/]: Saving sub-levels for level 'ServerLevel[Create2024]'/minecraft:the_nether
[30Sep2026 23:47:39.744] [Server thread/DEBUG] [net.neoforged.neoforge.common.CommonHooks/WP]: Gathered mod list to write to world save Create2024
[30Sep2026 23:47:49.953] [Server thread/WARN] [net.minecraft.server.level.ServerPlayerGameMode/]: Mismatch in destroy block pos: BlockPos{x=-179, y=66, z=13} BlockPos{x=-178, y=65, z=14}
[30Sep2026 23:48:08.627] [Netty Server IO #0/WARN] [io.netty.channel.DefaultChannelPipeline/]: An exceptionCaught() event was fired, and it reached at the tail of the pipeline. It usually means the last handler in the pipeline did not handle the exception.
io.netty.handler.codec.DecoderException: java.io.IOException: Received an invalid packet ID: 254
	at MC-BOOTSTRAP/io.netty.codec@4.1.97.Final/io.netty.handler.codec.MessageToMessageDecoder.channelRead(MessageToMessageDecoder.java:98) ~[netty-codec-4.1.97.Final.jar%23102!/:4.1.97.Final]
	at MC-BOOTSTRAP/io.netty.transport@4.1.97.Final/io.netty.channel.AbstractChannelHandlerContext.invokeChannelRead(AbstractChannelHandlerContext.java:444) ~[netty-transport-4.1.97.Final.jar%23106!/:4.1.97.Final]
	at MC-BOOTSTRAP/io.netty.transport@4.1.97.Final/io.netty.channel.AbstractChannelHandlerContext.invokeChannelRead(AbstractChannelHandlerContext.java:420) ~[netty-transport-4.1.97.Final.jar%23106!/:4.1.97.Final]
	at MC-BOOTSTRAP/io.netty.transport@4.1.97.Final/io.netty.channel.AbstractChannelHandlerContext.fireChannelRead(AbstractChannelHandlerContext.java:412) ~[netty-transport-4.1.97.Final.jar%23106!/:4.1.97.Final]
	at MC-BOOTSTRAP/io.netty.handler@4.1.97.Final/io.netty.handler.flow.FlowControlHandler.dequeue(FlowControlHandler.java:202) ~[netty-handler-4.1.97.Final.jar%23104!/:4.1.97.Final]
	at MC-BOOTSTRAP/io.netty.handler@4.1.97.Final/io.netty.handler.flow.FlowControlHandler.channelRead(FlowControlHandler.java:164) ~[netty-handler-4.1.97.Final.jar%23104!/:4.1.97.Final]
	at MC-BOOTSTRAP/io.netty.transport@4.1.97.Final/io.netty.channel.AbstractChannelHandlerContext.invokeChannelRead(AbstractChannelHandlerContext.java:442) ~[netty-transport-4.1.97.Final.jar%23106!/:4.1.97.Final]
	at MC-BOOTSTRAP/io.netty.transport@4.1.97.Final/io.netty.channel.AbstractChannelHandlerContext.invokeChannelRead(AbstractChannelHandlerContext.java:420) ~[netty-transport-4.1.97.Final.jar%23106!/:4.1.97.Final]
	at MC-BOOTSTRAP/io.netty.transport@4.1.97.Final/io.netty.channel.AbstractChannelHandlerContext.fireChannelRead(AbstractChannelHandlerContext.java:412) ~[netty-transport-4.1.97.Final.jar%23106!/:4.1.97.Final]
	at MC-BOOTSTRAP/io.netty.codec@4.1.97.Final/io.netty.handler.codec.ByteToMessageDecoder.channelRead(ByteToMessageDecoder.java:324) ~[netty-codec-4.1.97.Final.jar%23102!/:4.1.97.Final]
	at MC-BOOTSTRAP/io.netty.transport@4.1.97.Final/io.netty.channel.AbstractChannelHandlerContext.invokeChannelRead(AbstractChannelHandlerContext.java:444) ~[netty-transport-4.1.97.Final.jar%23106!/:4.1.97.Final]
	at MC-BOOTSTRAP/io.netty.transport@4.1.97.Final/io.netty.channel.AbstractChannelHandlerContext.invokeChannelRead(AbstractChannelHandlerContext.java:420) ~[netty-transport-4.1.97.Final.jar%23106!/:4.1.97.Final]
	at MC-BOOTSTRAP/io.netty.transport@4.1.97.Final/io.netty.channel.AbstractChannelHandlerContext.fireChannelRead(AbstractChannelHandlerContext.java:412) ~[netty-transport-4.1.97.Final.jar%23106!/:4.1.97.Final]
	at MC-BOOTSTRAP/io.netty.transport@4.1.97.Final/io.netty.channel.DefaultChannelPipeline$HeadContext.channelRead(DefaultChannelPipeline.java:1410) ~[netty-transport-4.1.97.Final.jar%23106!/:4.1.97.Final]
	at MC-BOOTSTRAP/io.netty.transport@4.1.97.Final/io.netty.channel.AbstractChannelHandlerContext.invokeChannelRead(AbstractChannelHandlerContext.java:440) ~[netty-transport-4.1.97.Final.jar%23106!/:4.1.97.Final]
	at MC-BOOTSTRAP/io.netty.transport@4.1.97.Final/io.netty.channel.AbstractChannelHandlerContext.invokeChannelRead(AbstractChannelHandlerContext.java:420) ~[netty-transport-4.1.97.Final.jar%23106!/:4.1.97.Final]
	at MC-BOOTSTRAP/io.netty.transport@4.1.97.Final/io.netty.channel.DefaultChannelPipeline.fireChannelRead(DefaultChannelPipeline.java:919) ~[netty-transport-4.1.97.Final.jar%23106!/:4.1.97.Final]
	at MC-BOOTSTRAP/io.netty.transport@4.1.97.Final/io.netty.channel.nio.AbstractNioMessageChannel$NioMessageUnsafe.read(AbstractNioMessageChannel.java:97) ~[netty-transport-4.1.97.Final.jar%23106!/:4.1.97.Final]
	at MC-BOOTSTRAP/io.netty.transport@4.1.97.Final/io.netty.channel.nio.NioEventLoop.processSelectedKey(NioEventLoop.java:788) ~[netty-transport-4.1.97.Final.jar%23106!/:4.1.97.Final]
	at MC-BOOTSTRAP/io.netty.transport@4.1.97.Final/io.netty.channel.nio.NioEventLoop.processSelectedKeysOptimized(NioEventLoop.java:724) ~[netty-transport-4.1.97.Final.jar%23106!/:4.1.97.Final]
	at MC-BOOTSTRAP/io.netty.transport@4.1.97.Final/io.netty.channel.nio.NioEventLoop.processSelectedKeys(NioEventLoop.java:650) ~[netty-transport-4.1.97.Final.jar%23106!/:4.1.97.Final]
	at MC-BOOTSTRAP/io.netty.transport@4.1.97.Final/io.netty.channel.nio.NioEventLoop.run(NioEventLoop.java:562) ~[netty-transport-4.1.97.Final.jar%23106!/:4.1.97.Final]
	at MC-BOOTSTRAP/io.netty.common@4.1.97.Final/io.netty.util.concurrent.SingleThreadEventExecutor$4.run(SingleThreadEventExecutor.java:997) ~[netty-common-4.1.97.Final.jar%23103!/:4.1.97.Final]
	at MC-BOOTSTRAP/io.netty.common@4.1.97.Final/io.netty.util.internal.ThreadExecutorMap$2.run(ThreadExecutorMap.java:74) ~[netty-common-4.1.97.Final.jar%23103!/:4.1.97.Final]
	at java.base/java.lang.Thread.run(Thread.java:1583) [?:?]
Caused by: java.io.IOException: Received an invalid packet ID: 254
	at TRANSFORMER/sable@2.0.5/dev.ryanhcode.sable.network.udp.SableUDPPacketDecoder.decode(SableUDPPacketDecoder.java:37) ~[sable-neoforge-1.21.1-2.0.5.jar%23149!/:2.0.5]
	at TRANSFORMER/sable@2.0.5/dev.ryanhcode.sable.network.udp.SableUDPPacketDecoder.decode(SableUDPPacketDecoder.java:14) ~[sable-neoforge-1.21.1-2.0.5.jar%23149!/:2.0.5]
	at MC-BOOTSTRAP/io.netty.codec@4.1.97.Final/io.netty.handler.codec.MessageToMessageDecoder.channelRead(MessageToMessageDecoder.java:88) ~[netty-codec-4.1.97.Final.jar%23102!/:4.1.97.Final]
	... 24 more
[30Sep2026 23:48:08.628] [Netty Server IO #0/ERROR] [dev.ryanhcode.sable.Sable/]: Server UDP channel caught exception
io.netty.handler.codec.DecoderException: java.io.IOException: Received an invalid packet ID: 254
	at MC-BOOTSTRAP/io.netty.codec@4.1.97.Final/io.netty.handler.codec.MessageToMessageDecoder.channelRead(MessageToMessageDecoder.java:98) ~[netty-codec-4.1.97.Final.jar%23102!/:4.1.97.Final]
	at MC-BOOTSTRAP/io.netty.transport@4.1.97.Final/io.netty.channel.AbstractChannelHandlerContext.invokeChannelRead(AbstractChannelHandlerContext.java:444) ~[netty-transport-4.1.97.Final.jar%23106!/:4.1.97.Final]
	at MC-BOOTSTRAP/io.netty.transport@4.1.97.Final/io.netty.channel.AbstractChannelHandlerContext.invokeChannelRead(AbstractChannelHandlerContext.java:420) ~[netty-transport-4.1.97.Final.jar%23106!/:4.1.97.Final]
	at MC-BOOTSTRAP/io.netty.transport@4.1.97.Final/io.netty.channel.AbstractChannelHandlerContext.fireChannelRead(AbstractChannelHandlerContext.java:412) ~[netty-transport-4.1.97.Final.jar%23106!/:4.1.97.Final]
	at MC-BOOTSTRAP/io.netty.handler@4.1.97.Final/io.netty.handler.flow.FlowControlHandler.dequeue(FlowControlHandler.java:202) ~[netty-handler-4.1.97.Final.jar%23104!/:4.1.97.Final]
	at MC-BOOTSTRAP/io.netty.handler@4.1.97.Final/io.netty.handler.flow.FlowControlHandler.channelRead(FlowControlHandler.java:164) ~[netty-handler-4.1.97.Final.jar%23104!/:4.1.97.Final]
	at MC-BOOTSTRAP/io.netty.transport@4.1.97.Final/io.netty.channel.AbstractChannelHandlerContext.invokeChannelRead(AbstractChannelHandlerContext.java:442) ~[netty-transport-4.1.97.Final.jar%23106!/:4.1.97.Final]
	at MC-BOOTSTRAP/io.netty.transport@4.1.97.Final/io.netty.channel.AbstractChannelHandlerContext.invokeChannelRead(AbstractChannelHandlerContext.java:420) ~[netty-transport-4.1.97.Final.jar%23106!/:4.1.97.Final]
	at MC-BOOTSTRAP/io.netty.transport@4.1.97.Final/io.netty.channel.AbstractChannelHandlerContext.fireChannelRead(AbstractChannelHandlerContext.java:412) ~[netty-transport-4.1.97.Final.jar%23106!/:4.1.97.Final]
	at MC-BOOTSTRAP/io.netty.codec@4.1.97.Final/io.netty.handler.codec.ByteToMessageDecoder.channelRead(ByteToMessageDecoder.java:324) ~[netty-codec-4.1.97.Final.jar%23102!/:4.1.97.Final]
	at MC-BOOTSTRAP/io.netty.transport@4.1.97.Final/io.netty.channel.AbstractChannelHandlerContext.invokeChannelRead(AbstractChannelHandlerContext.java:444) ~[netty-transport-4.1.97.Final.jar%23106!/:4.1.97.Final]
	at MC-BOOTSTRAP/io.netty.transport@4.1.97.Final/io.netty.channel.AbstractChannelHandlerContext.invokeChannelRead(AbstractChannelHandlerContext.java:420) ~[netty-transport-4.1.97.Final.jar%23106!/:4.1.97.Final]
	at MC-BOOTSTRAP/io.netty.transport@4.1.97.Final/io.netty.channel.AbstractChannelHandlerContext.fireChannelRead(AbstractChannelHandlerContext.java:412) ~[netty-transport-4.1.97.Final.jar%23106!/:4.1.97.Final]
	at MC-BOOTSTRAP/io.netty.transport@4.1.97.Final/io.netty.channel.DefaultChannelPipeline$HeadContext.channelRead(DefaultChannelPipeline.java:1410) ~[netty-transport-4.1.97.Final.jar%23106!/:4.1.97.Final]
	at MC-BOOTSTRAP/io.netty.transport@4.1.97.Final/io.netty.channel.AbstractChannelHandlerContext.invokeChannelRead(AbstractChannelHandlerContext.java:440) ~[netty-transport-4.1.97.Final.jar%23106!/:4.1.97.Final]
	at MC-BOOTSTRAP/io.netty.transport@4.1.97.Final/io.netty.channel.AbstractChannelHandlerContext.invokeChannelRead(AbstractChannelHandlerContext.java:420) ~[netty-transport-4.1.97.Final.jar%23106!/:4.1.97.Final]
	at MC-BOOTSTRAP/io.netty.transport@4.1.97.Final/io.netty.channel.DefaultChannelPipeline.fireChannelRead(DefaultChannelPipeline.java:919) ~[netty-transport-4.1.97.Final.jar%23106!/:4.1.97.Final]
	at MC-BOOTSTRAP/io.netty.transport@4.1.97.Final/io.netty.channel.nio.AbstractNioMessageChannel$NioMessageUnsafe.read(AbstractNioMessageChannel.java:97) ~[netty-transport-4.1.97.Final.jar%23106!/:4.1.97.Final]
	at MC-BOOTSTRAP/io.netty.transport@4.1.97.Final/io.netty.channel.nio.NioEventLoop.processSelectedKey(NioEventLoop.java:788) ~[netty-transport-4.1.97.Final.jar%23106!/:4.1.97.Final]
	at MC-BOOTSTRAP/io.netty.transport@4.1.97.Final/io.netty.channel.nio.NioEventLoop.processSelectedKeysOptimized(NioEventLoop.java:724) ~[netty-transport-4.1.97.Final.jar%23106!/:4.1.97.Final]
	at MC-BOOTSTRAP/io.netty.transport@4.1.97.Final/io.netty.channel.nio.NioEventLoop.processSelectedKeys(NioEventLoop.java:650) ~[netty-transport-4.1.97.Final.jar%23106!/:4.1.97.Final]
	at MC-BOOTSTRAP/io.netty.transport@4.1.97.Final/io.netty.channel.nio.NioEventLoop.run(NioEventLoop.java:562) ~[netty-transport-4.1.97.Final.jar%23106!/:4.1.97.Final]
	at MC-BOOTSTRAP/io.netty.common@4.1.97.Final/io.netty.util.concurrent.SingleThreadEventExecutor$4.run(SingleThreadEventExecutor.java:997) ~[netty-common-4.1.97.Final.jar%23103!/:4.1.97.Final]
	at MC-BOOTSTRAP/io.netty.common@4.1.97.Final/io.netty.util.internal.ThreadExecutorMap$2.run(ThreadExecutorMap.java:74) ~[netty-common-4.1.97.Final.jar%23103!/:4.1.97.Final]
	at java.base/java.lang.Thread.run(Thread.java:1583) [?:?]
Caused by: java.io.IOException: Received an invalid packet ID: 254
	at TRANSFORMER/sable@2.0.5/dev.ryanhcode.sable.network.udp.SableUDPPacketDecoder.decode(SableUDPPacketDecoder.java:37) ~[sable-neoforge-1.21.1-2.0.5.jar%23149!/:2.0.5]
	at TRANSFORMER/sable@2.0.5/dev.ryanhcode.sable.network.udp.SableUDPPacketDecoder.decode(SableUDPPacketDecoder.java:14) ~[sable-neoforge-1.21.1-2.0.5.jar%23149!/:2.0.5]
	at MC-BOOTSTRAP/io.netty.codec@4.1.97.Final/io.netty.handler.codec.MessageToMessageDecoder.channelRead(MessageToMessageDecoder.java:88) ~[netty-codec-4.1.97.Final.jar%23102!/:4.1.97.Final]
	... 24 more
[30Sep2026 23:48:46.998] [Server thread/DEBUG] [cpw.mods.inventorysorter.InventorySorter/]: Got action SORT slot 24
[30Sep2026 23:48:46.998] [Server thread/DEBUG] [cpw.mods.inventorysorter.InventorySorter/]: Slot mapping {net.minecraft.world.CompoundContainer@323df1af=InventoryMapping{i=net.minecraft.world.CompoundContainer@323df1af, c=net.minecraft.world.inventory.ChestMenu@40970f4c, b=0, e=53}, []=InventoryMapping{i=[], c=net.minecraft.world.inventory.ChestMenu@40970f4c, b=81, e=89}, []=InventoryMapping{i=[], c=net.minecraft.world.inventory.ChestMenu@40970f4c, b=54, e=80}}
[30Sep2026 23:48:46.998] [Server thread/DEBUG] [cpw.mods.inventorysorter.InventorySorter/]: Action slot InventoryMapping{i=net.minecraft.world.CompoundContainer@323df1af, c=net.minecraft.world.inventory.ChestMenu@40970f4c, b=0, e=53}
[30Sep2026 23:48:48.612] [Server thread/DEBUG] [cpw.mods.inventorysorter.InventorySorter/]: Got action SORT slot 51
[30Sep2026 23:48:48.612] [Server thread/DEBUG] [cpw.mods.inventorysorter.InventorySorter/]: Slot mapping {[]=InventoryMapping{i=[], c=net.minecraft.world.inventory.ChestMenu@51430a46, b=81, e=89}, net.minecraft.world.CompoundContainer@211bcebf=InventoryMapping{i=net.minecraft.world.CompoundContainer@211bcebf, c=net.minecraft.world.inventory.ChestMenu@51430a46, b=0, e=53}, []=InventoryMapping{i=[], c=net.minecraft.world.inventory.ChestMenu@51430a46, b=54, e=80}}
[30Sep2026 23:48:48.612] [Server thread/DEBUG] [cpw.mods.inventorysorter.InventorySorter/]: Action slot InventoryMapping{i=net.minecraft.world.CompoundContainer@211bcebf, c=net.minecraft.world.inventory.ChestMenu@51430a46, b=0, e=53}
[30Sep2026 23:48:56.497] [Server thread/DEBUG] [cpw.mods.inventorysorter.InventorySorter/]: Got action SORT slot 51
[30Sep2026 23:48:56.498] [Server thread/DEBUG] [cpw.mods.inventorysorter.InventorySorter/]: Slot mapping {[]=InventoryMapping{i=[], c=net.minecraft.world.inventory.ChestMenu@56efc400, b=81, e=89}, []=InventoryMapping{i=[], c=net.minecraft.world.inventory.ChestMenu@56efc400, b=54, e=80}, net.minecraft.world.CompoundContainer@2da7d47c=InventoryMapping{i=net.minecraft.world.CompoundContainer@2da7d47c, c=net.minecraft.world.inventory.ChestMenu@56efc400, b=0, e=53}}
[30Sep2026 23:48:56.498] [Server thread/DEBUG] [cpw.mods.inventorysorter.InventorySorter/]: Action slot InventoryMapping{i=net.minecraft.world.CompoundContainer@2da7d47c, c=net.minecraft.world.inventory.ChestMenu@56efc400, b=0, e=53}
[30Sep2026 23:48:57.987] [Server thread/DEBUG] [cpw.mods.inventorysorter.InventorySorter/]: Got action SORT slot 41
[30Sep2026 23:48:57.988] [Server thread/DEBUG] [cpw.mods.inventorysorter.InventorySorter/]: Slot mapping {net.minecraft.world.CompoundContainer@19f053e1=InventoryMapping{i=net.minecraft.world.CompoundContainer@19f053e1, c=net.minecraft.world.inventory.ChestMenu@de06244, b=0, e=53}, []=InventoryMapping{i=[], c=net.minecraft.world.inventory.ChestMenu@de06244, b=81, e=89}, []=InventoryMapping{i=[], c=net.minecraft.world.inventory.ChestMenu@de06244, b=54, e=80}}
[30Sep2026 23:48:57.988] [Server thread/DEBUG] [cpw.mods.inventorysorter.InventorySorter/]: Action slot InventoryMapping{i=net.minecraft.world.CompoundContainer@19f053e1, c=net.minecraft.world.inventory.ChestMenu@de06244, b=0, e=53}
[30Sep2026 23:49:00.593] [Server thread/DEBUG] [cpw.mods.inventorysorter.InventorySorter/]: Got action SORT slot 68
[30Sep2026 23:49:00.593] [Server thread/DEBUG] [cpw.mods.inventorysorter.InventorySorter/]: Slot mapping {[]=InventoryMapping{i=[], c=net.minecraft.world.inventory.ChestMenu@40c2beaf, b=81, e=89}, []=InventoryMapping{i=[], c=net.minecraft.world.inventory.ChestMenu@40c2beaf, b=54, e=80}, net.minecraft.world.CompoundContainer@151b2341=InventoryMapping{i=net.minecraft.world.CompoundContainer@151b2341, c=net.minecraft.world.inventory.ChestMenu@40c2beaf, b=0, e=53}}
[30Sep2026 23:49:00.593] [Server thread/DEBUG] [cpw.mods.inventorysorter.InventorySorter/]: Action slot InventoryMapping{i=[], c=net.minecraft.world.inventory.ChestMenu@40c2beaf, b=54, e=80}
[30Sep2026 23:49:00.944] [Server thread/DEBUG] [cpw.mods.inventorysorter.InventorySorter/]: Got action SORT slot 42
[30Sep2026 23:49:00.944] [Server thread/DEBUG] [cpw.mods.inventorysorter.InventorySorter/]: Slot mapping {[]=InventoryMapping{i=[], c=net.minecraft.world.inventory.ChestMenu@40c2beaf, b=81, e=89}, []=InventoryMapping{i=[], c=net.minecraft.world.inventory.ChestMenu@40c2beaf, b=54, e=80}, net.minecraft.world.CompoundContainer@151b2341=InventoryMapping{i=net.minecraft.world.CompoundContainer@151b2341, c=net.minecraft.world.inventory.ChestMenu@40c2beaf, b=0, e=53}}
[30Sep2026 23:49:00.944] [Server thread/DEBUG] [cpw.mods.inventorysorter.InventorySorter/]: Action slot InventoryMapping{i=net.minecraft.world.CompoundContainer@151b2341, c=net.minecraft.world.inventory.ChestMenu@40c2beaf, b=0, e=53}
[30Sep2026 23:49:04.554] [Server thread/DEBUG] [cpw.mods.inventorysorter.InventorySorter/]: Got action SORT slot 52
[30Sep2026 23:49:04.555] [Server thread/DEBUG] [cpw.mods.inventorysorter.InventorySorter/]: Slot mapping {[]=InventoryMapping{i=[], c=net.minecraft.world.inventory.ChestMenu@4bb60be3, b=81, e=89}, []=InventoryMapping{i=[], c=net.minecraft.world.inventory.ChestMenu@4bb60be3, b=54, e=80}, net.minecraft.world.CompoundContainer@325debe2=InventoryMapping{i=net.minecraft.world.CompoundContainer@325debe2, c=net.minecraft.world.inventory.ChestMenu@4bb60be3, b=0, e=53}}
[30Sep2026 23:49:04.555] [Server thread/DEBUG] [cpw.mods.inventorysorter.InventorySorter/]: Action slot InventoryMapping{i=net.minecraft.world.CompoundContainer@325debe2, c=net.minecraft.world.inventory.ChestMenu@4bb60be3, b=0, e=53}
[30Sep2026 23:49:38.648] [Server thread/WARN] [net.minecraft.server.level.ServerPlayerGameMode/]: Mismatch in destroy block pos: BlockPos{x=-178, y=64, z=15} BlockPos{x=-177, y=64, z=15}
[30Sep2026 23:52:39.704] [Server thread/INFO] [dev.ryanhcode.sable.Sable/]: Saving sub-levels for level 'ServerLevel[Create2024]'/minecraft:overworld
[30Sep2026 23:52:39.741] [Server thread/INFO] [dev.ryanhcode.sable.Sable/]: Saving sub-levels for level 'ServerLevel[Create2024]'/minecraft:the_end
[30Sep2026 23:52:39.742] [Server thread/INFO] [dev.ryanhcode.sable.Sable/]: Saving sub-levels for level 'ServerLevel[Create2024]'/minecraft:the_nether
[30Sep2026 23:52:39.742] [Server thread/DEBUG] [net.neoforged.neoforge.common.CommonHooks/WP]: Gathered mod list to write to world save Create2024
[30Sep2026 23:55:00.644] [Server thread/WARN] [net.minecraft.server.level.ServerPlayerGameMode/]: Mismatch in destroy block pos: BlockPos{x=-176, y=65, z=14} BlockPos{x=-176, y=66, z=11}
[30Sep2026 23:56:46.494] [Server thread/INFO] [net.minecraft.server.MinecraftServer/]: [MainBlaine: Set own game mode to Creative Mode]
[30Sep2026 23:56:47.260] [Server thread/INFO] [net.minecraft.server.MinecraftServer/]: [MainBlaine: Set own game mode to Survival Mode]
[30Sep2026 23:56:48.890] [Server thread/INFO] [net.minecraft.server.MinecraftServer/]: [MainBlaine: Set own game mode to Spectator Mode]
[30Sep2026 23:57:39.706] [Server thread/INFO] [dev.ryanhcode.sable.Sable/]: Saving sub-levels for level 'ServerLevel[Create2024]'/minecraft:overworld
[30Sep2026 23:57:39.737] [Server thread/INFO] [dev.ryanhcode.sable.Sable/]: Saving sub-levels for level 'ServerLevel[Create2024]'/minecraft:the_end
[30Sep2026 23:57:39.738] [Server thread/INFO] [dev.ryanhcode.sable.Sable/]: Saving sub-levels for level 'ServerLevel[Create2024]'/minecraft:the_nether
[30Sep2026 23:57:39.738] [Server thread/DEBUG] [net.neoforged.neoforge.common.CommonHooks/WP]: Gathered mod list to write to world save Create2024
[30Sep2026 23:57:55.212] [Server thread/INFO] [net.minecraft.server.MinecraftServer/]: [MainBlaine: Set own game mode to Survival Mode]
[01Oct2026 00:00:05.995] [Server thread/WARN] [net.minecraft.server.level.ServerPlayerGameMode/]: Mismatch in destroy block pos: BlockPos{x=-182, y=63, z=17} BlockPos{x=-184, y=62, z=17}
[01Oct2026 00:02:39.707] [Server thread/INFO] [dev.ryanhcode.sable.Sable/]: Saving sub-levels for level 'ServerLevel[Create2024]'/minecraft:overworld
[01Oct2026 00:02:39.740] [Server thread/INFO] [dev.ryanhcode.sable.Sable/]: Saving sub-levels for level 'ServerLevel[Create2024]'/minecraft:the_end
[01Oct2026 00:02:39.740] [Server thread/INFO] [dev.ryanhcode.sable.Sable/]: Saving sub-levels for level 'ServerLevel[Create2024]'/minecraft:the_nether
[01Oct2026 00:02:39.741] [Server thread/DEBUG] [net.neoforged.neoforge.common.CommonHooks/WP]: Gathered mod list to write to world save Create2024
[01Oct2026 00:03:19.537] [Netty Server IO #0/WARN] [io.netty.channel.DefaultChannelPipeline/]: An exceptionCaught() event was fired, and it reached at the tail of the pipeline. It usually means the last handler in the pipeline did not handle the exception.
io.netty.handler.codec.DecoderException: java.io.IOException: Received an invalid packet ID: 254
	at MC-BOOTSTRAP/io.netty.codec@4.1.97.Final/io.netty.handler.codec.MessageToMessageDecoder.channelRead(MessageToMessageDecoder.java:98) ~[netty-codec-4.1.97.Final.jar%23102!/:4.1.97.Final]
	at MC-BOOTSTRAP/io.netty.transport@4.1.97.Final/io.netty.channel.AbstractChannelHandlerContext.invokeChannelRead(AbstractChannelHandlerContext.java:444) ~[netty-transport-4.1.97.Final.jar%23106!/:4.1.97.Final]
	at MC-BOOTSTRAP/io.netty.transport@4.1.97.Final/io.netty.channel.AbstractChannelHandlerContext.invokeChannelRead(AbstractChannelHandlerContext.java:420) ~[netty-transport-4.1.97.Final.jar%23106!/:4.1.97.Final]
	at MC-BOOTSTRAP/io.netty.transport@4.1.97.Final/io.netty.channel.AbstractChannelHandlerContext.fireChannelRead(AbstractChannelHandlerContext.java:412) ~[netty-transport-4.1.97.Final.jar%23106!/:4.1.97.Final]
	at MC-BOOTSTRAP/io.netty.handler@4.1.97.Final/io.netty.handler.flow.FlowControlHandler.dequeue(FlowControlHandler.java:202) ~[netty-handler-4.1.97.Final.jar%23104!/:4.1.97.Final]
	at MC-BOOTSTRAP/io.netty.handler@4.1.97.Final/io.netty.handler.flow.FlowControlHandler.channelRead(FlowControlHandler.java:164) ~[netty-handler-4.1.97.Final.jar%23104!/:4.1.97.Final]
	at MC-BOOTSTRAP/io.netty.transport@4.1.97.Final/io.netty.channel.AbstractChannelHandlerContext.invokeChannelRead(AbstractChannelHandlerContext.java:442) ~[netty-transport-4.1.97.Final.jar%23106!/:4.1.97.Final]
	at MC-BOOTSTRAP/io.netty.transport@4.1.97.Final/io.netty.channel.AbstractChannelHandlerContext.invokeChannelRead(AbstractChannelHandlerContext.java:420) ~[netty-transport-4.1.97.Final.jar%23106!/:4.1.97.Final]
	at MC-BOOTSTRAP/io.netty.transport@4.1.97.Final/io.netty.channel.AbstractChannelHandlerContext.fireChannelRead(AbstractChannelHandlerContext.java:412) ~[netty-transport-4.1.97.Final.jar%23106!/:4.1.97.Final]
	at MC-BOOTSTRAP/io.netty.codec@4.1.97.Final/io.netty.handler.codec.ByteToMessageDecoder.channelRead(ByteToMessageDecoder.java:324) ~[netty-codec-4.1.97.Final.jar%23102!/:4.1.97.Final]
	at MC-BOOTSTRAP/io.netty.transport@4.1.97.Final/io.netty.channel.AbstractChannelHandlerContext.invokeChannelRead(AbstractChannelHandlerContext.java:444) ~[netty-transport-4.1.97.Final.jar%23106!/:4.1.97.Final]
	at MC-BOOTSTRAP/io.netty.transport@4.1.97.Final/io.netty.channel.AbstractChannelHandlerContext.invokeChannelRead(AbstractChannelHandlerContext.java:420) ~[netty-transport-4.1.97.Final.jar%23106!/:4.1.97.Final]
	at MC-BOOTSTRAP/io.netty.transport@4.1.97.Final/io.netty.channel.AbstractChannelHandlerContext.fireChannelRead(AbstractChannelHandlerContext.java:412) ~[netty-transport-4.1.97.Final.jar%23106!/:4.1.97.Final]
	at MC-BOOTSTRAP/io.netty.transport@4.1.97.Final/io.netty.channel.DefaultChannelPipeline$HeadContext.channelRead(DefaultChannelPipeline.java:1410) ~[netty-transport-4.1.97.Final.jar%23106!/:4.1.97.Final]
	at MC-BOOTSTRAP/io.netty.transport@4.1.97.Final/io.netty.channel.AbstractChannelHandlerContext.invokeChannelRead(AbstractChannelHandlerContext.java:440) ~[netty-transport-4.1.97.Final.jar%23106!/:4.1.97.Final]
	at MC-BOOTSTRAP/io.netty.transport@4.1.97.Final/io.netty.channel.AbstractChannelHandlerContext.invokeChannelRead(AbstractChannelHandlerContext.java:420) ~[netty-transport-4.1.97.Final.jar%23106!/:4.1.97.Final]
	at MC-BOOTSTRAP/io.netty.transport@4.1.97.Final/io.netty.channel.DefaultChannelPipeline.fireChannelRead(DefaultChannelPipeline.java:919) ~[netty-transport-4.1.97.Final.jar%23106!/:4.1.97.Final]
	at MC-BOOTSTRAP/io.netty.transport@4.1.97.Final/io.netty.channel.nio.AbstractNioMessageChannel$NioMessageUnsafe.read(AbstractNioMessageChannel.java:97) ~[netty-transport-4.1.97.Final.jar%23106!/:4.1.97.Final]
	at MC-BOOTSTRAP/io.netty.transport@4.1.97.Final/io.netty.channel.nio.NioEventLoop.processSelectedKey(NioEventLoop.java:788) ~[netty-transport-4.1.97.Final.jar%23106!/:4.1.97.Final]
	at MC-BOOTSTRAP/io.netty.transport@4.1.97.Final/io.netty.channel.nio.NioEventLoop.processSelectedKeysOptimized(NioEventLoop.java:724) ~[netty-transport-4.1.97.Final.jar%23106!/:4.1.97.Final]
	at MC-BOOTSTRAP/io.netty.transport@4.1.97.Final/io.netty.channel.nio.NioEventLoop.processSelectedKeys(NioEventLoop.java:650) ~[netty-transport-4.1.97.Final.jar%23106!/:4.1.97.Final]
	at MC-BOOTSTRAP/io.netty.transport@4.1.97.Final/io.netty.channel.nio.NioEventLoop.run(NioEventLoop.java:562) ~[netty-transport-4.1.97.Final.jar%23106!/:4.1.97.Final]
	at MC-BOOTSTRAP/io.netty.common@4.1.97.Final/io.netty.util.concurrent.SingleThreadEventExecutor$4.run(SingleThreadEventExecutor.java:997) ~[netty-common-4.1.97.Final.jar%23103!/:4.1.97.Final]
	at MC-BOOTSTRAP/io.netty.common@4.1.97.Final/io.netty.util.internal.ThreadExecutorMap$2.run(ThreadExecutorMap.java:74) ~[netty-common-4.1.97.Final.jar%23103!/:4.1.97.Final]
	at java.base/java.lang.Thread.run(Thread.java:1583) [?:?]
Caused by: java.io.IOException: Received an invalid packet ID: 254
	at TRANSFORMER/sable@2.0.5/dev.ryanhcode.sable.network.udp.SableUDPPacketDecoder.decode(SableUDPPacketDecoder.java:37) ~[sable-neoforge-1.21.1-2.0.5.jar%23149!/:2.0.5]
	at TRANSFORMER/sable@2.0.5/dev.ryanhcode.sable.network.udp.SableUDPPacketDecoder.decode(SableUDPPacketDecoder.java:14) ~[sable-neoforge-1.21.1-2.0.5.jar%23149!/:2.0.5]
	at MC-BOOTSTRAP/io.netty.codec@4.1.97.Final/io.netty.handler.codec.MessageToMessageDecoder.channelRead(MessageToMessageDecoder.java:88) ~[netty-codec-4.1.97.Final.jar%23102!/:4.1.97.Final]
	... 24 more
[01Oct2026 00:03:19.540] [Netty Server IO #0/ERROR] [dev.ryanhcode.sable.Sable/]: Server UDP channel caught exception
io.netty.handler.codec.DecoderException: java.io.IOException: Received an invalid packet ID: 254
	at MC-BOOTSTRAP/io.netty.codec@4.1.97.Final/io.netty.handler.codec.MessageToMessageDecoder.channelRead(MessageToMessageDecoder.java:98) ~[netty-codec-4.1.97.Final.jar%23102!/:4.1.97.Final]
	at MC-BOOTSTRAP/io.netty.transport@4.1.97.Final/io.netty.channel.AbstractChannelHandlerContext.invokeChannelRead(AbstractChannelHandlerContext.java:444) ~[netty-transport-4.1.97.Final.jar%23106!/:4.1.97.Final]
	at MC-BOOTSTRAP/io.netty.transport@4.1.97.Final/io.netty.channel.AbstractChannelHandlerContext.invokeChannelRead(AbstractChannelHandlerContext.java:420) ~[netty-transport-4.1.97.Final.jar%23106!/:4.1.97.Final]
	at MC-BOOTSTRAP/io.netty.transport@4.1.97.Final/io.netty.channel.AbstractChannelHandlerContext.fireChannelRead(AbstractChannelHandlerContext.java:412) ~[netty-transport-4.1.97.Final.jar%23106!/:4.1.97.Final]
	at MC-BOOTSTRAP/io.netty.handler@4.1.97.Final/io.netty.handler.flow.FlowControlHandler.dequeue(FlowControlHandler.java:202) ~[netty-handler-4.1.97.Final.jar%23104!/:4.1.97.Final]
	at MC-BOOTSTRAP/io.netty.handler@4.1.97.Final/io.netty.handler.flow.FlowControlHandler.channelRead(FlowControlHandler.java:164) ~[netty-handler-4.1.97.Final.jar%23104!/:4.1.97.Final]
	at MC-BOOTSTRAP/io.netty.transport@4.1.97.Final/io.netty.channel.AbstractChannelHandlerContext.invokeChannelRead(AbstractChannelHandlerContext.java:442) ~[netty-transport-4.1.97.Final.jar%23106!/:4.1.97.Final]
	at MC-BOOTSTRAP/io.netty.transport@4.1.97.Final/io.netty.channel.AbstractChannelHandlerContext.invokeChannelRead(AbstractChannelHandlerContext.java:420) ~[netty-transport-4.1.97.Final.jar%23106!/:4.1.97.Final]
	at MC-BOOTSTRAP/io.netty.transport@4.1.97.Final/io.netty.channel.AbstractChannelHandlerContext.fireChannelRead(AbstractChannelHandlerContext.java:412) ~[netty-transport-4.1.97.Final.jar%23106!/:4.1.97.Final]
	at MC-BOOTSTRAP/io.netty.codec@4.1.97.Final/io.netty.handler.codec.ByteToMessageDecoder.channelRead(ByteToMessageDecoder.java:324) ~[netty-codec-4.1.97.Final.jar%23102!/:4.1.97.Final]
	at MC-BOOTSTRAP/io.netty.transport@4.1.97.Final/io.netty.channel.AbstractChannelHandlerContext.invokeChannelRead(AbstractChannelHandlerContext.java:444) ~[netty-transport-4.1.97.Final.jar%23106!/:4.1.97.Final]
	at MC-BOOTSTRAP/io.netty.transport@4.1.97.Final/io.netty.channel.AbstractChannelHandlerContext.invokeChannelRead(AbstractChannelHandlerContext.java:420) ~[netty-transport-4.1.97.Final.jar%23106!/:4.1.97.Final]
	at MC-BOOTSTRAP/io.netty.transport@4.1.97.Final/io.netty.channel.AbstractChannelHandlerContext.fireChannelRead(AbstractChannelHandlerContext.java:412) ~[netty-transport-4.1.97.Final.jar%23106!/:4.1.97.Final]
	at MC-BOOTSTRAP/io.netty.transport@4.1.97.Final/io.netty.channel.DefaultChannelPipeline$HeadContext.channelRead(DefaultChannelPipeline.java:1410) ~[netty-transport-4.1.97.Final.jar%23106!/:4.1.97.Final]
	at MC-BOOTSTRAP/io.netty.transport@4.1.97.Final/io.netty.channel.AbstractChannelHandlerContext.invokeChannelRead(AbstractChannelHandlerContext.java:440) ~[netty-transport-4.1.97.Final.jar%23106!/:4.1.97.Final]
	at MC-BOOTSTRAP/io.netty.transport@4.1.97.Final/io.netty.channel.AbstractChannelHandlerContext.invokeChannelRead(AbstractChannelHandlerContext.java:420) ~[netty-transport-4.1.97.Final.jar%23106!/:4.1.97.Final]
	at MC-BOOTSTRAP/io.netty.transport@4.1.97.Final/io.netty.channel.DefaultChannelPipeline.fireChannelRead(DefaultChannelPipeline.java:919) ~[netty-transport-4.1.97.Final.jar%23106!/:4.1.97.Final]
	at MC-BOOTSTRAP/io.netty.transport@4.1.97.Final/io.netty.channel.nio.AbstractNioMessageChannel$NioMessageUnsafe.read(AbstractNioMessageChannel.java:97) ~[netty-transport-4.1.97.Final.jar%23106!/:4.1.97.Final]
	at MC-BOOTSTRAP/io.netty.transport@4.1.97.Final/io.netty.channel.nio.NioEventLoop.processSelectedKey(NioEventLoop.java:788) ~[netty-transport-4.1.97.Final.jar%23106!/:4.1.97.Final]
	at MC-BOOTSTRAP/io.netty.transport@4.1.97.Final/io.netty.channel.nio.NioEventLoop.processSelectedKeysOptimized(NioEventLoop.java:724) ~[netty-transport-4.1.97.Final.jar%23106!/:4.1.97.Final]
	at MC-BOOTSTRAP/io.netty.transport@4.1.97.Final/io.netty.channel.nio.NioEventLoop.processSelectedKeys(NioEventLoop.java:650) ~[netty-transport-4.1.97.Final.jar%23106!/:4.1.97.Final]
	at MC-BOOTSTRAP/io.netty.transport@4.1.97.Final/io.netty.channel.nio.NioEventLoop.run(NioEventLoop.java:562) ~[netty-transport-4.1.97.Final.jar%23106!/:4.1.97.Final]
	at MC-BOOTSTRAP/io.netty.common@4.1.97.Final/io.netty.util.concurrent.SingleThreadEventExecutor$4.run(SingleThreadEventExecutor.java:997) ~[netty-common-4.1.97.Final.jar%23103!/:4.1.97.Final]
	at MC-BOOTSTRAP/io.netty.common@4.1.97.Final/io.netty.util.internal.ThreadExecutorMap$2.run(ThreadExecutorMap.java:74) ~[netty-common-4.1.97.Final.jar%23103!/:4.1.97.Final]
	at java.base/java.lang.Thread.run(Thread.java:1583) [?:?]
Caused by: java.io.IOException: Received an invalid packet ID: 254
	at TRANSFORMER/sable@2.0.5/dev.ryanhcode.sable.network.udp.SableUDPPacketDecoder.decode(SableUDPPacketDecoder.java:37) ~[sable-neoforge-1.21.1-2.0.5.jar%23149!/:2.0.5]
	at TRANSFORMER/sable@2.0.5/dev.ryanhcode.sable.network.udp.SableUDPPacketDecoder.decode(SableUDPPacketDecoder.java:14) ~[sable-neoforge-1.21.1-2.0.5.jar%23149!/:2.0.5]
	at MC-BOOTSTRAP/io.netty.codec@4.1.97.Final/io.netty.handler.codec.MessageToMessageDecoder.channelRead(MessageToMessageDecoder.java:88) ~[netty-codec-4.1.97.Final.jar%23102!/:4.1.97.Final]
	... 24 more
[01Oct2026 00:04:45.442] [Server thread/WARN] [net.minecraft.server.level.ServerPlayerGameMode/]: Mismatch in destroy block pos: BlockPos{x=-185, y=64, z=16} BlockPos{x=-185, y=63, z=17}
[01Oct2026 00:06:57.154] [Server thread/INFO] [net.minecraft.server.MinecraftServer/]: [MainBlaine: Teleported MainBlaine to -179.680000, 66.000000, 16.940000]
[01Oct2026 00:07:39.710] [Server thread/INFO] [dev.ryanhcode.sable.Sable/]: Saving sub-levels for level 'ServerLevel[Create2024]'/minecraft:overworld
[01Oct2026 00:07:39.741] [Server thread/INFO] [dev.ryanhcode.sable.Sable/]: Saving sub-levels for level 'ServerLevel[Create2024]'/minecraft:the_end
[01Oct2026 00:07:39.741] [Server thread/INFO] [dev.ryanhcode.sable.Sable/]: Saving sub-levels for level 'ServerLevel[Create2024]'/minecraft:the_nether
[01Oct2026 00:07:39.742] [Server thread/DEBUG] [net.neoforged.neoforge.common.CommonHooks/WP]: Gathered mod list to write to world save Create2024
[01Oct2026 00:09:36.179] [Netty Server IO #0/WARN] [io.netty.channel.DefaultChannelPipeline/]: An exceptionCaught() event was fired, and it reached at the tail of the pipeline. It usually means the last handler in the pipeline did not handle the exception.
io.netty.handler.codec.DecoderException: java.io.IOException: Received an invalid packet ID: 254
	at MC-BOOTSTRAP/io.netty.codec@4.1.97.Final/io.netty.handler.codec.MessageToMessageDecoder.channelRead(MessageToMessageDecoder.java:98) ~[netty-codec-4.1.97.Final.jar%23102!/:4.1.97.Final]
	at MC-BOOTSTRAP/io.netty.transport@4.1.97.Final/io.netty.channel.AbstractChannelHandlerContext.invokeChannelRead(AbstractChannelHandlerContext.java:444) ~[netty-transport-4.1.97.Final.jar%23106!/:4.1.97.Final]
	at MC-BOOTSTRAP/io.netty.transport@4.1.97.Final/io.netty.channel.AbstractChannelHandlerContext.invokeChannelRead(AbstractChannelHandlerContext.java:420) ~[netty-transport-4.1.97.Final.jar%23106!/:4.1.97.Final]
	at MC-BOOTSTRAP/io.netty.transport@4.1.97.Final/io.netty.channel.AbstractChannelHandlerContext.fireChannelRead(AbstractChannelHandlerContext.java:412) ~[netty-transport-4.1.97.Final.jar%23106!/:4.1.97.Final]
	at MC-BOOTSTRAP/io.netty.handler@4.1.97.Final/io.netty.handler.flow.FlowControlHandler.dequeue(FlowControlHandler.java:202) ~[netty-handler-4.1.97.Final.jar%23104!/:4.1.97.Final]
	at MC-BOOTSTRAP/io.netty.handler@4.1.97.Final/io.netty.handler.flow.FlowControlHandler.channelRead(FlowControlHandler.java:164) ~[netty-handler-4.1.97.Final.jar%23104!/:4.1.97.Final]
	at MC-BOOTSTRAP/io.netty.transport@4.1.97.Final/io.netty.channel.AbstractChannelHandlerContext.invokeChannelRead(AbstractChannelHandlerContext.java:442) ~[netty-transport-4.1.97.Final.jar%23106!/:4.1.97.Final]
	at MC-BOOTSTRAP/io.netty.transport@4.1.97.Final/io.netty.channel.AbstractChannelHandlerContext.invokeChannelRead(AbstractChannelHandlerContext.java:420) ~[netty-transport-4.1.97.Final.jar%23106!/:4.1.97.Final]
	at MC-BOOTSTRAP/io.netty.transport@4.1.97.Final/io.netty.channel.AbstractChannelHandlerContext.fireChannelRead(AbstractChannelHandlerContext.java:412) ~[netty-transport-4.1.97.Final.jar%23106!/:4.1.97.Final]
	at MC-BOOTSTRAP/io.netty.codec@4.1.97.Final/io.netty.handler.codec.ByteToMessageDecoder.channelRead(ByteToMessageDecoder.java:324) ~[netty-codec-4.1.97.Final.jar%23102!/:4.1.97.Final]
	at MC-BOOTSTRAP/io.netty.transport@4.1.97.Final/io.netty.channel.AbstractChannelHandlerContext.invokeChannelRead(AbstractChannelHandlerContext.java:444) ~[netty-transport-4.1.97.Final.jar%23106!/:4.1.97.Final]
	at MC-BOOTSTRAP/io.netty.transport@4.1.97.Final/io.netty.channel.AbstractChannelHandlerContext.invokeChannelRead(AbstractChannelHandlerContext.java:420) ~[netty-transport-4.1.97.Final.jar%23106!/:4.1.97.Final]
	at MC-BOOTSTRAP/io.netty.transport@4.1.97.Final/io.netty.channel.AbstractChannelHandlerContext.fireChannelRead(AbstractChannelHandlerContext.java:412) ~[netty-transport-4.1.97.Final.jar%23106!/:4.1.97.Final]
	at MC-BOOTSTRAP/io.netty.transport@4.1.97.Final/io.netty.channel.DefaultChannelPipeline$HeadContext.channelRead(DefaultChannelPipeline.java:1410) ~[netty-transport-4.1.97.Final.jar%23106!/:4.1.97.Final]
	at MC-BOOTSTRAP/io.netty.transport@4.1.97.Final/io.netty.channel.AbstractChannelHandlerContext.invokeChannelRead(AbstractChannelHandlerContext.java:440) ~[netty-transport-4.1.97.Final.jar%23106!/:4.1.97.Final]
	at MC-BOOTSTRAP/io.netty.transport@4.1.97.Final/io.netty.channel.AbstractChannelHandlerContext.invokeChannelRead(AbstractChannelHandlerContext.java:420) ~[netty-transport-4.1.97.Final.jar%23106!/:4.1.97.Final]
	at MC-BOOTSTRAP/io.netty.transport@4.1.97.Final/io.netty.channel.DefaultChannelPipeline.fireChannelRead(DefaultChannelPipeline.java:919) ~[netty-transport-4.1.97.Final.jar%23106!/:4.1.97.Final]
	at MC-BOOTSTRAP/io.netty.transport@4.1.97.Final/io.netty.channel.nio.AbstractNioMessageChannel$NioMessageUnsafe.read(AbstractNioMessageChannel.java:97) ~[netty-transport-4.1.97.Final.jar%23106!/:4.1.97.Final]
	at MC-BOOTSTRAP/io.netty.transport@4.1.97.Final/io.netty.channel.nio.NioEventLoop.processSelectedKey(NioEventLoop.java:788) ~[netty-transport-4.1.97.Final.jar%23106!/:4.1.97.Final]
	at MC-BOOTSTRAP/io.netty.transport@4.1.97.Final/io.netty.channel.nio.NioEventLoop.processSelectedKeysOptimized(NioEventLoop.java:724) ~[netty-transport-4.1.97.Final.jar%23106!/:4.1.97.Final]
	at MC-BOOTSTRAP/io.netty.transport@4.1.97.Final/io.netty.channel.nio.NioEventLoop.processSelectedKeys(NioEventLoop.java:650) ~[netty-transport-4.1.97.Final.jar%23106!/:4.1.97.Final]
	at MC-BOOTSTRAP/io.netty.transport@4.1.97.Final/io.netty.channel.nio.NioEventLoop.run(NioEventLoop.java:562) ~[netty-transport-4.1.97.Final.jar%23106!/:4.1.97.Final]
	at MC-BOOTSTRAP/io.netty.common@4.1.97.Final/io.netty.util.concurrent.SingleThreadEventExecutor$4.run(SingleThreadEventExecutor.java:997) ~[netty-common-4.1.97.Final.jar%23103!/:4.1.97.Final]
	at MC-BOOTSTRAP/io.netty.common@4.1.97.Final/io.netty.util.internal.ThreadExecutorMap$2.run(ThreadExecutorMap.java:74) ~[netty-common-4.1.97.Final.jar%23103!/:4.1.97.Final]
	at java.base/java.lang.Thread.run(Thread.java:1583) [?:?]
Caused by: java.io.IOException: Received an invalid packet ID: 254
	at TRANSFORMER/sable@2.0.5/dev.ryanhcode.sable.network.udp.SableUDPPacketDecoder.decode(SableUDPPacketDecoder.java:37) ~[sable-neoforge-1.21.1-2.0.5.jar%23149!/:2.0.5]
	at TRANSFORMER/sable@2.0.5/dev.ryanhcode.sable.network.udp.SableUDPPacketDecoder.decode(SableUDPPacketDecoder.java:14) ~[sable-neoforge-1.21.1-2.0.5.jar%23149!/:2.0.5]
	at MC-BOOTSTRAP/io.netty.codec@4.1.97.Final/io.netty.handler.codec.MessageToMessageDecoder.channelRead(MessageToMessageDecoder.java:88) ~[netty-codec-4.1.97.Final.jar%23102!/:4.1.97.Final]
	... 24 more
[01Oct2026 00:09:36.180] [Netty Server IO #0/ERROR] [dev.ryanhcode.sable.Sable/]: Server UDP channel caught exception
io.netty.handler.codec.DecoderException: java.io.IOException: Received an invalid packet ID: 254
	at MC-BOOTSTRAP/io.netty.codec@4.1.97.Final/io.netty.handler.codec.MessageToMessageDecoder.channelRead(MessageToMessageDecoder.java:98) ~[netty-codec-4.1.97.Final.jar%23102!/:4.1.97.Final]
	at MC-BOOTSTRAP/io.netty.transport@4.1.97.Final/io.netty.channel.AbstractChannelHandlerContext.invokeChannelRead(AbstractChannelHandlerContext.java:444) ~[netty-transport-4.1.97.Final.jar%23106!/:4.1.97.Final]
	at MC-BOOTSTRAP/io.netty.transport@4.1.97.Final/io.netty.channel.AbstractChannelHandlerContext.invokeChannelRead(AbstractChannelHandlerContext.java:420) ~[netty-transport-4.1.97.Final.jar%23106!/:4.1.97.Final]
	at MC-BOOTSTRAP/io.netty.transport@4.1.97.Final/io.netty.channel.AbstractChannelHandlerContext.fireChannelRead(AbstractChannelHandlerContext.java:412) ~[netty-transport-4.1.97.Final.jar%23106!/:4.1.97.Final]
	at MC-BOOTSTRAP/io.netty.handler@4.1.97.Final/io.netty.handler.flow.FlowControlHandler.dequeue(FlowControlHandler.java:202) ~[netty-handler-4.1.97.Final.jar%23104!/:4.1.97.Final]
	at MC-BOOTSTRAP/io.netty.handler@4.1.97.Final/io.netty.handler.flow.FlowControlHandler.channelRead(FlowControlHandler.java:164) ~[netty-handler-4.1.97.Final.jar%23104!/:4.1.97.Final]
	at MC-BOOTSTRAP/io.netty.transport@4.1.97.Final/io.netty.channel.AbstractChannelHandlerContext.invokeChannelRead(AbstractChannelHandlerContext.java:442) ~[netty-transport-4.1.97.Final.jar%23106!/:4.1.97.Final]
	at MC-BOOTSTRAP/io.netty.transport@4.1.97.Final/io.netty.channel.AbstractChannelHandlerContext.invokeChannelRead(AbstractChannelHandlerContext.java:420) ~[netty-transport-4.1.97.Final.jar%23106!/:4.1.97.Final]
	at MC-BOOTSTRAP/io.netty.transport@4.1.97.Final/io.netty.channel.AbstractChannelHandlerContext.fireChannelRead(AbstractChannelHandlerContext.java:412) ~[netty-transport-4.1.97.Final.jar%23106!/:4.1.97.Final]
	at MC-BOOTSTRAP/io.netty.codec@4.1.97.Final/io.netty.handler.codec.ByteToMessageDecoder.channelRead(ByteToMessageDecoder.java:324) ~[netty-codec-4.1.97.Final.jar%23102!/:4.1.97.Final]
	at MC-BOOTSTRAP/io.netty.transport@4.1.97.Final/io.netty.channel.AbstractChannelHandlerContext.invokeChannelRead(AbstractChannelHandlerContext.java:444) ~[netty-transport-4.1.97.Final.jar%23106!/:4.1.97.Final]
	at MC-BOOTSTRAP/io.netty.transport@4.1.97.Final/io.netty.channel.AbstractChannelHandlerContext.invokeChannelRead(AbstractChannelHandlerContext.java:420) ~[netty-transport-4.1.97.Final.jar%23106!/:4.1.97.Final]
	at MC-BOOTSTRAP/io.netty.transport@4.1.97.Final/io.netty.channel.AbstractChannelHandlerContext.fireChannelRead(AbstractChannelHandlerContext.java:412) ~[netty-transport-4.1.97.Final.jar%23106!/:4.1.97.Final]
	at MC-BOOTSTRAP/io.netty.transport@4.1.97.Final/io.netty.channel.DefaultChannelPipeline$HeadContext.channelRead(DefaultChannelPipeline.java:1410) ~[netty-transport-4.1.97.Final.jar%23106!/:4.1.97.Final]
	at MC-BOOTSTRAP/io.netty.transport@4.1.97.Final/io.netty.channel.AbstractChannelHandlerContext.invokeChannelRead(AbstractChannelHandlerContext.java:440) ~[netty-transport-4.1.97.Final.jar%23106!/:4.1.97.Final]
	at MC-BOOTSTRAP/io.netty.transport@4.1.97.Final/io.netty.channel.AbstractChannelHandlerContext.invokeChannelRead(AbstractChannelHandlerContext.java:420) ~[netty-transport-4.1.97.Final.jar%23106!/:4.1.97.Final]
	at MC-BOOTSTRAP/io.netty.transport@4.1.97.Final/io.netty.channel.DefaultChannelPipeline.fireChannelRead(DefaultChannelPipeline.java:919) ~[netty-transport-4.1.97.Final.jar%23106!/:4.1.97.Final]
	at MC-BOOTSTRAP/io.netty.transport@4.1.97.Final/io.netty.channel.nio.AbstractNioMessageChannel$NioMessageUnsafe.read(AbstractNioMessageChannel.java:97) ~[netty-transport-4.1.97.Final.jar%23106!/:4.1.97.Final]
	at MC-BOOTSTRAP/io.netty.transport@4.1.97.Final/io.netty.channel.nio.NioEventLoop.processSelectedKey(NioEventLoop.java:788) ~[netty-transport-4.1.97.Final.jar%23106!/:4.1.97.Final]
	at MC-BOOTSTRAP/io.netty.transport@4.1.97.Final/io.netty.channel.nio.NioEventLoop.processSelectedKeysOptimized(NioEventLoop.java:724) ~[netty-transport-4.1.97.Final.jar%23106!/:4.1.97.Final]
	at MC-BOOTSTRAP/io.netty.transport@4.1.97.Final/io.netty.channel.nio.NioEventLoop.processSelectedKeys(NioEventLoop.java:650) ~[netty-transport-4.1.97.Final.jar%23106!/:4.1.97.Final]
	at MC-BOOTSTRAP/io.netty.transport@4.1.97.Final/io.netty.channel.nio.NioEventLoop.run(NioEventLoop.java:562) ~[netty-transport-4.1.97.Final.jar%23106!/:4.1.97.Final]
	at MC-BOOTSTRAP/io.netty.common@4.1.97.Final/io.netty.util.concurrent.SingleThreadEventExecutor$4.run(SingleThreadEventExecutor.java:997) ~[netty-common-4.1.97.Final.jar%23103!/:4.1.97.Final]
	at MC-BOOTSTRAP/io.netty.common@4.1.97.Final/io.netty.util.internal.ThreadExecutorMap$2.run(ThreadExecutorMap.java:74) ~[netty-common-4.1.97.Final.jar%23103!/:4.1.97.Final]
	at java.base/java.lang.Thread.run(Thread.java:1583) [?:?]
Caused by: java.io.IOException: Received an invalid packet ID: 254
	at TRANSFORMER/sable@2.0.5/dev.ryanhcode.sable.network.udp.SableUDPPacketDecoder.decode(SableUDPPacketDecoder.java:37) ~[sable-neoforge-1.21.1-2.0.5.jar%23149!/:2.0.5]
	at TRANSFORMER/sable@2.0.5/dev.ryanhcode.sable.network.udp.SableUDPPacketDecoder.decode(SableUDPPacketDecoder.java:14) ~[sable-neoforge-1.21.1-2.0.5.jar%23149!/:2.0.5]
	at MC-BOOTSTRAP/io.netty.codec@4.1.97.Final/io.netty.handler.codec.MessageToMessageDecoder.channelRead(MessageToMessageDecoder.java:88) ~[netty-codec-4.1.97.Final.jar%23102!/:4.1.97.Final]
	... 24 more
[01Oct2026 00:09:36.190] [Server thread/INFO] [net.minecraft.server.network.ServerLoginPacketListenerImpl/]: MCOcto (/45.153.34.119:58634) lost connection: Disconnected
[01Oct2026 00:10:06.998] [Server thread/WARN] [net.minecraft.server.level.ServerPlayerGameMode/]: Mismatch in destroy block pos: BlockPos{x=-184, y=63, z=19} BlockPos{x=-179, y=62, z=20}
[01Oct2026 00:11:09.002] [Server thread/WARN] [net.minecraft.server.level.ServerPlayerGameMode/]: Mismatch in destroy block pos: BlockPos{x=-183, y=64, z=18} BlockPos{x=-183, y=63, z=17}
[01Oct2026 00:12:39.701] [Server thread/INFO] [dev.ryanhcode.sable.Sable/]: Saving sub-levels for level 'ServerLevel[Create2024]'/minecraft:overworld
[01Oct2026 00:12:39.729] [Server thread/INFO] [dev.ryanhcode.sable.Sable/]: Saving sub-levels for level 'ServerLevel[Create2024]'/minecraft:the_end
[01Oct2026 00:12:39.730] [Server thread/INFO] [dev.ryanhcode.sable.Sable/]: Saving sub-levels for level 'ServerLevel[Create2024]'/minecraft:the_nether
[01Oct2026 00:12:39.730] [Server thread/DEBUG] [net.neoforged.neoforge.common.CommonHooks/WP]: Gathered mod list to write to world save Create2024
[01Oct2026 00:13:07.610] [Server thread/INFO] [net.minecraft.server.MinecraftServer/]: [MainBlaine: Teleported MainBlaine to -179.680000, 66.000000, 16.940000]
[01Oct2026 00:13:43.140] [Server thread/WARN] [net.minecraft.server.level.ServerPlayerGameMode/]: Mismatch in destroy block pos: BlockPos{x=-182, y=64, z=18} BlockPos{x=-182, y=63, z=16}
[01Oct2026 00:13:57.087] [Server thread/INFO] [net.minecraft.server.MinecraftServer/]: [MainBlaine: Teleported MainBlaine to -179.680000, 66.000000, 16.940000]
[01Oct2026 00:14:09.795] [Server thread/INFO] [net.minecraft.server.MinecraftServer/]: [MainBlaine: Teleported MainBlaine to -179.680000, 66.000000, 16.940000]
[01Oct2026 00:14:26.639] [Server thread/WARN] [net.minecraft.server.level.ServerPlayerGameMode/]: Mismatch in destroy block pos: BlockPos{x=-178, y=66, z=15} BlockPos{x=-182, y=64, z=15}
[01Oct2026 00:14:59.990] [Server thread/INFO] [net.minecraft.server.MinecraftServer/]: [MainBlaine: Teleported MainBlaine to -179.680000, 66.000000, 16.940000]
[01Oct2026 00:15:41.339] [Server thread/WARN] [net.minecraft.server.level.ServerPlayerGameMode/]: Mismatch in destroy block pos: BlockPos{x=-182, y=63, z=16} BlockPos{x=-184, y=60, z=17}
[01Oct2026 00:17:39.707] [Server thread/INFO] [dev.ryanhcode.sable.Sable/]: Saving sub-levels for level 'ServerLevel[Create2024]'/minecraft:overworld
[01Oct2026 00:17:39.743] [Server thread/INFO] [dev.ryanhcode.sable.Sable/]: Saving sub-levels for level 'ServerLevel[Create2024]'/minecraft:the_end
[01Oct2026 00:17:39.743] [Server thread/INFO] [dev.ryanhcode.sable.Sable/]: Saving sub-levels for level 'ServerLevel[Create2024]'/minecraft:the_nether
[01Oct2026 00:17:39.744] [Server thread/DEBUG] [net.neoforged.neoforge.common.CommonHooks/WP]: Gathered mod list to write to world save Create2024
[01Oct2026 00:18:29.424] [Netty Server IO #0/WARN] [io.netty.channel.DefaultChannelPipeline/]: An exceptionCaught() event was fired, and it reached at the tail of the pipeline. It usually means the last handler in the pipeline did not handle the exception.
io.netty.handler.codec.DecoderException: java.io.IOException: Received an invalid packet ID: 254
	at MC-BOOTSTRAP/io.netty.codec@4.1.97.Final/io.netty.handler.codec.MessageToMessageDecoder.channelRead(MessageToMessageDecoder.java:98) ~[netty-codec-4.1.97.Final.jar%23102!/:4.1.97.Final]
	at MC-BOOTSTRAP/io.netty.transport@4.1.97.Final/io.netty.channel.AbstractChannelHandlerContext.invokeChannelRead(AbstractChannelHandlerContext.java:444) ~[netty-transport-4.1.97.Final.jar%23106!/:4.1.97.Final]
	at MC-BOOTSTRAP/io.netty.transport@4.1.97.Final/io.netty.channel.AbstractChannelHandlerContext.invokeChannelRead(AbstractChannelHandlerContext.java:420) ~[netty-transport-4.1.97.Final.jar%23106!/:4.1.97.Final]
	at MC-BOOTSTRAP/io.netty.transport@4.1.97.Final/io.netty.channel.AbstractChannelHandlerContext.fireChannelRead(AbstractChannelHandlerContext.java:412) ~[netty-transport-4.1.97.Final.jar%23106!/:4.1.97.Final]
	at MC-BOOTSTRAP/io.netty.handler@4.1.97.Final/io.netty.handler.flow.FlowControlHandler.dequeue(FlowControlHandler.java:202) ~[netty-handler-4.1.97.Final.jar%23104!/:4.1.97.Final]
	at MC-BOOTSTRAP/io.netty.handler@4.1.97.Final/io.netty.handler.flow.FlowControlHandler.channelRead(FlowControlHandler.java:164) ~[netty-handler-4.1.97.Final.jar%23104!/:4.1.97.Final]
	at MC-BOOTSTRAP/io.netty.transport@4.1.97.Final/io.netty.channel.AbstractChannelHandlerContext.invokeChannelRead(AbstractChannelHandlerContext.java:442) ~[netty-transport-4.1.97.Final.jar%23106!/:4.1.97.Final]
	at MC-BOOTSTRAP/io.netty.transport@4.1.97.Final/io.netty.channel.AbstractChannelHandlerContext.invokeChannelRead(AbstractChannelHandlerContext.java:420) ~[netty-transport-4.1.97.Final.jar%23106!/:4.1.97.Final]
	at MC-BOOTSTRAP/io.netty.transport@4.1.97.Final/io.netty.channel.AbstractChannelHandlerContext.fireChannelRead(AbstractChannelHandlerContext.java:412) ~[netty-transport-4.1.97.Final.jar%23106!/:4.1.97.Final]
	at MC-BOOTSTRAP/io.netty.codec@4.1.97.Final/io.netty.handler.codec.ByteToMessageDecoder.channelRead(ByteToMessageDecoder.java:324) ~[netty-codec-4.1.97.Final.jar%23102!/:4.1.97.Final]
	at MC-BOOTSTRAP/io.netty.transport@4.1.97.Final/io.netty.channel.AbstractChannelHandlerContext.invokeChannelRead(AbstractChannelHandlerContext.java:444) ~[netty-transport-4.1.97.Final.jar%23106!/:4.1.97.Final]
	at MC-BOOTSTRAP/io.netty.transport@4.1.97.Final/io.netty.channel.AbstractChannelHandlerContext.invokeChannelRead(AbstractChannelHandlerContext.java:420) ~[netty-transport-4.1.97.Final.jar%23106!/:4.1.97.Final]
	at MC-BOOTSTRAP/io.netty.transport@4.1.97.Final/io.netty.channel.AbstractChannelHandlerContext.fireChannelRead(AbstractChannelHandlerContext.java:412) ~[netty-transport-4.1.97.Final.jar%23106!/:4.1.97.Final]
	at MC-BOOTSTRAP/io.netty.transport@4.1.97.Final/io.netty.channel.DefaultChannelPipeline$HeadContext.channelRead(DefaultChannelPipeline.java:1410) ~[netty-transport-4.1.97.Final.jar%23106!/:4.1.97.Final]
	at MC-BOOTSTRAP/io.netty.transport@4.1.97.Final/io.netty.channel.AbstractChannelHandlerContext.invokeChannelRead(AbstractChannelHandlerContext.java:440) ~[netty-transport-4.1.97.Final.jar%23106!/:4.1.97.Final]
	at MC-BOOTSTRAP/io.netty.transport@4.1.97.Final/io.netty.channel.AbstractChannelHandlerContext.invokeChannelRead(AbstractChannelHandlerContext.java:420) ~[netty-transport-4.1.97.Final.jar%23106!/:4.1.97.Final]
	at MC-BOOTSTRAP/io.netty.transport@4.1.97.Final/io.netty.channel.DefaultChannelPipeline.fireChannelRead(DefaultChannelPipeline.java:919) ~[netty-transport-4.1.97.Final.jar%23106!/:4.1.97.Final]
	at MC-BOOTSTRAP/io.netty.transport@4.1.97.Final/io.netty.channel.nio.AbstractNioMessageChannel$NioMessageUnsafe.read(AbstractNioMessageChannel.java:97) ~[netty-transport-4.1.97.Final.jar%23106!/:4.1.97.Final]
	at MC-BOOTSTRAP/io.netty.transport@4.1.97.Final/io.netty.channel.nio.NioEventLoop.processSelectedKey(NioEventLoop.java:788) ~[netty-transport-4.1.97.Final.jar%23106!/:4.1.97.Final]
	at MC-BOOTSTRAP/io.netty.transport@4.1.97.Final/io.netty.channel.nio.NioEventLoop.processSelectedKeysOptimized(NioEventLoop.java:724) ~[netty-transport-4.1.97.Final.jar%23106!/:4.1.97.Final]
	at MC-BOOTSTRAP/io.netty.transport@4.1.97.Final/io.netty.channel.nio.NioEventLoop.processSelectedKeys(NioEventLoop.java:650) ~[netty-transport-4.1.97.Final.jar%23106!/:4.1.97.Final]
	at MC-BOOTSTRAP/io.netty.transport@4.1.97.Final/io.netty.channel.nio.NioEventLoop.run(NioEventLoop.java:562) ~[netty-transport-4.1.97.Final.jar%23106!/:4.1.97.Final]
	at MC-BOOTSTRAP/io.netty.common@4.1.97.Final/io.netty.util.concurrent.SingleThreadEventExecutor$4.run(SingleThreadEventExecutor.java:997) ~[netty-common-4.1.97.Final.jar%23103!/:4.1.97.Final]
	at MC-BOOTSTRAP/io.netty.common@4.1.97.Final/io.netty.util.internal.ThreadExecutorMap$2.run(ThreadExecutorMap.java:74) ~[netty-common-4.1.97.Final.jar%23103!/:4.1.97.Final]
	at java.base/java.lang.Thread.run(Thread.java:1583) [?:?]
Caused by: java.io.IOException: Received an invalid packet ID: 254
	at TRANSFORMER/sable@2.0.5/dev.ryanhcode.sable.network.udp.SableUDPPacketDecoder.decode(SableUDPPacketDecoder.java:37) ~[sable-neoforge-1.21.1-2.0.5.jar%23149!/:2.0.5]
	at TRANSFORMER/sable@2.0.5/dev.ryanhcode.sable.network.udp.SableUDPPacketDecoder.decode(SableUDPPacketDecoder.java:14) ~[sable-neoforge-1.21.1-2.0.5.jar%23149!/:2.0.5]
	at MC-BOOTSTRAP/io.netty.codec@4.1.97.Final/io.netty.handler.codec.MessageToMessageDecoder.channelRead(MessageToMessageDecoder.java:88) ~[netty-codec-4.1.97.Final.jar%23102!/:4.1.97.Final]
	... 24 more
[01Oct2026 00:18:29.426] [Netty Server IO #0/ERROR] [dev.ryanhcode.sable.Sable/]: Server UDP channel caught exception
io.netty.handler.codec.DecoderException: java.io.IOException: Received an invalid packet ID: 254
	at MC-BOOTSTRAP/io.netty.codec@4.1.97.Final/io.netty.handler.codec.MessageToMessageDecoder.channelRead(MessageToMessageDecoder.java:98) ~[netty-codec-4.1.97.Final.jar%23102!/:4.1.97.Final]
	at MC-BOOTSTRAP/io.netty.transport@4.1.97.Final/io.netty.channel.AbstractChannelHandlerContext.invokeChannelRead(AbstractChannelHandlerContext.java:444) ~[netty-transport-4.1.97.Final.jar%23106!/:4.1.97.Final]
	at MC-BOOTSTRAP/io.netty.transport@4.1.97.Final/io.netty.channel.AbstractChannelHandlerContext.invokeChannelRead(AbstractChannelHandlerContext.java:420) ~[netty-transport-4.1.97.Final.jar%23106!/:4.1.97.Final]
	at MC-BOOTSTRAP/io.netty.transport@4.1.97.Final/io.netty.channel.AbstractChannelHandlerContext.fireChannelRead(AbstractChannelHandlerContext.java:412) ~[netty-transport-4.1.97.Final.jar%23106!/:4.1.97.Final]
	at MC-BOOTSTRAP/io.netty.handler@4.1.97.Final/io.netty.handler.flow.FlowControlHandler.dequeue(FlowControlHandler.java:202) ~[netty-handler-4.1.97.Final.jar%23104!/:4.1.97.Final]
	at MC-BOOTSTRAP/io.netty.handler@4.1.97.Final/io.netty.handler.flow.FlowControlHandler.channelRead(FlowControlHandler.java:164) ~[netty-handler-4.1.97.Final.jar%23104!/:4.1.97.Final]
	at MC-BOOTSTRAP/io.netty.transport@4.1.97.Final/io.netty.channel.AbstractChannelHandlerContext.invokeChannelRead(AbstractChannelHandlerContext.java:442) ~[netty-transport-4.1.97.Final.jar%23106!/:4.1.97.Final]
	at MC-BOOTSTRAP/io.netty.transport@4.1.97.Final/io.netty.channel.AbstractChannelHandlerContext.invokeChannelRead(AbstractChannelHandlerContext.java:420) ~[netty-transport-4.1.97.Final.jar%23106!/:4.1.97.Final]
	at MC-BOOTSTRAP/io.netty.transport@4.1.97.Final/io.netty.channel.AbstractChannelHandlerContext.fireChannelRead(AbstractChannelHandlerContext.java:412) ~[netty-transport-4.1.97.Final.jar%23106!/:4.1.97.Final]
	at MC-BOOTSTRAP/io.netty.codec@4.1.97.Final/io.netty.handler.codec.ByteToMessageDecoder.channelRead(ByteToMessageDecoder.java:324) ~[netty-codec-4.1.97.Final.jar%23102!/:4.1.97.Final]
	at MC-BOOTSTRAP/io.netty.transport@4.1.97.Final/io.netty.channel.AbstractChannelHandlerContext.invokeChannelRead(AbstractChannelHandlerContext.java:444) ~[netty-transport-4.1.97.Final.jar%23106!/:4.1.97.Final]
	at MC-BOOTSTRAP/io.netty.transport@4.1.97.Final/io.netty.channel.AbstractChannelHandlerContext.invokeChannelRead(AbstractChannelHandlerContext.java:420) ~[netty-transport-4.1.97.Final.jar%23106!/:4.1.97.Final]
	at MC-BOOTSTRAP/io.netty.transport@4.1.97.Final/io.netty.channel.AbstractChannelHandlerContext.fireChannelRead(AbstractChannelHandlerContext.java:412) ~[netty-transport-4.1.97.Final.jar%23106!/:4.1.97.Final]
	at MC-BOOTSTRAP/io.netty.transport@4.1.97.Final/io.netty.channel.DefaultChannelPipeline$HeadContext.channelRead(DefaultChannelPipeline.java:1410) ~[netty-transport-4.1.97.Final.jar%23106!/:4.1.97.Final]
	at MC-BOOTSTRAP/io.netty.transport@4.1.97.Final/io.netty.channel.AbstractChannelHandlerContext.invokeChannelRead(AbstractChannelHandlerContext.java:440) ~[netty-transport-4.1.97.Final.jar%23106!/:4.1.97.Final]
	at MC-BOOTSTRAP/io.netty.transport@4.1.97.Final/io.netty.channel.AbstractChannelHandlerContext.invokeChannelRead(AbstractChannelHandlerContext.java:420) ~[netty-transport-4.1.97.Final.jar%23106!/:4.1.97.Final]
	at MC-BOOTSTRAP/io.netty.transport@4.1.97.Final/io.netty.channel.DefaultChannelPipeline.fireChannelRead(DefaultChannelPipeline.java:919) ~[netty-transport-4.1.97.Final.jar%23106!/:4.1.97.Final]
	at MC-BOOTSTRAP/io.netty.transport@4.1.97.Final/io.netty.channel.nio.AbstractNioMessageChannel$NioMessageUnsafe.read(AbstractNioMessageChannel.java:97) ~[netty-transport-4.1.97.Final.jar%23106!/:4.1.97.Final]
	at MC-BOOTSTRAP/io.netty.transport@4.1.97.Final/io.netty.channel.nio.NioEventLoop.processSelectedKey(NioEventLoop.java:788) ~[netty-transport-4.1.97.Final.jar%23106!/:4.1.97.Final]
	at MC-BOOTSTRAP/io.netty.transport@4.1.97.Final/io.netty.channel.nio.NioEventLoop.processSelectedKeysOptimized(NioEventLoop.java:724) ~[netty-transport-4.1.97.Final.jar%23106!/:4.1.97.Final]
	at MC-BOOTSTRAP/io.netty.transport@4.1.97.Final/io.netty.channel.nio.NioEventLoop.processSelectedKeys(NioEventLoop.java:650) ~[netty-transport-4.1.97.Final.jar%23106!/:4.1.97.Final]
	at MC-BOOTSTRAP/io.netty.transport@4.1.97.Final/io.netty.channel.nio.NioEventLoop.run(NioEventLoop.java:562) ~[netty-transport-4.1.97.Final.jar%23106!/:4.1.97.Final]
	at MC-BOOTSTRAP/io.netty.common@4.1.97.Final/io.netty.util.concurrent.SingleThreadEventExecutor$4.run(SingleThreadEventExecutor.java:997) ~[netty-common-4.1.97.Final.jar%23103!/:4.1.97.Final]
	at MC-BOOTSTRAP/io.netty.common@4.1.97.Final/io.netty.util.internal.ThreadExecutorMap$2.run(ThreadExecutorMap.java:74) ~[netty-common-4.1.97.Final.jar%23103!/:4.1.97.Final]
	at java.base/java.lang.Thread.run(Thread.java:1583) [?:?]
Caused by: java.io.IOException: Received an invalid packet ID: 254
	at TRANSFORMER/sable@2.0.5/dev.ryanhcode.sable.network.udp.SableUDPPacketDecoder.decode(SableUDPPacketDecoder.java:37) ~[sable-neoforge-1.21.1-2.0.5.jar%23149!/:2.0.5]
	at TRANSFORMER/sable@2.0.5/dev.ryanhcode.sable.network.udp.SableUDPPacketDecoder.decode(SableUDPPacketDecoder.java:14) ~[sable-neoforge-1.21.1-2.0.5.jar%23149!/:2.0.5]
	at MC-BOOTSTRAP/io.netty.codec@4.1.97.Final/io.netty.handler.codec.MessageToMessageDecoder.channelRead(MessageToMessageDecoder.java:88) ~[netty-codec-4.1.97.Final.jar%23102!/:4.1.97.Final]
	... 24 more
[01Oct2026 00:18:33.194] [Server thread/INFO] [net.minecraft.server.MinecraftServer/]: [MainBlaine: Teleported MainBlaine to -179.680000, 66.000000, 16.940000]
[01Oct2026 00:19:31.829] [Netty Server IO #45/ERROR] [net.minecraft.network.PacketEncoder/]: Error sending packet clientbound/minecraft:disconnect
io.netty.handler.codec.EncoderException: Sending unknown packet 'clientbound/minecraft:disconnect'
	at TRANSFORMER/minecraft@1.21.1/net.minecraft.network.codec.IdDispatchCodec.encode(IdDispatchCodec.java:47) ~[server-1.21.1-20240808.144430-srg.jar%23133!/:?]
	at TRANSFORMER/minecraft@1.21.1/net.minecraft.network.codec.IdDispatchCodec.encode(IdDispatchCodec.java:14) ~[server-1.21.1-20240808.144430-srg.jar%23133!/:?]
	at TRANSFORMER/minecraft@1.21.1/net.minecraft.network.PacketEncoder.encode(PacketEncoder.java:24) ~[server-1.21.1-20240808.144430-srg.jar%23133!/:?]
	at TRANSFORMER/minecraft@1.21.1/net.minecraft.network.PacketEncoder.encode(PacketEncoder.java:12) ~[server-1.21.1-20240808.144430-srg.jar%23133!/:?]
	at MC-BOOTSTRAP/io.netty.codec@4.1.97.Final/io.netty.handler.codec.MessageToByteEncoder.write(MessageToByteEncoder.java:107) ~[netty-codec-4.1.97.Final.jar%23102!/:4.1.97.Final]
	at MC-BOOTSTRAP/io.netty.transport@4.1.97.Final/io.netty.channel.AbstractChannelHandlerContext.invokeWrite0(AbstractChannelHandlerContext.java:881) ~[netty-transport-4.1.97.Final.jar%23106!/:4.1.97.Final]
	at MC-BOOTSTRAP/io.netty.transport@4.1.97.Final/io.netty.channel.AbstractChannelHandlerContext.invokeWrite(AbstractChannelHandlerContext.java:863) ~[netty-transport-4.1.97.Final.jar%23106!/:4.1.97.Final]
	at MC-BOOTSTRAP/io.netty.transport@4.1.97.Final/io.netty.channel.AbstractChannelHandlerContext.write(AbstractChannelHandlerContext.java:968) ~[netty-transport-4.1.97.Final.jar%23106!/:4.1.97.Final]
	at MC-BOOTSTRAP/io.netty.transport@4.1.97.Final/io.netty.channel.AbstractChannelHandlerContext.write(AbstractChannelHandlerContext.java:856) ~[netty-transport-4.1.97.Final.jar%23106!/:4.1.97.Final]
	at MC-BOOTSTRAP/io.netty.transport@4.1.97.Final/io.netty.channel.ChannelOutboundHandlerAdapter.write(ChannelOutboundHandlerAdapter.java:113) ~[netty-transport-4.1.97.Final.jar%23106!/:4.1.97.Final]
	at TRANSFORMER/minecraft@1.21.1/net.minecraft.network.Connection$2.write(Connection.java:528) ~[server-1.21.1-20240808.144430-srg.jar%23133!/:?]
	at MC-BOOTSTRAP/io.netty.transport@4.1.97.Final/io.netty.channel.AbstractChannelHandlerContext.invokeWrite0(AbstractChannelHandlerContext.java:881) ~[netty-transport-4.1.97.Final.jar%23106!/:4.1.97.Final]
	at MC-BOOTSTRAP/io.netty.transport@4.1.97.Final/io.netty.channel.AbstractChannelHandlerContext.invokeWriteAndFlush(AbstractChannelHandlerContext.java:940) ~[netty-transport-4.1.97.Final.jar%23106!/:4.1.97.Final]
	at MC-BOOTSTRAP/io.netty.transport@4.1.97.Final/io.netty.channel.AbstractChannelHandlerContext.write(AbstractChannelHandlerContext.java:966) ~[netty-transport-4.1.97.Final.jar%23106!/:4.1.97.Final]
	at MC-BOOTSTRAP/io.netty.transport@4.1.97.Final/io.netty.channel.AbstractChannelHandlerContext.writeAndFlush(AbstractChannelHandlerContext.java:934) ~[netty-transport-4.1.97.Final.jar%23106!/:4.1.97.Final]
	at MC-BOOTSTRAP/io.netty.transport@4.1.97.Final/io.netty.channel.AbstractChannelHandlerContext.writeAndFlush(AbstractChannelHandlerContext.java:984) ~[netty-transport-4.1.97.Final.jar%23106!/:4.1.97.Final]
	at MC-BOOTSTRAP/io.netty.transport@4.1.97.Final/io.netty.channel.DefaultChannelPipeline.writeAndFlush(DefaultChannelPipeline.java:1025) ~[netty-transport-4.1.97.Final.jar%23106!/:4.1.97.Final]
	at MC-BOOTSTRAP/io.netty.transport@4.1.97.Final/io.netty.channel.AbstractChannel.writeAndFlush(AbstractChannel.java:306) ~[netty-transport-4.1.97.Final.jar%23106!/:4.1.97.Final]
	at TRANSFORMER/minecraft@1.21.1/net.minecraft.network.Connection.doSendPacket(Connection.java:364) ~[server-1.21.1-20240808.144430-srg.jar%23133!/:?]
	at TRANSFORMER/minecraft@1.21.1/net.minecraft.network.Connection.sendPacket(Connection.java:357) ~[server-1.21.1-20240808.144430-srg.jar%23133!/:?]
	at TRANSFORMER/minecraft@1.21.1/net.minecraft.network.Connection.send(Connection.java:339) ~[server-1.21.1-20240808.144430-srg.jar%23133!/:?]
	at TRANSFORMER/minecraft@1.21.1/net.minecraft.network.Connection.send(Connection.java:333) ~[server-1.21.1-20240808.144430-srg.jar%23133!/:?]
	at TRANSFORMER/minecraft@1.21.1/net.minecraft.network.Connection.exceptionCaught(Connection.java:168) ~[server-1.21.1-20240808.144430-srg.jar%23133!/:?]
	at MC-BOOTSTRAP/io.netty.transport@4.1.97.Final/io.netty.channel.AbstractChannelHandlerContext.invokeExceptionCaught(AbstractChannelHandlerContext.java:346) ~[netty-transport-4.1.97.Final.jar%23106!/:4.1.97.Final]
	at MC-BOOTSTRAP/io.netty.transport@4.1.97.Final/io.netty.channel.AbstractChannelHandlerContext.invokeExceptionCaught(AbstractChannelHandlerContext.java:325) ~[netty-transport-4.1.97.Final.jar%23106!/:4.1.97.Final]
	at MC-BOOTSTRAP/io.netty.transport@4.1.97.Final/io.netty.channel.AbstractChannelHandlerContext.fireExceptionCaught(AbstractChannelHandlerContext.java:317) ~[netty-transport-4.1.97.Final.jar%23106!/:4.1.97.Final]
	at MC-BOOTSTRAP/io.netty.transport@4.1.97.Final/io.netty.channel.DefaultChannelPipeline$HeadContext.exceptionCaught(DefaultChannelPipeline.java:1377) ~[netty-transport-4.1.97.Final.jar%23106!/:4.1.97.Final]
	at MC-BOOTSTRAP/io.netty.transport@4.1.97.Final/io.netty.channel.AbstractChannelHandlerContext.invokeExceptionCaught(AbstractChannelHandlerContext.java:346) ~[netty-transport-4.1.97.Final.jar%23106!/:4.1.97.Final]
	at MC-BOOTSTRAP/io.netty.transport@4.1.97.Final/io.netty.channel.AbstractChannelHandlerContext.invokeExceptionCaught(AbstractChannelHandlerContext.java:325) ~[netty-transport-4.1.97.Final.jar%23106!/:4.1.97.Final]
	at MC-BOOTSTRAP/io.netty.transport@4.1.97.Final/io.netty.channel.DefaultChannelPipeline.fireExceptionCaught(DefaultChannelPipeline.java:907) ~[netty-transport-4.1.97.Final.jar%23106!/:4.1.97.Final]
	at MC-BOOTSTRAP/io.netty.transport@4.1.97.Final/io.netty.channel.nio.AbstractNioByteChannel$NioByteUnsafe.handleReadException(AbstractNioByteChannel.java:125) ~[netty-transport-4.1.97.Final.jar%23106!/:4.1.97.Final]
	at MC-BOOTSTRAP/io.netty.transport@4.1.97.Final/io.netty.channel.nio.AbstractNioByteChannel$NioByteUnsafe.read(AbstractNioByteChannel.java:177) ~[netty-transport-4.1.97.Final.jar%23106!/:4.1.97.Final]
	at MC-BOOTSTRAP/io.netty.transport@4.1.97.Final/io.netty.channel.nio.NioEventLoop.processSelectedKey(NioEventLoop.java:788) ~[netty-transport-4.1.97.Final.jar%23106!/:4.1.97.Final]
	at MC-BOOTSTRAP/io.netty.transport@4.1.97.Final/io.netty.channel.nio.NioEventLoop.processSelectedKeysOptimized(NioEventLoop.java:724) ~[netty-transport-4.1.97.Final.jar%23106!/:4.1.97.Final]
	at MC-BOOTSTRAP/io.netty.transport@4.1.97.Final/io.netty.channel.nio.NioEventLoop.processSelectedKeys(NioEventLoop.java:650) ~[netty-transport-4.1.97.Final.jar%23106!/:4.1.97.Final]
	at MC-BOOTSTRAP/io.netty.transport@4.1.97.Final/io.netty.channel.nio.NioEventLoop.run(NioEventLoop.java:562) ~[netty-transport-4.1.97.Final.jar%23106!/:4.1.97.Final]
	at MC-BOOTSTRAP/io.netty.common@4.1.97.Final/io.netty.util.concurrent.SingleThreadEventExecutor$4.run(SingleThreadEventExecutor.java:997) ~[netty-common-4.1.97.Final.jar%23103!/:4.1.97.Final]
	at MC-BOOTSTRAP/io.netty.common@4.1.97.Final/io.netty.util.internal.ThreadExecutorMap$2.run(ThreadExecutorMap.java:74) ~[netty-common-4.1.97.Final.jar%23103!/:4.1.97.Final]
	at java.base/java.lang.Thread.run(Thread.java:1583) [?:?]
[01Oct2026 00:21:21.113] [Server thread/INFO] [net.minecraft.server.MinecraftServer/]: [MainBlaine: Teleported MainBlaine to -179.680000, 66.000000, 16.940000]
[01Oct2026 00:22:25.291] [Server thread/WARN] [net.minecraft.server.level.ServerPlayerGameMode/]: Mismatch in destroy block pos: BlockPos{x=-186, y=64, z=18} BlockPos{x=-183, y=61, z=20}
[01Oct2026 00:22:39.704] [Server thread/INFO] [dev.ryanhcode.sable.Sable/]: Saving sub-levels for level 'ServerLevel[Create2024]'/minecraft:overworld
[01Oct2026 00:22:39.735] [Server thread/INFO] [dev.ryanhcode.sable.Sable/]: Saving sub-levels for level 'ServerLevel[Create2024]'/minecraft:the_end
[01Oct2026 00:22:39.735] [Server thread/INFO] [dev.ryanhcode.sable.Sable/]: Saving sub-levels for level 'ServerLevel[Create2024]'/minecraft:the_nether
[01Oct2026 00:22:39.735] [Server thread/DEBUG] [net.neoforged.neoforge.common.CommonHooks/WP]: Gathered mod list to write to world save Create2024
[01Oct2026 00:23:14.639] [Server thread/WARN] [net.minecraft.server.level.ServerPlayerGameMode/]: Mismatch in destroy block pos: BlockPos{x=-187, y=62, z=16} BlockPos{x=-189, y=62, z=16}
[01Oct2026 00:27:39.709] [Server thread/INFO] [dev.ryanhcode.sable.Sable/]: Saving sub-levels for level 'ServerLevel[Create2024]'/minecraft:overworld
[01Oct2026 00:27:39.742] [Server thread/INFO] [dev.ryanhcode.sable.Sable/]: Saving sub-levels for level 'ServerLevel[Create2024]'/minecraft:the_end
[01Oct2026 00:27:39.742] [Server thread/INFO] [dev.ryanhcode.sable.Sable/]: Saving sub-levels for level 'ServerLevel[Create2024]'/minecraft:the_nether
[01Oct2026 00:27:39.743] [Server thread/DEBUG] [net.neoforged.neoforge.common.CommonHooks/WP]: Gathered mod list to write to world save Create2024
[01Oct2026 00:31:13.545] [Server thread/WARN] [net.minecraft.server.level.ServerPlayerGameMode/]: Mismatch in destroy block pos: BlockPos{x=-185, y=59, z=18} BlockPos{x=-191, y=62, z=16}
[01Oct2026 00:32:39.707] [Server thread/INFO] [dev.ryanhcode.sable.Sable/]: Saving sub-levels for level 'ServerLevel[Create2024]'/minecraft:overworld
[01Oct2026 00:32:39.742] [Server thread/INFO] [dev.ryanhcode.sable.Sable/]: Saving sub-levels for level 'ServerLevel[Create2024]'/minecraft:the_end
[01Oct2026 00:32:39.742] [Server thread/INFO] [dev.ryanhcode.sable.Sable/]: Saving sub-levels for level 'ServerLevel[Create2024]'/minecraft:the_nether
[01Oct2026 00:32:39.742] [Server thread/DEBUG] [net.neoforged.neoforge.common.CommonHooks/WP]: Gathered mod list to write to world save Create2024
[01Oct2026 00:33:36.979] [Netty Server IO #0/WARN] [io.netty.channel.DefaultChannelPipeline/]: An exceptionCaught() event was fired, and it reached at the tail of the pipeline. It usually means the last handler in the pipeline did not handle the exception.
io.netty.handler.codec.DecoderException: java.io.IOException: Received an invalid packet ID: 254
	at MC-BOOTSTRAP/io.netty.codec@4.1.97.Final/io.netty.handler.codec.MessageToMessageDecoder.channelRead(MessageToMessageDecoder.java:98) ~[netty-codec-4.1.97.Final.jar%23102!/:4.1.97.Final]
	at MC-BOOTSTRAP/io.netty.transport@4.1.97.Final/io.netty.channel.AbstractChannelHandlerContext.invokeChannelRead(AbstractChannelHandlerContext.java:444) ~[netty-transport-4.1.97.Final.jar%23106!/:4.1.97.Final]
	at MC-BOOTSTRAP/io.netty.transport@4.1.97.Final/io.netty.channel.AbstractChannelHandlerContext.invokeChannelRead(AbstractChannelHandlerContext.java:420) ~[netty-transport-4.1.97.Final.jar%23106!/:4.1.97.Final]
	at MC-BOOTSTRAP/io.netty.transport@4.1.97.Final/io.netty.channel.AbstractChannelHandlerContext.fireChannelRead(AbstractChannelHandlerContext.java:412) ~[netty-transport-4.1.97.Final.jar%23106!/:4.1.97.Final]
	at MC-BOOTSTRAP/io.netty.handler@4.1.97.Final/io.netty.handler.flow.FlowControlHandler.dequeue(FlowControlHandler.java:202) ~[netty-handler-4.1.97.Final.jar%23104!/:4.1.97.Final]
	at MC-BOOTSTRAP/io.netty.handler@4.1.97.Final/io.netty.handler.flow.FlowControlHandler.channelRead(FlowControlHandler.java:164) ~[netty-handler-4.1.97.Final.jar%23104!/:4.1.97.Final]
	at MC-BOOTSTRAP/io.netty.transport@4.1.97.Final/io.netty.channel.AbstractChannelHandlerContext.invokeChannelRead(AbstractChannelHandlerContext.java:442) ~[netty-transport-4.1.97.Final.jar%23106!/:4.1.97.Final]
	at MC-BOOTSTRAP/io.netty.transport@4.1.97.Final/io.netty.channel.AbstractChannelHandlerContext.invokeChannelRead(AbstractChannelHandlerContext.java:420) ~[netty-transport-4.1.97.Final.jar%23106!/:4.1.97.Final]
	at MC-BOOTSTRAP/io.netty.transport@4.1.97.Final/io.netty.channel.AbstractChannelHandlerContext.fireChannelRead(AbstractChannelHandlerContext.java:412) ~[netty-transport-4.1.97.Final.jar%23106!/:4.1.97.Final]
	at MC-BOOTSTRAP/io.netty.codec@4.1.97.Final/io.netty.handler.codec.ByteToMessageDecoder.channelRead(ByteToMessageDecoder.java:324) ~[netty-codec-4.1.97.Final.jar%23102!/:4.1.97.Final]
	at MC-BOOTSTRAP/io.netty.transport@4.1.97.Final/io.netty.channel.AbstractChannelHandlerContext.invokeChannelRead(AbstractChannelHandlerContext.java:444) ~[netty-transport-4.1.97.Final.jar%23106!/:4.1.97.Final]
	at MC-BOOTSTRAP/io.netty.transport@4.1.97.Final/io.netty.channel.AbstractChannelHandlerContext.invokeChannelRead(AbstractChannelHandlerContext.java:420) ~[netty-transport-4.1.97.Final.jar%23106!/:4.1.97.Final]
	at MC-BOOTSTRAP/io.netty.transport@4.1.97.Final/io.netty.channel.AbstractChannelHandlerContext.fireChannelRead(AbstractChannelHandlerContext.java:412) ~[netty-transport-4.1.97.Final.jar%23106!/:4.1.97.Final]
	at MC-BOOTSTRAP/io.netty.transport@4.1.97.Final/io.netty.channel.DefaultChannelPipeline$HeadContext.channelRead(DefaultChannelPipeline.java:1410) ~[netty-transport-4.1.97.Final.jar%23106!/:4.1.97.Final]
	at MC-BOOTSTRAP/io.netty.transport@4.1.97.Final/io.netty.channel.AbstractChannelHandlerContext.invokeChannelRead(AbstractChannelHandlerContext.java:440) ~[netty-transport-4.1.97.Final.jar%23106!/:4.1.97.Final]
	at MC-BOOTSTRAP/io.netty.transport@4.1.97.Final/io.netty.channel.AbstractChannelHandlerContext.invokeChannelRead(AbstractChannelHandlerContext.java:420) ~[netty-transport-4.1.97.Final.jar%23106!/:4.1.97.Final]
	at MC-BOOTSTRAP/io.netty.transport@4.1.97.Final/io.netty.channel.DefaultChannelPipeline.fireChannelRead(DefaultChannelPipeline.java:919) ~[netty-transport-4.1.97.Final.jar%23106!/:4.1.97.Final]
	at MC-BOOTSTRAP/io.netty.transport@4.1.97.Final/io.netty.channel.nio.AbstractNioMessageChannel$NioMessageUnsafe.read(AbstractNioMessageChannel.java:97) ~[netty-transport-4.1.97.Final.jar%23106!/:4.1.97.Final]
	at MC-BOOTSTRAP/io.netty.transport@4.1.97.Final/io.netty.channel.nio.NioEventLoop.processSelectedKey(NioEventLoop.java:788) ~[netty-transport-4.1.97.Final.jar%23106!/:4.1.97.Final]
	at MC-BOOTSTRAP/io.netty.transport@4.1.97.Final/io.netty.channel.nio.NioEventLoop.processSelectedKeysOptimized(NioEventLoop.java:724) ~[netty-transport-4.1.97.Final.jar%23106!/:4.1.97.Final]
	at MC-BOOTSTRAP/io.netty.transport@4.1.97.Final/io.netty.channel.nio.NioEventLoop.processSelectedKeys(NioEventLoop.java:650) ~[netty-transport-4.1.97.Final.jar%23106!/:4.1.97.Final]
	at MC-BOOTSTRAP/io.netty.transport@4.1.97.Final/io.netty.channel.nio.NioEventLoop.run(NioEventLoop.java:562) ~[netty-transport-4.1.97.Final.jar%23106!/:4.1.97.Final]
	at MC-BOOTSTRAP/io.netty.common@4.1.97.Final/io.netty.util.concurrent.SingleThreadEventExecutor$4.run(SingleThreadEventExecutor.java:997) ~[netty-common-4.1.97.Final.jar%23103!/:4.1.97.Final]
	at MC-BOOTSTRAP/io.netty.common@4.1.97.Final/io.netty.util.internal.ThreadExecutorMap$2.run(ThreadExecutorMap.java:74) ~[netty-common-4.1.97.Final.jar%23103!/:4.1.97.Final]
	at java.base/java.lang.Thread.run(Thread.java:1583) [?:?]
Caused by: java.io.IOException: Received an invalid packet ID: 254
	at TRANSFORMER/sable@2.0.5/dev.ryanhcode.sable.network.udp.SableUDPPacketDecoder.decode(SableUDPPacketDecoder.java:37) ~[sable-neoforge-1.21.1-2.0.5.jar%23149!/:2.0.5]
	at TRANSFORMER/sable@2.0.5/dev.ryanhcode.sable.network.udp.SableUDPPacketDecoder.decode(SableUDPPacketDecoder.java:14) ~[sable-neoforge-1.21.1-2.0.5.jar%23149!/:2.0.5]
	at MC-BOOTSTRAP/io.netty.codec@4.1.97.Final/io.netty.handler.codec.MessageToMessageDecoder.channelRead(MessageToMessageDecoder.java:88) ~[netty-codec-4.1.97.Final.jar%23102!/:4.1.97.Final]
	... 24 more
[01Oct2026 00:33:36.980] [Netty Server IO #0/ERROR] [dev.ryanhcode.sable.Sable/]: Server UDP channel caught exception
io.netty.handler.codec.DecoderException: java.io.IOException: Received an invalid packet ID: 254
	at MC-BOOTSTRAP/io.netty.codec@4.1.97.Final/io.netty.handler.codec.MessageToMessageDecoder.channelRead(MessageToMessageDecoder.java:98) ~[netty-codec-4.1.97.Final.jar%23102!/:4.1.97.Final]
	at MC-BOOTSTRAP/io.netty.transport@4.1.97.Final/io.netty.channel.AbstractChannelHandlerContext.invokeChannelRead(AbstractChannelHandlerContext.java:444) ~[netty-transport-4.1.97.Final.jar%23106!/:4.1.97.Final]
	at MC-BOOTSTRAP/io.netty.transport@4.1.97.Final/io.netty.channel.AbstractChannelHandlerContext.invokeChannelRead(AbstractChannelHandlerContext.java:420) ~[netty-transport-4.1.97.Final.jar%23106!/:4.1.97.Final]
	at MC-BOOTSTRAP/io.netty.transport@4.1.97.Final/io.netty.channel.AbstractChannelHandlerContext.fireChannelRead(AbstractChannelHandlerContext.java:412) ~[netty-transport-4.1.97.Final.jar%23106!/:4.1.97.Final]
	at MC-BOOTSTRAP/io.netty.handler@4.1.97.Final/io.netty.handler.flow.FlowControlHandler.dequeue(FlowControlHandler.java:202) ~[netty-handler-4.1.97.Final.jar%23104!/:4.1.97.Final]
	at MC-BOOTSTRAP/io.netty.handler@4.1.97.Final/io.netty.handler.flow.FlowControlHandler.channelRead(FlowControlHandler.java:164) ~[netty-handler-4.1.97.Final.jar%23104!/:4.1.97.Final]
	at MC-BOOTSTRAP/io.netty.transport@4.1.97.Final/io.netty.channel.AbstractChannelHandlerContext.invokeChannelRead(AbstractChannelHandlerContext.java:442) ~[netty-transport-4.1.97.Final.jar%23106!/:4.1.97.Final]
	at MC-BOOTSTRAP/io.netty.transport@4.1.97.Final/io.netty.channel.AbstractChannelHandlerContext.invokeChannelRead(AbstractChannelHandlerContext.java:420) ~[netty-transport-4.1.97.Final.jar%23106!/:4.1.97.Final]
	at MC-BOOTSTRAP/io.netty.transport@4.1.97.Final/io.netty.channel.AbstractChannelHandlerContext.fireChannelRead(AbstractChannelHandlerContext.java:412) ~[netty-transport-4.1.97.Final.jar%23106!/:4.1.97.Final]
	at MC-BOOTSTRAP/io.netty.codec@4.1.97.Final/io.netty.handler.codec.ByteToMessageDecoder.channelRead(ByteToMessageDecoder.java:324) ~[netty-codec-4.1.97.Final.jar%23102!/:4.1.97.Final]
	at MC-BOOTSTRAP/io.netty.transport@4.1.97.Final/io.netty.channel.AbstractChannelHandlerContext.invokeChannelRead(AbstractChannelHandlerContext.java:444) ~[netty-transport-4.1.97.Final.jar%23106!/:4.1.97.Final]
	at MC-BOOTSTRAP/io.netty.transport@4.1.97.Final/io.netty.channel.AbstractChannelHandlerContext.invokeChannelRead(AbstractChannelHandlerContext.java:420) ~[netty-transport-4.1.97.Final.jar%23106!/:4.1.97.Final]
	at MC-BOOTSTRAP/io.netty.transport@4.1.97.Final/io.netty.channel.AbstractChannelHandlerContext.fireChannelRead(AbstractChannelHandlerContext.java:412) ~[netty-transport-4.1.97.Final.jar%23106!/:4.1.97.Final]
	at MC-BOOTSTRAP/io.netty.transport@4.1.97.Final/io.netty.channel.DefaultChannelPipeline$HeadContext.channelRead(DefaultChannelPipeline.java:1410) ~[netty-transport-4.1.97.Final.jar%23106!/:4.1.97.Final]
	at MC-BOOTSTRAP/io.netty.transport@4.1.97.Final/io.netty.channel.AbstractChannelHandlerContext.invokeChannelRead(AbstractChannelHandlerContext.java:440) ~[netty-transport-4.1.97.Final.jar%23106!/:4.1.97.Final]
	at MC-BOOTSTRAP/io.netty.transport@4.1.97.Final/io.netty.channel.AbstractChannelHandlerContext.invokeChannelRead(AbstractChannelHandlerContext.java:420) ~[netty-transport-4.1.97.Final.jar%23106!/:4.1.97.Final]
	at MC-BOOTSTRAP/io.netty.transport@4.1.97.Final/io.netty.channel.DefaultChannelPipeline.fireChannelRead(DefaultChannelPipeline.java:919) ~[netty-transport-4.1.97.Final.jar%23106!/:4.1.97.Final]
	at MC-BOOTSTRAP/io.netty.transport@4.1.97.Final/io.netty.channel.nio.AbstractNioMessageChannel$NioMessageUnsafe.read(AbstractNioMessageChannel.java:97) ~[netty-transport-4.1.97.Final.jar%23106!/:4.1.97.Final]
	at MC-BOOTSTRAP/io.netty.transport@4.1.97.Final/io.netty.channel.nio.NioEventLoop.processSelectedKey(NioEventLoop.java:788) ~[netty-transport-4.1.97.Final.jar%23106!/:4.1.97.Final]
	at MC-BOOTSTRAP/io.netty.transport@4.1.97.Final/io.netty.channel.nio.NioEventLoop.processSelectedKeysOptimized(NioEventLoop.java:724) ~[netty-transport-4.1.97.Final.jar%23106!/:4.1.97.Final]
	at MC-BOOTSTRAP/io.netty.transport@4.1.97.Final/io.netty.channel.nio.NioEventLoop.processSelectedKeys(NioEventLoop.java:650) ~[netty-transport-4.1.97.Final.jar%23106!/:4.1.97.Final]
	at MC-BOOTSTRAP/io.netty.transport@4.1.97.Final/io.netty.channel.nio.NioEventLoop.run(NioEventLoop.java:562) ~[netty-transport-4.1.97.Final.jar%23106!/:4.1.97.Final]
	at MC-BOOTSTRAP/io.netty.common@4.1.97.Final/io.netty.util.concurrent.SingleThreadEventExecutor$4.run(SingleThreadEventExecutor.java:997) ~[netty-common-4.1.97.Final.jar%23103!/:4.1.97.Final]
	at MC-BOOTSTRAP/io.netty.common@4.1.97.Final/io.netty.util.internal.ThreadExecutorMap$2.run(ThreadExecutorMap.java:74) ~[netty-common-4.1.97.Final.jar%23103!/:4.1.97.Final]
	at java.base/java.lang.Thread.run(Thread.java:1583) [?:?]
Caused by: java.io.IOException: Received an invalid packet ID: 254
	at TRANSFORMER/sable@2.0.5/dev.ryanhcode.sable.network.udp.SableUDPPacketDecoder.decode(SableUDPPacketDecoder.java:37) ~[sable-neoforge-1.21.1-2.0.5.jar%23149!/:2.0.5]
	at TRANSFORMER/sable@2.0.5/dev.ryanhcode.sable.network.udp.SableUDPPacketDecoder.decode(SableUDPPacketDecoder.java:14) ~[sable-neoforge-1.21.1-2.0.5.jar%23149!/:2.0.5]
	at MC-BOOTSTRAP/io.netty.codec@4.1.97.Final/io.netty.handler.codec.MessageToMessageDecoder.channelRead(MessageToMessageDecoder.java:88) ~[netty-codec-4.1.97.Final.jar%23102!/:4.1.97.Final]
	... 24 more
[01Oct2026 00:37:39.708] [Server thread/INFO] [dev.ryanhcode.sable.Sable/]: Saving sub-levels for level 'ServerLevel[Create2024]'/minecraft:overworld
[01Oct2026 00:37:39.737] [Server thread/INFO] [dev.ryanhcode.sable.Sable/]: Saving sub-levels for level 'ServerLevel[Create2024]'/minecraft:the_end
[01Oct2026 00:37:39.738] [Server thread/INFO] [dev.ryanhcode.sable.Sable/]: Saving sub-levels for level 'ServerLevel[Create2024]'/minecraft:the_nether
[01Oct2026 00:37:39.738] [Server thread/DEBUG] [net.neoforged.neoforge.common.CommonHooks/WP]: Gathered mod list to write to world save Create2024
[01Oct2026 00:39:38.740] [Server thread/WARN] [net.minecraft.server.level.ServerPlayerGameMode/]: Mismatch in destroy block pos: BlockPos{x=-187, y=62, z=15} BlockPos{x=-187, y=61, z=15}
[01Oct2026 00:42:39.707] [Server thread/INFO] [dev.ryanhcode.sable.Sable/]: Saving sub-levels for level 'ServerLevel[Create2024]'/minecraft:overworld
[01Oct2026 00:42:39.737] [Server thread/INFO] [dev.ryanhcode.sable.Sable/]: Saving sub-levels for level 'ServerLevel[Create2024]'/minecraft:the_end
[01Oct2026 00:42:39.737] [Server thread/INFO] [dev.ryanhcode.sable.Sable/]: Saving sub-levels for level 'ServerLevel[Create2024]'/minecraft:the_nether
[01Oct2026 00:42:39.738] [Server thread/DEBUG] [net.neoforged.neoforge.common.CommonHooks/WP]: Gathered mod list to write to world save Create2024
[01Oct2026 00:47:39.703] [Server thread/INFO] [dev.ryanhcode.sable.Sable/]: Saving sub-levels for level 'ServerLevel[Create2024]'/minecraft:overworld
[01Oct2026 00:47:39.737] [Server thread/INFO] [dev.ryanhcode.sable.Sable/]: Saving sub-levels for level 'ServerLevel[Create2024]'/minecraft:the_end
[01Oct2026 00:47:39.738] [Server thread/INFO] [dev.ryanhcode.sable.Sable/]: Saving sub-levels for level 'ServerLevel[Create2024]'/minecraft:the_nether
[01Oct2026 00:47:39.738] [Server thread/DEBUG] [net.neoforged.neoforge.common.CommonHooks/WP]: Gathered mod list to write to world save Create2024
[01Oct2026 00:48:25.645] [ComputerCraft-Computer-Worker-0/DEBUG] [dan200.computercraft.core.asm.Generator/]: Generating method wrapper for dan200.computercraft.core.apis.handles.WriteHandle$Seekable.seek.
[01Oct2026 00:48:25.647] [ComputerCraft-Computer-Worker-0/DEBUG] [dan200.computercraft.core.asm.Generator/]: Generating method wrapper for dan200.computercraft.core.apis.handles.WriteHandle.flush.
[01Oct2026 00:48:25.648] [ComputerCraft-Computer-Worker-0/DEBUG] [dan200.computercraft.core.asm.Generator/]: Generating method wrapper for dan200.computercraft.core.apis.handles.WriteHandle.write.
[01Oct2026 00:48:25.648] [ComputerCraft-Computer-Worker-0/DEBUG] [dan200.computercraft.core.asm.Generator/]: Generating method wrapper for dan200.computercraft.core.apis.handles.WriteHandle.writeLine.
[01Oct2026 00:48:45.747] [Netty Server IO #0/WARN] [io.netty.channel.DefaultChannelPipeline/]: An exceptionCaught() event was fired, and it reached at the tail of the pipeline. It usually means the last handler in the pipeline did not handle the exception.
io.netty.handler.codec.DecoderException: java.io.IOException: Received an invalid packet ID: 254
	at MC-BOOTSTRAP/io.netty.codec@4.1.97.Final/io.netty.handler.codec.MessageToMessageDecoder.channelRead(MessageToMessageDecoder.java:98) ~[netty-codec-4.1.97.Final.jar%23102!/:4.1.97.Final]
	at MC-BOOTSTRAP/io.netty.transport@4.1.97.Final/io.netty.channel.AbstractChannelHandlerContext.invokeChannelRead(AbstractChannelHandlerContext.java:444) ~[netty-transport-4.1.97.Final.jar%23106!/:4.1.97.Final]
	at MC-BOOTSTRAP/io.netty.transport@4.1.97.Final/io.netty.channel.AbstractChannelHandlerContext.invokeChannelRead(AbstractChannelHandlerContext.java:420) ~[netty-transport-4.1.97.Final.jar%23106!/:4.1.97.Final]
	at MC-BOOTSTRAP/io.netty.transport@4.1.97.Final/io.netty.channel.AbstractChannelHandlerContext.fireChannelRead(AbstractChannelHandlerContext.java:412) ~[netty-transport-4.1.97.Final.jar%23106!/:4.1.97.Final]
	at MC-BOOTSTRAP/io.netty.handler@4.1.97.Final/io.netty.handler.flow.FlowControlHandler.dequeue(FlowControlHandler.java:202) ~[netty-handler-4.1.97.Final.jar%23104!/:4.1.97.Final]
	at MC-BOOTSTRAP/io.netty.handler@4.1.97.Final/io.netty.handler.flow.FlowControlHandler.channelRead(FlowControlHandler.java:164) ~[netty-handler-4.1.97.Final.jar%23104!/:4.1.97.Final]
	at MC-BOOTSTRAP/io.netty.transport@4.1.97.Final/io.netty.channel.AbstractChannelHandlerContext.invokeChannelRead(AbstractChannelHandlerContext.java:442) ~[netty-transport-4.1.97.Final.jar%23106!/:4.1.97.Final]
	at MC-BOOTSTRAP/io.netty.transport@4.1.97.Final/io.netty.channel.AbstractChannelHandlerContext.invokeChannelRead(AbstractChannelHandlerContext.java:420) ~[netty-transport-4.1.97.Final.jar%23106!/:4.1.97.Final]
	at MC-BOOTSTRAP/io.netty.transport@4.1.97.Final/io.netty.channel.AbstractChannelHandlerContext.fireChannelRead(AbstractChannelHandlerContext.java:412) ~[netty-transport-4.1.97.Final.jar%23106!/:4.1.97.Final]
	at MC-BOOTSTRAP/io.netty.codec@4.1.97.Final/io.netty.handler.codec.ByteToMessageDecoder.channelRead(ByteToMessageDecoder.java:324) ~[netty-codec-4.1.97.Final.jar%23102!/:4.1.97.Final]
	at MC-BOOTSTRAP/io.netty.transport@4.1.97.Final/io.netty.channel.AbstractChannelHandlerContext.invokeChannelRead(AbstractChannelHandlerContext.java:444) ~[netty-transport-4.1.97.Final.jar%23106!/:4.1.97.Final]
	at MC-BOOTSTRAP/io.netty.transport@4.1.97.Final/io.netty.channel.AbstractChannelHandlerContext.invokeChannelRead(AbstractChannelHandlerContext.java:420) ~[netty-transport-4.1.97.Final.jar%23106!/:4.1.97.Final]
	at MC-BOOTSTRAP/io.netty.transport@4.1.97.Final/io.netty.channel.AbstractChannelHandlerContext.fireChannelRead(AbstractChannelHandlerContext.java:412) ~[netty-transport-4.1.97.Final.jar%23106!/:4.1.97.Final]
	at MC-BOOTSTRAP/io.netty.transport@4.1.97.Final/io.netty.channel.DefaultChannelPipeline$HeadContext.channelRead(DefaultChannelPipeline.java:1410) ~[netty-transport-4.1.97.Final.jar%23106!/:4.1.97.Final]
	at MC-BOOTSTRAP/io.netty.transport@4.1.97.Final/io.netty.channel.AbstractChannelHandlerContext.invokeChannelRead(AbstractChannelHandlerContext.java:440) ~[netty-transport-4.1.97.Final.jar%23106!/:4.1.97.Final]
	at MC-BOOTSTRAP/io.netty.transport@4.1.97.Final/io.netty.channel.AbstractChannelHandlerContext.invokeChannelRead(AbstractChannelHandlerContext.java:420) ~[netty-transport-4.1.97.Final.jar%23106!/:4.1.97.Final]
	at MC-BOOTSTRAP/io.netty.transport@4.1.97.Final/io.netty.channel.DefaultChannelPipeline.fireChannelRead(DefaultChannelPipeline.java:919) ~[netty-transport-4.1.97.Final.jar%23106!/:4.1.97.Final]
	at MC-BOOTSTRAP/io.netty.transport@4.1.97.Final/io.netty.channel.nio.AbstractNioMessageChannel$NioMessageUnsafe.read(AbstractNioMessageChannel.java:97) ~[netty-transport-4.1.97.Final.jar%23106!/:4.1.97.Final]
	at MC-BOOTSTRAP/io.netty.transport@4.1.97.Final/io.netty.channel.nio.NioEventLoop.processSelectedKey(NioEventLoop.java:788) ~[netty-transport-4.1.97.Final.jar%23106!/:4.1.97.Final]
	at MC-BOOTSTRAP/io.netty.transport@4.1.97.Final/io.netty.channel.nio.NioEventLoop.processSelectedKeysOptimized(NioEventLoop.java:724) ~[netty-transport-4.1.97.Final.jar%23106!/:4.1.97.Final]
	at MC-BOOTSTRAP/io.netty.transport@4.1.97.Final/io.netty.channel.nio.NioEventLoop.processSelectedKeys(NioEventLoop.java:650) ~[netty-transport-4.1.97.Final.jar%23106!/:4.1.97.Final]
	at MC-BOOTSTRAP/io.netty.transport@4.1.97.Final/io.netty.channel.nio.NioEventLoop.run(NioEventLoop.java:562) ~[netty-transport-4.1.97.Final.jar%23106!/:4.1.97.Final]
	at MC-BOOTSTRAP/io.netty.common@4.1.97.Final/io.netty.util.concurrent.SingleThreadEventExecutor$4.run(SingleThreadEventExecutor.java:997) ~[netty-common-4.1.97.Final.jar%23103!/:4.1.97.Final]
	at MC-BOOTSTRAP/io.netty.common@4.1.97.Final/io.netty.util.internal.ThreadExecutorMap$2.run(ThreadExecutorMap.java:74) ~[netty-common-4.1.97.Final.jar%23103!/:4.1.97.Final]
	at java.base/java.lang.Thread.run(Thread.java:1583) [?:?]
Caused by: java.io.IOException: Received an invalid packet ID: 254
	at TRANSFORMER/sable@2.0.5/dev.ryanhcode.sable.network.udp.SableUDPPacketDecoder.decode(SableUDPPacketDecoder.java:37) ~[sable-neoforge-1.21.1-2.0.5.jar%23149!/:2.0.5]
	at TRANSFORMER/sable@2.0.5/dev.ryanhcode.sable.network.udp.SableUDPPacketDecoder.decode(SableUDPPacketDecoder.java:14) ~[sable-neoforge-1.21.1-2.0.5.jar%23149!/:2.0.5]
	at MC-BOOTSTRAP/io.netty.codec@4.1.97.Final/io.netty.handler.codec.MessageToMessageDecoder.channelRead(MessageToMessageDecoder.java:88) ~[netty-codec-4.1.97.Final.jar%23102!/:4.1.97.Final]
	... 24 more
[01Oct2026 00:48:45.748] [Netty Server IO #0/ERROR] [dev.ryanhcode.sable.Sable/]: Server UDP channel caught exception
io.netty.handler.codec.DecoderException: java.io.IOException: Received an invalid packet ID: 254
	at MC-BOOTSTRAP/io.netty.codec@4.1.97.Final/io.netty.handler.codec.MessageToMessageDecoder.channelRead(MessageToMessageDecoder.java:98) ~[netty-codec-4.1.97.Final.jar%23102!/:4.1.97.Final]
	at MC-BOOTSTRAP/io.netty.transport@4.1.97.Final/io.netty.channel.AbstractChannelHandlerContext.invokeChannelRead(AbstractChannelHandlerContext.java:444) ~[netty-transport-4.1.97.Final.jar%23106!/:4.1.97.Final]
	at MC-BOOTSTRAP/io.netty.transport@4.1.97.Final/io.netty.channel.AbstractChannelHandlerContext.invokeChannelRead(AbstractChannelHandlerContext.java:420) ~[netty-transport-4.1.97.Final.jar%23106!/:4.1.97.Final]
	at MC-BOOTSTRAP/io.netty.transport@4.1.97.Final/io.netty.channel.AbstractChannelHandlerContext.fireChannelRead(AbstractChannelHandlerContext.java:412) ~[netty-transport-4.1.97.Final.jar%23106!/:4.1.97.Final]
	at MC-BOOTSTRAP/io.netty.handler@4.1.97.Final/io.netty.handler.flow.FlowControlHandler.dequeue(FlowControlHandler.java:202) ~[netty-handler-4.1.97.Final.jar%23104!/:4.1.97.Final]
	at MC-BOOTSTRAP/io.netty.handler@4.1.97.Final/io.netty.handler.flow.FlowControlHandler.channelRead(FlowControlHandler.java:164) ~[netty-handler-4.1.97.Final.jar%23104!/:4.1.97.Final]
	at MC-BOOTSTRAP/io.netty.transport@4.1.97.Final/io.netty.channel.AbstractChannelHandlerContext.invokeChannelRead(AbstractChannelHandlerContext.java:442) ~[netty-transport-4.1.97.Final.jar%23106!/:4.1.97.Final]
	at MC-BOOTSTRAP/io.netty.transport@4.1.97.Final/io.netty.channel.AbstractChannelHandlerContext.invokeChannelRead(AbstractChannelHandlerContext.java:420) ~[netty-transport-4.1.97.Final.jar%23106!/:4.1.97.Final]
	at MC-BOOTSTRAP/io.netty.transport@4.1.97.Final/io.netty.channel.AbstractChannelHandlerContext.fireChannelRead(AbstractChannelHandlerContext.java:412) ~[netty-transport-4.1.97.Final.jar%23106!/:4.1.97.Final]
	at MC-BOOTSTRAP/io.netty.codec@4.1.97.Final/io.netty.handler.codec.ByteToMessageDecoder.channelRead(ByteToMessageDecoder.java:324) ~[netty-codec-4.1.97.Final.jar%23102!/:4.1.97.Final]
	at MC-BOOTSTRAP/io.netty.transport@4.1.97.Final/io.netty.channel.AbstractChannelHandlerContext.invokeChannelRead(AbstractChannelHandlerContext.java:444) ~[netty-transport-4.1.97.Final.jar%23106!/:4.1.97.Final]
	at MC-BOOTSTRAP/io.netty.transport@4.1.97.Final/io.netty.channel.AbstractChannelHandlerContext.invokeChannelRead(AbstractChannelHandlerContext.java:420) ~[netty-transport-4.1.97.Final.jar%23106!/:4.1.97.Final]
	at MC-BOOTSTRAP/io.netty.transport@4.1.97.Final/io.netty.channel.AbstractChannelHandlerContext.fireChannelRead(AbstractChannelHandlerContext.java:412) ~[netty-transport-4.1.97.Final.jar%23106!/:4.1.97.Final]
	at MC-BOOTSTRAP/io.netty.transport@4.1.97.Final/io.netty.channel.DefaultChannelPipeline$HeadContext.channelRead(DefaultChannelPipeline.java:1410) ~[netty-transport-4.1.97.Final.jar%23106!/:4.1.97.Final]
	at MC-BOOTSTRAP/io.netty.transport@4.1.97.Final/io.netty.channel.AbstractChannelHandlerContext.invokeChannelRead(AbstractChannelHandlerContext.java:440) ~[netty-transport-4.1.97.Final.jar%23106!/:4.1.97.Final]
	at MC-BOOTSTRAP/io.netty.transport@4.1.97.Final/io.netty.channel.AbstractChannelHandlerContext.invokeChannelRead(AbstractChannelHandlerContext.java:420) ~[netty-transport-4.1.97.Final.jar%23106!/:4.1.97.Final]
	at MC-BOOTSTRAP/io.netty.transport@4.1.97.Final/io.netty.channel.DefaultChannelPipeline.fireChannelRead(DefaultChannelPipeline.java:919) ~[netty-transport-4.1.97.Final.jar%23106!/:4.1.97.Final]
	at MC-BOOTSTRAP/io.netty.transport@4.1.97.Final/io.netty.channel.nio.AbstractNioMessageChannel$NioMessageUnsafe.read(AbstractNioMessageChannel.java:97) ~[netty-transport-4.1.97.Final.jar%23106!/:4.1.97.Final]
	at MC-BOOTSTRAP/io.netty.transport@4.1.97.Final/io.netty.channel.nio.NioEventLoop.processSelectedKey(NioEventLoop.java:788) ~[netty-transport-4.1.97.Final.jar%23106!/:4.1.97.Final]
	at MC-BOOTSTRAP/io.netty.transport@4.1.97.Final/io.netty.channel.nio.NioEventLoop.processSelectedKeysOptimized(NioEventLoop.java:724) ~[netty-transport-4.1.97.Final.jar%23106!/:4.1.97.Final]
	at MC-BOOTSTRAP/io.netty.transport@4.1.97.Final/io.netty.channel.nio.NioEventLoop.processSelectedKeys(NioEventLoop.java:650) ~[netty-transport-4.1.97.Final.jar%23106!/:4.1.97.Final]
	at MC-BOOTSTRAP/io.netty.transport@4.1.97.Final/io.netty.channel.nio.NioEventLoop.run(NioEventLoop.java:562) ~[netty-transport-4.1.97.Final.jar%23106!/:4.1.97.Final]
	at MC-BOOTSTRAP/io.netty.common@4.1.97.Final/io.netty.util.concurrent.SingleThreadEventExecutor$4.run(SingleThreadEventExecutor.java:997) ~[netty-common-4.1.97.Final.jar%23103!/:4.1.97.Final]
	at MC-BOOTSTRAP/io.netty.common@4.1.97.Final/io.netty.util.internal.ThreadExecutorMap$2.run(ThreadExecutorMap.java:74) ~[netty-common-4.1.97.Final.jar%23103!/:4.1.97.Final]
	at java.base/java.lang.Thread.run(Thread.java:1583) [?:?]
Caused by: java.io.IOException: Received an invalid packet ID: 254
	at TRANSFORMER/sable@2.0.5/dev.ryanhcode.sable.network.udp.SableUDPPacketDecoder.decode(SableUDPPacketDecoder.java:37) ~[sable-neoforge-1.21.1-2.0.5.jar%23149!/:2.0.5]
	at TRANSFORMER/sable@2.0.5/dev.ryanhcode.sable.network.udp.SableUDPPacketDecoder.decode(SableUDPPacketDecoder.java:14) ~[sable-neoforge-1.21.1-2.0.5.jar%23149!/:2.0.5]
	at MC-BOOTSTRAP/io.netty.codec@4.1.97.Final/io.netty.handler.codec.MessageToMessageDecoder.channelRead(MessageToMessageDecoder.java:88) ~[netty-codec-4.1.97.Final.jar%23102!/:4.1.97.Final]
	... 24 more
[01Oct2026 00:52:39.706] [Server thread/INFO] [dev.ryanhcode.sable.Sable/]: Saving sub-levels for level 'ServerLevel[Create2024]'/minecraft:overworld
[01Oct2026 00:52:39.740] [Server thread/INFO] [dev.ryanhcode.sable.Sable/]: Saving sub-levels for level 'ServerLevel[Create2024]'/minecraft:the_end
[01Oct2026 00:52:39.741] [Server thread/INFO] [dev.ryanhcode.sable.Sable/]: Saving sub-levels for level 'ServerLevel[Create2024]'/minecraft:the_nether
[01Oct2026 00:52:39.741] [Server thread/DEBUG] [net.neoforged.neoforge.common.CommonHooks/WP]: Gathered mod list to write to world save Create2024
[01Oct2026 00:57:39.706] [Server thread/INFO] [dev.ryanhcode.sable.Sable/]: Saving sub-levels for level 'ServerLevel[Create2024]'/minecraft:overworld
[01Oct2026 00:57:39.739] [Server thread/INFO] [dev.ryanhcode.sable.Sable/]: Saving sub-levels for level 'ServerLevel[Create2024]'/minecraft:the_end
[01Oct2026 00:57:39.739] [Server thread/INFO] [dev.ryanhcode.sable.Sable/]: Saving sub-levels for level 'ServerLevel[Create2024]'/minecraft:the_nether
[01Oct2026 00:57:39.740] [Server thread/DEBUG] [net.neoforged.neoforge.common.CommonHooks/WP]: Gathered mod list to write to world save Create2024
[01Oct2026 00:58:46.337] [Server thread/INFO] [net.minecraft.server.MinecraftServer/]: [MainBlaine: Teleported MainBlaine to -179.680000, 66.000000, 16.940000]
[01Oct2026 00:59:38.351] [Server thread/INFO] [net.minecraft.server.MinecraftServer/]: [MainBlaine: Teleported MainBlaine to -179.680000, 66.000000, 16.940000]
[01Oct2026 00:59:52.691] [Server thread/INFO] [net.minecraft.server.MinecraftServer/]: [MainBlaine: Teleported MainBlaine to -179.680000, 66.000000, 16.940000]
[01Oct2026 01:01:51.850] [Netty Server IO #21/ERROR] [net.minecraft.network.PacketEncoder/]: Error sending packet clientbound/minecraft:disconnect
io.netty.handler.codec.EncoderException: Sending unknown packet 'clientbound/minecraft:disconnect'
	at TRANSFORMER/minecraft@1.21.1/net.minecraft.network.codec.IdDispatchCodec.encode(IdDispatchCodec.java:47) ~[server-1.21.1-20240808.144430-srg.jar%23133!/:?]
	at TRANSFORMER/minecraft@1.21.1/net.minecraft.network.codec.IdDispatchCodec.encode(IdDispatchCodec.java:14) ~[server-1.21.1-20240808.144430-srg.jar%23133!/:?]
	at TRANSFORMER/minecraft@1.21.1/net.minecraft.network.PacketEncoder.encode(PacketEncoder.java:24) ~[server-1.21.1-20240808.144430-srg.jar%23133!/:?]
	at TRANSFORMER/minecraft@1.21.1/net.minecraft.network.PacketEncoder.encode(PacketEncoder.java:12) ~[server-1.21.1-20240808.144430-srg.jar%23133!/:?]
	at MC-BOOTSTRAP/io.netty.codec@4.1.97.Final/io.netty.handler.codec.MessageToByteEncoder.write(MessageToByteEncoder.java:107) ~[netty-codec-4.1.97.Final.jar%23102!/:4.1.97.Final]
	at MC-BOOTSTRAP/io.netty.transport@4.1.97.Final/io.netty.channel.AbstractChannelHandlerContext.invokeWrite0(AbstractChannelHandlerContext.java:881) ~[netty-transport-4.1.97.Final.jar%23106!/:4.1.97.Final]
	at MC-BOOTSTRAP/io.netty.transport@4.1.97.Final/io.netty.channel.AbstractChannelHandlerContext.invokeWrite(AbstractChannelHandlerContext.java:863) ~[netty-transport-4.1.97.Final.jar%23106!/:4.1.97.Final]
	at MC-BOOTSTRAP/io.netty.transport@4.1.97.Final/io.netty.channel.AbstractChannelHandlerContext.write(AbstractChannelHandlerContext.java:968) ~[netty-transport-4.1.97.Final.jar%23106!/:4.1.97.Final]
	at MC-BOOTSTRAP/io.netty.transport@4.1.97.Final/io.netty.channel.AbstractChannelHandlerContext.write(AbstractChannelHandlerContext.java:856) ~[netty-transport-4.1.97.Final.jar%23106!/:4.1.97.Final]
	at MC-BOOTSTRAP/io.netty.transport@4.1.97.Final/io.netty.channel.ChannelOutboundHandlerAdapter.write(ChannelOutboundHandlerAdapter.java:113) ~[netty-transport-4.1.97.Final.jar%23106!/:4.1.97.Final]
	at TRANSFORMER/minecraft@1.21.1/net.minecraft.network.Connection$2.write(Connection.java:528) ~[server-1.21.1-20240808.144430-srg.jar%23133!/:?]
	at MC-BOOTSTRAP/io.netty.transport@4.1.97.Final/io.netty.channel.AbstractChannelHandlerContext.invokeWrite0(AbstractChannelHandlerContext.java:881) ~[netty-transport-4.1.97.Final.jar%23106!/:4.1.97.Final]
	at MC-BOOTSTRAP/io.netty.transport@4.1.97.Final/io.netty.channel.AbstractChannelHandlerContext.invokeWriteAndFlush(AbstractChannelHandlerContext.java:940) ~[netty-transport-4.1.97.Final.jar%23106!/:4.1.97.Final]
	at MC-BOOTSTRAP/io.netty.transport@4.1.97.Final/io.netty.channel.AbstractChannelHandlerContext.write(AbstractChannelHandlerContext.java:966) ~[netty-transport-4.1.97.Final.jar%23106!/:4.1.97.Final]
	at MC-BOOTSTRAP/io.netty.transport@4.1.97.Final/io.netty.channel.AbstractChannelHandlerContext.writeAndFlush(AbstractChannelHandlerContext.java:934) ~[netty-transport-4.1.97.Final.jar%23106!/:4.1.97.Final]
	at MC-BOOTSTRAP/io.netty.transport@4.1.97.Final/io.netty.channel.AbstractChannelHandlerContext.writeAndFlush(AbstractChannelHandlerContext.java:984) ~[netty-transport-4.1.97.Final.jar%23106!/:4.1.97.Final]
	at MC-BOOTSTRAP/io.netty.transport@4.1.97.Final/io.netty.channel.DefaultChannelPipeline.writeAndFlush(DefaultChannelPipeline.java:1025) ~[netty-transport-4.1.97.Final.jar%23106!/:4.1.97.Final]
	at MC-BOOTSTRAP/io.netty.transport@4.1.97.Final/io.netty.channel.AbstractChannel.writeAndFlush(AbstractChannel.java:306) ~[netty-transport-4.1.97.Final.jar%23106!/:4.1.97.Final]
	at TRANSFORMER/minecraft@1.21.1/net.minecraft.network.Connection.doSendPacket(Connection.java:364) ~[server-1.21.1-20240808.144430-srg.jar%23133!/:?]
	at TRANSFORMER/minecraft@1.21.1/net.minecraft.network.Connection.sendPacket(Connection.java:357) ~[server-1.21.1-20240808.144430-srg.jar%23133!/:?]
	at TRANSFORMER/minecraft@1.21.1/net.minecraft.network.Connection.send(Connection.java:339) ~[server-1.21.1-20240808.144430-srg.jar%23133!/:?]
	at TRANSFORMER/minecraft@1.21.1/net.minecraft.network.Connection.send(Connection.java:333) ~[server-1.21.1-20240808.144430-srg.jar%23133!/:?]
	at TRANSFORMER/minecraft@1.21.1/net.minecraft.network.Connection.exceptionCaught(Connection.java:168) ~[server-1.21.1-20240808.144430-srg.jar%23133!/:?]
	at MC-BOOTSTRAP/io.netty.transport@4.1.97.Final/io.netty.channel.AbstractChannelHandlerContext.invokeExceptionCaught(AbstractChannelHandlerContext.java:346) ~[netty-transport-4.1.97.Final.jar%23106!/:4.1.97.Final]
	at MC-BOOTSTRAP/io.netty.transport@4.1.97.Final/io.netty.channel.AbstractChannelHandlerContext.invokeExceptionCaught(AbstractChannelHandlerContext.java:325) ~[netty-transport-4.1.97.Final.jar%23106!/:4.1.97.Final]
	at MC-BOOTSTRAP/io.netty.transport@4.1.97.Final/io.netty.channel.AbstractChannelHandlerContext.fireExceptionCaught(AbstractChannelHandlerContext.java:317) ~[netty-transport-4.1.97.Final.jar%23106!/:4.1.97.Final]
	at MC-BOOTSTRAP/io.netty.transport@4.1.97.Final/io.netty.channel.DefaultChannelPipeline$HeadContext.exceptionCaught(DefaultChannelPipeline.java:1377) ~[netty-transport-4.1.97.Final.jar%23106!/:4.1.97.Final]
	at MC-BOOTSTRAP/io.netty.transport@4.1.97.Final/io.netty.channel.AbstractChannelHandlerContext.invokeExceptionCaught(AbstractChannelHandlerContext.java:346) ~[netty-transport-4.1.97.Final.jar%23106!/:4.1.97.Final]
	at MC-BOOTSTRAP/io.netty.transport@4.1.97.Final/io.netty.channel.AbstractChannelHandlerContext.invokeExceptionCaught(AbstractChannelHandlerContext.java:325) ~[netty-transport-4.1.97.Final.jar%23106!/:4.1.97.Final]
	at MC-BOOTSTRAP/io.netty.transport@4.1.97.Final/io.netty.channel.DefaultChannelPipeline.fireExceptionCaught(DefaultChannelPipeline.java:907) ~[netty-transport-4.1.97.Final.jar%23106!/:4.1.97.Final]
	at MC-BOOTSTRAP/io.netty.transport@4.1.97.Final/io.netty.channel.nio.AbstractNioByteChannel$NioByteUnsafe.handleReadException(AbstractNioByteChannel.java:125) ~[netty-transport-4.1.97.Final.jar%23106!/:4.1.97.Final]
	at MC-BOOTSTRAP/io.netty.transport@4.1.97.Final/io.netty.channel.nio.AbstractNioByteChannel$NioByteUnsafe.read(AbstractNioByteChannel.java:177) ~[netty-transport-4.1.97.Final.jar%23106!/:4.1.97.Final]
	at MC-BOOTSTRAP/io.netty.transport@4.1.97.Final/io.netty.channel.nio.NioEventLoop.processSelectedKey(NioEventLoop.java:788) ~[netty-transport-4.1.97.Final.jar%23106!/:4.1.97.Final]
	at MC-BOOTSTRAP/io.netty.transport@4.1.97.Final/io.netty.channel.nio.NioEventLoop.processSelectedKeysOptimized(NioEventLoop.java:724) ~[netty-transport-4.1.97.Final.jar%23106!/:4.1.97.Final]
	at MC-BOOTSTRAP/io.netty.transport@4.1.97.Final/io.netty.channel.nio.NioEventLoop.processSelectedKeys(NioEventLoop.java:650) ~[netty-transport-4.1.97.Final.jar%23106!/:4.1.97.Final]
	at MC-BOOTSTRAP/io.netty.transport@4.1.97.Final/io.netty.channel.nio.NioEventLoop.run(NioEventLoop.java:562) ~[netty-transport-4.1.97.Final.jar%23106!/:4.1.97.Final]
	at MC-BOOTSTRAP/io.netty.common@4.1.97.Final/io.netty.util.concurrent.SingleThreadEventExecutor$4.run(SingleThreadEventExecutor.java:997) ~[netty-common-4.1.97.Final.jar%23103!/:4.1.97.Final]
	at MC-BOOTSTRAP/io.netty.common@4.1.97.Final/io.netty.util.internal.ThreadExecutorMap$2.run(ThreadExecutorMap.java:74) ~[netty-common-4.1.97.Final.jar%23103!/:4.1.97.Final]
	at java.base/java.lang.Thread.run(Thread.java:1583) [?:?]
[01Oct2026 01:02:39.712] [Server thread/INFO] [dev.ryanhcode.sable.Sable/]: Saving sub-levels for level 'ServerLevel[Create2024]'/minecraft:overworld
[01Oct2026 01:02:39.743] [Server thread/INFO] [dev.ryanhcode.sable.Sable/]: Saving sub-levels for level 'ServerLevel[Create2024]'/minecraft:the_end
[01Oct2026 01:02:39.744] [Server thread/INFO] [dev.ryanhcode.sable.Sable/]: Saving sub-levels for level 'ServerLevel[Create2024]'/minecraft:the_nether
[01Oct2026 01:02:39.744] [Server thread/DEBUG] [net.neoforged.neoforge.common.CommonHooks/WP]: Gathered mod list to write to world save Create2024
[01Oct2026 01:02:42.604] [Server thread/INFO] [net.minecraft.server.MinecraftServer/]: [MainBlaine: Teleported MainBlaine to -179.680000, 66.000000, 16.940000]
[01Oct2026 01:03:40.438] [Server thread/INFO] [net.minecraft.server.MinecraftServer/]: [MainBlaine: Teleported MainBlaine to -179.680000, 66.000000, 16.940000]
[01Oct2026 01:03:53.956] [Netty Server IO #0/WARN] [io.netty.channel.DefaultChannelPipeline/]: An exceptionCaught() event was fired, and it reached at the tail of the pipeline. It usually means the last handler in the pipeline did not handle the exception.
io.netty.handler.codec.DecoderException: java.io.IOException: Received an invalid packet ID: 254
	at MC-BOOTSTRAP/io.netty.codec@4.1.97.Final/io.netty.handler.codec.MessageToMessageDecoder.channelRead(MessageToMessageDecoder.java:98) ~[netty-codec-4.1.97.Final.jar%23102!/:4.1.97.Final]
	at MC-BOOTSTRAP/io.netty.transport@4.1.97.Final/io.netty.channel.AbstractChannelHandlerContext.invokeChannelRead(AbstractChannelHandlerContext.java:444) ~[netty-transport-4.1.97.Final.jar%23106!/:4.1.97.Final]
	at MC-BOOTSTRAP/io.netty.transport@4.1.97.Final/io.netty.channel.AbstractChannelHandlerContext.invokeChannelRead(AbstractChannelHandlerContext.java:420) ~[netty-transport-4.1.97.Final.jar%23106!/:4.1.97.Final]
	at MC-BOOTSTRAP/io.netty.transport@4.1.97.Final/io.netty.channel.AbstractChannelHandlerContext.fireChannelRead(AbstractChannelHandlerContext.java:412) ~[netty-transport-4.1.97.Final.jar%23106!/:4.1.97.Final]
	at MC-BOOTSTRAP/io.netty.handler@4.1.97.Final/io.netty.handler.flow.FlowControlHandler.dequeue(FlowControlHandler.java:202) ~[netty-handler-4.1.97.Final.jar%23104!/:4.1.97.Final]
	at MC-BOOTSTRAP/io.netty.handler@4.1.97.Final/io.netty.handler.flow.FlowControlHandler.channelRead(FlowControlHandler.java:164) ~[netty-handler-4.1.97.Final.jar%23104!/:4.1.97.Final]
	at MC-BOOTSTRAP/io.netty.transport@4.1.97.Final/io.netty.channel.AbstractChannelHandlerContext.invokeChannelRead(AbstractChannelHandlerContext.java:442) ~[netty-transport-4.1.97.Final.jar%23106!/:4.1.97.Final]
	at MC-BOOTSTRAP/io.netty.transport@4.1.97.Final/io.netty.channel.AbstractChannelHandlerContext.invokeChannelRead(AbstractChannelHandlerContext.java:420) ~[netty-transport-4.1.97.Final.jar%23106!/:4.1.97.Final]
	at MC-BOOTSTRAP/io.netty.transport@4.1.97.Final/io.netty.channel.AbstractChannelHandlerContext.fireChannelRead(AbstractChannelHandlerContext.java:412) ~[netty-transport-4.1.97.Final.jar%23106!/:4.1.97.Final]
	at MC-BOOTSTRAP/io.netty.codec@4.1.97.Final/io.netty.handler.codec.ByteToMessageDecoder.channelRead(ByteToMessageDecoder.java:324) ~[netty-codec-4.1.97.Final.jar%23102!/:4.1.97.Final]
	at MC-BOOTSTRAP/io.netty.transport@4.1.97.Final/io.netty.channel.AbstractChannelHandlerContext.invokeChannelRead(AbstractChannelHandlerContext.java:444) ~[netty-transport-4.1.97.Final.jar%23106!/:4.1.97.Final]
	at MC-BOOTSTRAP/io.netty.transport@4.1.97.Final/io.netty.channel.AbstractChannelHandlerContext.invokeChannelRead(AbstractChannelHandlerContext.java:420) ~[netty-transport-4.1.97.Final.jar%23106!/:4.1.97.Final]
	at MC-BOOTSTRAP/io.netty.transport@4.1.97.Final/io.netty.channel.AbstractChannelHandlerContext.fireChannelRead(AbstractChannelHandlerContext.java:412) ~[netty-transport-4.1.97.Final.jar%23106!/:4.1.97.Final]
	at MC-BOOTSTRAP/io.netty.transport@4.1.97.Final/io.netty.channel.DefaultChannelPipeline$HeadContext.channelRead(DefaultChannelPipeline.java:1410) ~[netty-transport-4.1.97.Final.jar%23106!/:4.1.97.Final]
	at MC-BOOTSTRAP/io.netty.transport@4.1.97.Final/io.netty.channel.AbstractChannelHandlerContext.invokeChannelRead(AbstractChannelHandlerContext.java:440) ~[netty-transport-4.1.97.Final.jar%23106!/:4.1.97.Final]
	at MC-BOOTSTRAP/io.netty.transport@4.1.97.Final/io.netty.channel.AbstractChannelHandlerContext.invokeChannelRead(AbstractChannelHandlerContext.java:420) ~[netty-transport-4.1.97.Final.jar%23106!/:4.1.97.Final]
	at MC-BOOTSTRAP/io.netty.transport@4.1.97.Final/io.netty.channel.DefaultChannelPipeline.fireChannelRead(DefaultChannelPipeline.java:919) ~[netty-transport-4.1.97.Final.jar%23106!/:4.1.97.Final]
	at MC-BOOTSTRAP/io.netty.transport@4.1.97.Final/io.netty.channel.nio.AbstractNioMessageChannel$NioMessageUnsafe.read(AbstractNioMessageChannel.java:97) ~[netty-transport-4.1.97.Final.jar%23106!/:4.1.97.Final]
	at MC-BOOTSTRAP/io.netty.transport@4.1.97.Final/io.netty.channel.nio.NioEventLoop.processSelectedKey(NioEventLoop.java:788) ~[netty-transport-4.1.97.Final.jar%23106!/:4.1.97.Final]
	at MC-BOOTSTRAP/io.netty.transport@4.1.97.Final/io.netty.channel.nio.NioEventLoop.processSelectedKeysOptimized(NioEventLoop.java:724) ~[netty-transport-4.1.97.Final.jar%23106!/:4.1.97.Final]
	at MC-BOOTSTRAP/io.netty.transport@4.1.97.Final/io.netty.channel.nio.NioEventLoop.processSelectedKeys(NioEventLoop.java:650) ~[netty-transport-4.1.97.Final.jar%23106!/:4.1.97.Final]
	at MC-BOOTSTRAP/io.netty.transport@4.1.97.Final/io.netty.channel.nio.NioEventLoop.run(NioEventLoop.java:562) ~[netty-transport-4.1.97.Final.jar%23106!/:4.1.97.Final]
	at MC-BOOTSTRAP/io.netty.common@4.1.97.Final/io.netty.util.concurrent.SingleThreadEventExecutor$4.run(SingleThreadEventExecutor.java:997) ~[netty-common-4.1.97.Final.jar%23103!/:4.1.97.Final]
	at MC-BOOTSTRAP/io.netty.common@4.1.97.Final/io.netty.util.internal.ThreadExecutorMap$2.run(ThreadExecutorMap.java:74) ~[netty-common-4.1.97.Final.jar%23103!/:4.1.97.Final]
	at java.base/java.lang.Thread.run(Thread.java:1583) [?:?]
Caused by: java.io.IOException: Received an invalid packet ID: 254
	at TRANSFORMER/sable@2.0.5/dev.ryanhcode.sable.network.udp.SableUDPPacketDecoder.decode(SableUDPPacketDecoder.java:37) ~[sable-neoforge-1.21.1-2.0.5.jar%23149!/:2.0.5]
	at TRANSFORMER/sable@2.0.5/dev.ryanhcode.sable.network.udp.SableUDPPacketDecoder.decode(SableUDPPacketDecoder.java:14) ~[sable-neoforge-1.21.1-2.0.5.jar%23149!/:2.0.5]
	at MC-BOOTSTRAP/io.netty.codec@4.1.97.Final/io.netty.handler.codec.MessageToMessageDecoder.channelRead(MessageToMessageDecoder.java:88) ~[netty-codec-4.1.97.Final.jar%23102!/:4.1.97.Final]
	... 24 more
[01Oct2026 01:03:53.957] [Netty Server IO #0/ERROR] [dev.ryanhcode.sable.Sable/]: Server UDP channel caught exception
io.netty.handler.codec.DecoderException: java.io.IOException: Received an invalid packet ID: 254
	at MC-BOOTSTRAP/io.netty.codec@4.1.97.Final/io.netty.handler.codec.MessageToMessageDecoder.channelRead(MessageToMessageDecoder.java:98) ~[netty-codec-4.1.97.Final.jar%23102!/:4.1.97.Final]
	at MC-BOOTSTRAP/io.netty.transport@4.1.97.Final/io.netty.channel.AbstractChannelHandlerContext.invokeChannelRead(AbstractChannelHandlerContext.java:444) ~[netty-transport-4.1.97.Final.jar%23106!/:4.1.97.Final]
	at MC-BOOTSTRAP/io.netty.transport@4.1.97.Final/io.netty.channel.AbstractChannelHandlerContext.invokeChannelRead(AbstractChannelHandlerContext.java:420) ~[netty-transport-4.1.97.Final.jar%23106!/:4.1.97.Final]
	at MC-BOOTSTRAP/io.netty.transport@4.1.97.Final/io.netty.channel.AbstractChannelHandlerContext.fireChannelRead(AbstractChannelHandlerContext.java:412) ~[netty-transport-4.1.97.Final.jar%23106!/:4.1.97.Final]
	at MC-BOOTSTRAP/io.netty.handler@4.1.97.Final/io.netty.handler.flow.FlowControlHandler.dequeue(FlowControlHandler.java:202) ~[netty-handler-4.1.97.Final.jar%23104!/:4.1.97.Final]
	at MC-BOOTSTRAP/io.netty.handler@4.1.97.Final/io.netty.handler.flow.FlowControlHandler.channelRead(FlowControlHandler.java:164) ~[netty-handler-4.1.97.Final.jar%23104!/:4.1.97.Final]
	at MC-BOOTSTRAP/io.netty.transport@4.1.97.Final/io.netty.channel.AbstractChannelHandlerContext.invokeChannelRead(AbstractChannelHandlerContext.java:442) ~[netty-transport-4.1.97.Final.jar%23106!/:4.1.97.Final]
	at MC-BOOTSTRAP/io.netty.transport@4.1.97.Final/io.netty.channel.AbstractChannelHandlerContext.invokeChannelRead(AbstractChannelHandlerContext.java:420) ~[netty-transport-4.1.97.Final.jar%23106!/:4.1.97.Final]
	at MC-BOOTSTRAP/io.netty.transport@4.1.97.Final/io.netty.channel.AbstractChannelHandlerContext.fireChannelRead(AbstractChannelHandlerContext.java:412) ~[netty-transport-4.1.97.Final.jar%23106!/:4.1.97.Final]
	at MC-BOOTSTRAP/io.netty.codec@4.1.97.Final/io.netty.handler.codec.ByteToMessageDecoder.channelRead(ByteToMessageDecoder.java:324) ~[netty-codec-4.1.97.Final.jar%23102!/:4.1.97.Final]
	at MC-BOOTSTRAP/io.netty.transport@4.1.97.Final/io.netty.channel.AbstractChannelHandlerContext.invokeChannelRead(AbstractChannelHandlerContext.java:444) ~[netty-transport-4.1.97.Final.jar%23106!/:4.1.97.Final]
	at MC-BOOTSTRAP/io.netty.transport@4.1.97.Final/io.netty.channel.AbstractChannelHandlerContext.invokeChannelRead(AbstractChannelHandlerContext.java:420) ~[netty-transport-4.1.97.Final.jar%23106!/:4.1.97.Final]
	at MC-BOOTSTRAP/io.netty.transport@4.1.97.Final/io.netty.channel.AbstractChannelHandlerContext.fireChannelRead(AbstractChannelHandlerContext.java:412) ~[netty-transport-4.1.97.Final.jar%23106!/:4.1.97.Final]
	at MC-BOOTSTRAP/io.netty.transport@4.1.97.Final/io.netty.channel.DefaultChannelPipeline$HeadContext.channelRead(DefaultChannelPipeline.java:1410) ~[netty-transport-4.1.97.Final.jar%23106!/:4.1.97.Final]
	at MC-BOOTSTRAP/io.netty.transport@4.1.97.Final/io.netty.channel.AbstractChannelHandlerContext.invokeChannelRead(AbstractChannelHandlerContext.java:440) ~[netty-transport-4.1.97.Final.jar%23106!/:4.1.97.Final]
	at MC-BOOTSTRAP/io.netty.transport@4.1.97.Final/io.netty.channel.AbstractChannelHandlerContext.invokeChannelRead(AbstractChannelHandlerContext.java:420) ~[netty-transport-4.1.97.Final.jar%23106!/:4.1.97.Final]
	at MC-BOOTSTRAP/io.netty.transport@4.1.97.Final/io.netty.channel.DefaultChannelPipeline.fireChannelRead(DefaultChannelPipeline.java:919) ~[netty-transport-4.1.97.Final.jar%23106!/:4.1.97.Final]
	at MC-BOOTSTRAP/io.netty.transport@4.1.97.Final/io.netty.channel.nio.AbstractNioMessageChannel$NioMessageUnsafe.read(AbstractNioMessageChannel.java:97) ~[netty-transport-4.1.97.Final.jar%23106!/:4.1.97.Final]
	at MC-BOOTSTRAP/io.netty.transport@4.1.97.Final/io.netty.channel.nio.NioEventLoop.processSelectedKey(NioEventLoop.java:788) ~[netty-transport-4.1.97.Final.jar%23106!/:4.1.97.Final]
	at MC-BOOTSTRAP/io.netty.transport@4.1.97.Final/io.netty.channel.nio.NioEventLoop.processSelectedKeysOptimized(NioEventLoop.java:724) ~[netty-transport-4.1.97.Final.jar%23106!/:4.1.97.Final]
	at MC-BOOTSTRAP/io.netty.transport@4.1.97.Final/io.netty.channel.nio.NioEventLoop.processSelectedKeys(NioEventLoop.java:650) ~[netty-transport-4.1.97.Final.jar%23106!/:4.1.97.Final]
	at MC-BOOTSTRAP/io.netty.transport@4.1.97.Final/io.netty.channel.nio.NioEventLoop.run(NioEventLoop.java:562) ~[netty-transport-4.1.97.Final.jar%23106!/:4.1.97.Final]
	at MC-BOOTSTRAP/io.netty.common@4.1.97.Final/io.netty.util.concurrent.SingleThreadEventExecutor$4.run(SingleThreadEventExecutor.java:997) ~[netty-common-4.1.97.Final.jar%23103!/:4.1.97.Final]
	at MC-BOOTSTRAP/io.netty.common@4.1.97.Final/io.netty.util.internal.ThreadExecutorMap$2.run(ThreadExecutorMap.java:74) ~[netty-common-4.1.97.Final.jar%23103!/:4.1.97.Final]
	at java.base/java.lang.Thread.run(Thread.java:1583) [?:?]
Caused by: java.io.IOException: Received an invalid packet ID: 254
	at TRANSFORMER/sable@2.0.5/dev.ryanhcode.sable.network.udp.SableUDPPacketDecoder.decode(SableUDPPacketDecoder.java:37) ~[sable-neoforge-1.21.1-2.0.5.jar%23149!/:2.0.5]
	at TRANSFORMER/sable@2.0.5/dev.ryanhcode.sable.network.udp.SableUDPPacketDecoder.decode(SableUDPPacketDecoder.java:14) ~[sable-neoforge-1.21.1-2.0.5.jar%23149!/:2.0.5]
	at MC-BOOTSTRAP/io.netty.codec@4.1.97.Final/io.netty.handler.codec.MessageToMessageDecoder.channelRead(MessageToMessageDecoder.java:88) ~[netty-codec-4.1.97.Final.jar%23102!/:4.1.97.Final]
	... 24 more
[01Oct2026 01:07:39.708] [Server thread/INFO] [dev.ryanhcode.sable.Sable/]: Saving sub-levels for level 'ServerLevel[Create2024]'/minecraft:overworld
[01Oct2026 01:07:39.736] [Server thread/INFO] [dev.ryanhcode.sable.Sable/]: Saving sub-levels for level 'ServerLevel[Create2024]'/minecraft:the_end
[01Oct2026 01:07:39.737] [Server thread/INFO] [dev.ryanhcode.sable.Sable/]: Saving sub-levels for level 'ServerLevel[Create2024]'/minecraft:the_nether
[01Oct2026 01:07:39.737] [Server thread/DEBUG] [net.neoforged.neoforge.common.CommonHooks/WP]: Gathered mod list to write to world save Create2024
[01Oct2026 01:12:39.706] [Server thread/INFO] [dev.ryanhcode.sable.Sable/]: Saving sub-levels for level 'ServerLevel[Create2024]'/minecraft:overworld
[01Oct2026 01:12:39.735] [Server thread/INFO] [dev.ryanhcode.sable.Sable/]: Saving sub-levels for level 'ServerLevel[Create2024]'/minecraft:the_end
[01Oct2026 01:12:39.736] [Server thread/INFO] [dev.ryanhcode.sable.Sable/]: Saving sub-levels for level 'ServerLevel[Create2024]'/minecraft:the_nether
[01Oct2026 01:12:39.736] [Server thread/DEBUG] [net.neoforged.neoforge.common.CommonHooks/WP]: Gathered mod list to write to world save Create2024
[01Oct2026 01:13:29.756] [Server thread/INFO] [net.minecraft.server.MinecraftServer/]: [MainBlaine: Teleported MainBlaine to -179.680000, 66.000000, 16.940000]
[01Oct2026 01:15:25.785] [Server thread/DEBUG] [cpw.mods.inventorysorter.InventorySorter/]: Got action SORT slot 25
[01Oct2026 01:15:25.785] [Server thread/DEBUG] [cpw.mods.inventorysorter.InventorySorter/]: Slot mapping {net.minecraft.world.inventory.TransientCraftingContainer@32ae328f=InventoryMapping{i=net.minecraft.world.inventory.TransientCraftingContainer@32ae328f, c=net.minecraft.world.inventory.InventoryMenu@1c77c98e, b=1, e=4}, []=InventoryMapping{i=[], c=net.minecraft.world.inventory.InventoryMenu@1c77c98e, b=36, e=44}, []=InventoryMapping{i=[], c=net.minecraft.world.inventory.InventoryMenu@1c77c98e, b=9, e=35}, net.minecraft.world.inventory.ResultContainer@10d5988d=InventoryMapping{i=net.minecraft.world.inventory.ResultContainer@10d5988d, c=net.minecraft.world.inventory.InventoryMenu@1c77c98e, b=0, e=0}, []=InventoryMapping{i=[], c=net.minecraft.world.inventory.InventoryMenu@1c77c98e, b=45, e=45}}
[01Oct2026 01:15:25.785] [Server thread/DEBUG] [cpw.mods.inventorysorter.InventorySorter/]: Action slot InventoryMapping{i=[], c=net.minecraft.world.inventory.InventoryMenu@1c77c98e, b=9, e=35}
[01Oct2026 01:16:10.636] [Server thread/INFO] [net.minecraft.server.network.ServerGamePacketListenerImpl/]: MainBlaine lost connection: Disconnected
[01Oct2026 01:16:10.637] [Server thread/INFO] [net.minecraft.server.MinecraftServer/]: MainBlaine left the game
[01Oct2026 01:16:10.637] [Server thread/INFO] [DistantHorizons-DistantHorizons-com.seibel.distanthorizons.core.api.internal.ServerApi/]: Player [MainBlaine] disconnected.
[01Oct2026 01:16:17.974] [Server thread/INFO] [net.minecraft.server.MinecraftServer/]: Stopping the server
[01Oct2026 01:16:18.021] [level shutdown/INFO] [DistantHorizons-DistantHorizons-com.seibel.distanthorizons.core.generation.queues.WorldGenerationQueue/]: Closing world gen queue
[01Oct2026 01:16:18.021] [level shutdown/INFO] [DistantHorizons-DistantHorizons-com.seibel.distanthorizons.core.generation.queues.WorldGenerationQueue/]: Closing world gen queue
[01Oct2026 01:16:18.021] [level shutdown/INFO] [DistantHorizons-DistantHorizons-com.seibel.distanthorizons.core.generation.queues.WorldGenerationQueue/]: Closing world gen queue
[01Oct2026 01:16:18.023] [level shutdown/INFO] [DistantHorizons-DistantHorizons-com.seibel.distanthorizons.core.generation.queues.WorldGenerationQueue/]: Closing WorldGenerationQueue...
[01Oct2026 01:16:18.023] [level shutdown/INFO] [DistantHorizons-DistantHorizons-com.seibel.distanthorizons.core.generation.queues.WorldGenerationQueue/]: Closing WorldGenerationQueue...
[01Oct2026 01:16:18.023] [level shutdown/INFO] [DistantHorizons-DistantHorizons-com.seibel.distanthorizons.core.generation.queues.WorldGenerationQueue/]: Closing WorldGenerationQueue...
[01Oct2026 01:16:18.023] [level shutdown/INFO] [DistantHorizons-DistantHorizons-com.seibel.distanthorizons.core.generation.queues.WorldGenerationQueue/]: Shutting down world generator thread pool...
[01Oct2026 01:16:18.023] [level shutdown/INFO] [DistantHorizons-DistantHorizons-com.seibel.distanthorizons.core.generation.queues.WorldGenerationQueue/]: Shutting down world generator thread pool...
[01Oct2026 01:16:18.023] [level shutdown/INFO] [DistantHorizons-DistantHorizons-com.seibel.distanthorizons.core.generation.queues.WorldGenerationQueue/]: Shutting down world generator thread pool...
[01Oct2026 01:16:18.023] [level shutdown/INFO] [DistantHorizons-DistantHorizons-com.seibel.distanthorizons.core.generation.queues.WorldGenerationQueue/]: World generator thread pool shutdown with [0] incomplete tasks.
[01Oct2026 01:16:18.023] [level shutdown/INFO] [DistantHorizons-DistantHorizons-com.seibel.distanthorizons.core.generation.queues.WorldGenerationQueue/]: World generator thread pool shutdown with [0] incomplete tasks.
[01Oct2026 01:16:18.023] [level shutdown/INFO] [DistantHorizons-DistantHorizons-com.seibel.distanthorizons.core.generation.queues.WorldGenerationQueue/]: World generator thread pool shutdown with [0] incomplete tasks.
[01Oct2026 01:16:18.024] [level shutdown/INFO] [DistantHorizons-DistantHorizons-com.seibel.distanthorizons.core.generation.BatchGenerator/]: [BatchGenerator] shutting down...
[01Oct2026 01:16:18.024] [level shutdown/INFO] [DistantHorizons-DistantHorizons-com.seibel.distanthorizons.core.generation.BatchGenerator/]: [BatchGenerator] shutting down...
[01Oct2026 01:16:18.024] [level shutdown/INFO] [DistantHorizons-DistantHorizons-com.seibel.distanthorizons.core.generation.BatchGenerator/]: [BatchGenerator] shutting down...
[01Oct2026 01:16:18.025] [level shutdown/INFO] [DistantHorizons-LOD World Gen/]: Closing [BatchGenerationEnvironment_neoforge]
[01Oct2026 01:16:18.025] [level shutdown/INFO] [DistantHorizons-LOD World Gen/]: Closing [BatchGenerationEnvironment_neoforge]
[01Oct2026 01:16:18.025] [level shutdown/INFO] [DistantHorizons-LOD World Gen/]: Closing [BatchGenerationEnvironment_neoforge]
[01Oct2026 01:16:18.025] [level shutdown/INFO] [DistantHorizons-DistantHorizons-com.seibel.distanthorizons.core.generation.queues.WorldGenerationQueue/]: Finished closing WorldGenerationQueue
[01Oct2026 01:16:18.025] [level shutdown/INFO] [DistantHorizons-DistantHorizons-com.seibel.distanthorizons.core.generation.queues.WorldGenerationQueue/]: Finished closing WorldGenerationQueue
[01Oct2026 01:16:18.025] [level shutdown/INFO] [DistantHorizons-DistantHorizons-com.seibel.distanthorizons.core.generation.queues.WorldGenerationQueue/]: Finished closing WorldGenerationQueue
[01Oct2026 01:16:18.026] [level shutdown/INFO] [DistantHorizons-DistantHorizons-com.seibel.distanthorizons.core.level.AbstractDhServerLevel/]: Closed DHLevel for [Wrapped{ServerLevel[Create2024]@minecraft:the_end}].
[01Oct2026 01:16:18.026] [level shutdown/INFO] [DistantHorizons-DistantHorizons-com.seibel.distanthorizons.core.level.AbstractDhServerLevel/]: Closed DHLevel for [Wrapped{ServerLevel[Create2024]@minecraft:the_nether}].
[01Oct2026 01:16:18.026] [level shutdown/INFO] [DistantHorizons-DistantHorizons-com.seibel.distanthorizons.core.level.AbstractDhServerLevel/]: Closed DHLevel for [Wrapped{ServerLevel[Create2024]@minecraft:overworld}].
[01Oct2026 01:16:18.026] [Server thread/INFO] [DistantHorizons-DistantHorizons-com.seibel.distanthorizons.core.world.AbstractDhWorld/]: Closed DhWorld of type [SERVER_ONLY].
[01Oct2026 01:16:18.026] [Server thread/INFO] [DistantHorizons-DistantHorizons-com.seibel.distanthorizons.core.world.AbstractDhWorld/]: Closed DhWorld of type [SERVER_ONLY].
[01Oct2026 01:16:18.026] [Server thread/INFO] [DistantHorizons-DistantHorizons-com.seibel.distanthorizons.core.util.threading.PriorityTaskPicker/]: Shutting down PriorityTaskPicker thread pool...
[01Oct2026 01:16:18.026] [Server thread/INFO] [DistantHorizons-DistantHorizons-com.seibel.distanthorizons.core.sql.repo.AbstractDhRepo/]: Closing all [3] database connections...
[01Oct2026 01:16:18.026] [Server thread/INFO] [DistantHorizons-DistantHorizons-com.seibel.distanthorizons.core.sql.repo.AbstractDhRepo/]: Closing database connection: [jdbc:dh_sqlite:.\world\data\DistantHorizons.sqlite]
[01Oct2026 01:16:18.041] [Server thread/INFO] [DistantHorizons-DistantHorizons-com.seibel.distanthorizons.core.sql.repo.AbstractDhRepo/]: Closing database connection: [jdbc:dh_sqlite:.\world\DIM1\data\DistantHorizons.sqlite]
[01Oct2026 01:16:18.043] [Server thread/INFO] [DistantHorizons-DistantHorizons-com.seibel.distanthorizons.core.sql.repo.AbstractDhRepo/]: Closing database connection: [jdbc:dh_sqlite:.\world\DIM-1\data\DistantHorizons.sqlite]
[01Oct2026 01:16:18.217] [Server thread/INFO] [net.minecraft.server.MinecraftServer/]: Stopping server
[01Oct2026 01:16:18.219] [Server thread/INFO] [net.minecraft.server.MinecraftServer/]: Saving players
[01Oct2026 01:16:18.219] [Server thread/INFO] [net.minecraft.server.MinecraftServer/]: Saving worlds
[01Oct2026 01:16:18.260] [Server thread/INFO] [net.minecraft.server.MinecraftServer/]: Saving chunks for level 'ServerLevel[Create2024]'/minecraft:overworld
[01Oct2026 01:16:18.260] [Server thread/INFO] [dev.ryanhcode.sable.Sable/]: Saving sub-levels for level 'ServerLevel[Create2024]'/minecraft:overworld
[01Oct2026 01:16:18.346] [Server thread/INFO] [net.minecraft.server.MinecraftServer/]: Saving chunks for level 'ServerLevel[Create2024]'/minecraft:the_end
[01Oct2026 01:16:18.346] [Server thread/INFO] [dev.ryanhcode.sable.Sable/]: Saving sub-levels for level 'ServerLevel[Create2024]'/minecraft:the_end
[01Oct2026 01:16:18.361] [Server thread/INFO] [net.minecraft.server.MinecraftServer/]: Saving chunks for level 'ServerLevel[Create2024]'/minecraft:the_nether
[01Oct2026 01:16:18.361] [Server thread/INFO] [dev.ryanhcode.sable.Sable/]: Saving sub-levels for level 'ServerLevel[Create2024]'/minecraft:the_nether
[01Oct2026 01:16:18.376] [Server thread/DEBUG] [net.neoforged.neoforge.common.CommonHooks/WP]: Gathered mod list to write to world save Create2024
[01Oct2026 01:16:18.379] [Server thread/INFO] [net.minecraft.server.MinecraftServer/]: ThreadedAnvilChunkStorage (world): All chunks are saved
[01Oct2026 01:16:18.380] [Server thread/INFO] [net.minecraft.server.MinecraftServer/]: ThreadedAnvilChunkStorage (DIM1): All chunks are saved
[01Oct2026 01:16:18.380] [Server thread/INFO] [net.minecraft.server.MinecraftServer/]: ThreadedAnvilChunkStorage (DIM-1): All chunks are saved
[01Oct2026 01:16:18.380] [Server thread/INFO] [net.minecraft.server.MinecraftServer/]: ThreadedAnvilChunkStorage: All dimensions are saved
[01Oct2026 01:16:18.381] [Server thread/DEBUG] [com.simibubi.create.Create/]: Removed Redstone Network Space for minecraft:overworld
[01Oct2026 01:16:18.381] [Server thread/DEBUG] [com.simibubi.create.Create/]: Removed Kinetic Network Space for minecraft:overworld
[01Oct2026 01:16:18.440] [Server thread/DEBUG] [com.simibubi.create.Create/]: Removed Redstone Network Space for minecraft:the_end
[01Oct2026 01:16:18.440] [Server thread/DEBUG] [com.simibubi.create.Create/]: Removed Kinetic Network Space for minecraft:the_end
[01Oct2026 01:16:18.441] [Server thread/DEBUG] [com.simibubi.create.Create/]: Removed Redstone Network Space for minecraft:the_nether
[01Oct2026 01:16:18.441] [Server thread/DEBUG] [com.simibubi.create.Create/]: Removed Kinetic Network Space for minecraft:the_nether
[01Oct2026 01:16:19.445] [Server thread/DEBUG] [net.neoforged.fml.config.ConfigTracker/CONFIG]: Unloading configs type SERVER
